74 74 73 73 73 74 74 73 73 74 74 74 74 74 74 74 74 74 74 74 74 74 74 73 73 73 74 74 74 74 74 74 74 74 74 74 74 74 74 74 74 73 73 73 74 74 74 74 74 74 73 74 74 74 74 73 73 74 74 74 74 74 74 74 74 74 74 74 74 74 74 74 74 74 74 74 74 74 74 74 73 73 73 74 74 74 74 74 74 74 74 74 74 74 74 74 74 74 74 74 74 74 74 74 74 74 74 74 74 74 74 74 74 74 74 74 74 74 74 73 73 73 74 74 74 74 74 74 74 74 73 74 74 74 74 74 74 74 74 74 74 74 74 74 74 74 74 74 74 74 74 74 74 74 73 73 74 74 74 74 74 73 73 73 73 74 74 74 73 73 74 74 74 74 74 74 74 74 74 74 74 73 73 73 74 74 74 74 74 74 74 74 74 73 73 74 74 74 74 73 73 73 74 74 74 74 74 74 74 74 74 74 74 74 74 74 74 74 73 73 73 74 74 74 0
74 74 73 73 73 74 74 74 74 74 74 74 74 74 74 74 74 74 74 74 74 74 74 74 74 74 74 74 74 74 74 74 74 74 74 74 74 74 74 74 74 74 74 74 74 74 74 74 74 74 73 74 74 74 74 74 74 74 74 74 74 74 74 74 74 74 74 74 74 74 74 74 74 74 74 74 74 74 74 74 74 74 74 74 74 74 74 74 74 74 74 74 74 74 74 74 74 74 74 74 74 74 74 74 74 74 74 74 74 74 74 74 74 74 74 74 74 74 74 74 74 74 74 74 74 74 74 74 74 74 74 74 74 74 74 74 74 74 74 74 74 74 74 74 74 74 74 74 74 74 74 74 74 74 74 74 74 74 74 74 74 75 75 74 74 74 74 74 74 74 74 74 74 74 74 74 74 74 74 74 74 74 74 74 74 74 74 74 74 74 74 74 74 74 74 74 74 74 74 74 74 74 74 74 74 74 74 74 74 74 74 74 74 74 74 74 74 74 74 74 74 74 74 74 0
74 74 73 73 73 74 74 73 73 74 74 74 74 74 74 74 74 74 74 74 74 74 74 74 73 74 74 74 74 74 74 74 74 74 74 74 74 74 74 74 74 74 74 74 74 74 74 74 74 74 73 74 74 74 74 74 74 74 74 74 74 74 74 74 74 74 74 74 74 74 74 74 74 74 74 74 74 74 74 74 74 74 74 74 74 73 73 74 74 74 74 74 74 74 74 74 74 74 74 74 74 74 74 74 74 74 74 74 74 74 74 74 74 74 74 74 74 74 74 74 74 74 74 74 74 74 74 74 74 73 74 74 74 74 74 74 74 74 74 74 74 74 74 74 74 74 74 74 74 74 74 74 74 74 74 74 74 74 74 74 74 74 74 74 74 74 74 74 74 74 74 74 74 74 74 74 74 74 74 74 74 74 74 74 74 74 74 74 74 74 74 74 74 74 74 74 74 74 74 74 74 74 74 74 74 74 74 74 74 74 74 74 74 74 74 74 74 74 74 74 74 74 74 74 0
74 74 73 73 73 74 74 72 72 74 74 74 74 74 74 74 74 74 74 74 74 74 74 73 72 74 74 74 74 74 74 74 74 74 74 74 74 74 74 74 74 74 74 74 74 74 74 74 74 74 73 74 74 74 74 74 74 74 74 74 74 74 74 74 74 74 74 74 74 74 74 74 74 74 74 74 74 74 74 74 74 74 74 74 74 73 73 74 74 74 74 74 74 74 74 74 74 74 74 74 74 74 74 74 74 74 74 74 74 74 74 74 74 74 74 74 74 74 74 74 74 74 74 74 74 74 74 74 74 73 74 74 74 74 74 74 74 74 74 74 74 74 74 74 74 74 74 74 74 74 74 74 74 74 74 74 74 74 74 74 74 73 73 74 74 74 74 74 74 74 74 74 74 74 74 74 74 74 74 74 74 74 74 74 74 74 74 74 74 74 74 74 74 74 74 74 74 74 73 74 74 74 74 74 74 74 74 74 74 74 74 74 74 74 74 74 74 74 74 74 74 74 74 74 0
72 72 72 72 72 72 72 72 72 72 72 73 74 74 74 74 73 73 74 74 73 72 72 73 73 73 73 73 72 72 74 74 73 73 73 73 73 74 74 72 72 73 73 73 73 73 74 74 72 72 72 73 73 73 73 73 73 73 73 73 73 73 73 73 73 73 73 72 72 73 73 73 73 73 74 74 74 74 74 74 73 73 73 72 72 73 73 73 73 73 74 74 74 74 73 73 73 73 73 72 72 72 72 73 73 73 74 74 74 74 74 74 74 73 73 73 73 73 73 73 73 73 73 73 73 73 74 74 74 73 74 73 73 73 73 73 73 73 74 74 72 72 73 74 74 73 73 73 73 73 73 73 73 73 73 73 73 73 73 74 73 72 72 73 73 72 72 72 73 73 73 73 73 73 73 73 73 74 74 73 73 73 73 73 73 73 74 74 74 74 74 74 74 73 73 73 73 73 72 72 73 73 74 74 74 74 74 73 73 73 73 72 72 72 73 73 73 73 74 74 74 74 74 74 0
73 73 73 73 73 73 73 73 73 73 73 74 74 74 74 74 73 73 74 74 74 73 73 73 73 74 74 74 73 73 74 74 73 73 74 74 74 74 74 73 73 74 74 74 74 74 74 74 73 73 73 74 74 73 73 74 74 74 74 74 74 74 74 74 74 74 74 73 73 74 74 74 74 74 74 74 74 74 74 74 74 74 74 73 73 74 74 74 74 74 74 74 74 74 74 74 74 74 74 73 73 73 73 73 73 73 74 74 74 74 74 74 74 74 74 74 74 74 74 74 74 74 74 74 74 74 74 74 74 73 74 74 74 74 74 74 73 73 74 74 73 73 74 74 74 73 73 74 74 74 74 74 74 74 74 74 74 74 74 74 73 73 73 74 74 73 73 73 74 74 74 74 74 74 74 74 74 74 74 74 74 74 74 74 74 74 74 74 74 74 74 74 74 74 74 74 74 74 73 73 74 74 74 74 74 74 74 74 74 74 74 73 73 73 74 74 73 73 74 74 74 74 74 74 0
73 73 73 73 73 73 73 73 73 73 73 74 74 74 74 74 73 73 74 74 74 73 73 73 73 74 74 74 73 73 74 74 73 73 74 74 74 74 74 73 73 74 74 74 74 74 74 74 73 73 73 74 74 73 73 74 74 74 74 74 74 74 74 74 74 74 74 73 73 74 74 74 74 74 74 74 74 74 74 74 74 74 74 73 73 74 74 74 74 74 74 74 74 74 74 74 74 74 74 73 73 73 73 73 73 73 74 74 74 74 74 74 74 74 74 74 74 74 74 74 74 74 74 74 74 74 74 74 74 73 74 74 74 74 74 74 73 73 74 74 73 73 74 74 74 73 73 74 74 74 74 74 74 74 74 74 74 74 74 74 73 73 73 74 74 73 73 73 74 74 74 74 74 74 74 74 74 74 74 74 74 74 74 74 74 74 74 74 74 74 74 74 74 74 74 74 74 74 73 73 74 74 74 74 74 74 74 74 74 74 74 73 73 73 74 74 73 73 74 74 74 74 74 74 0
74 74 74 74 74 74 74 74 74 74 74 74 74 74 74 74 73 73 74 74 74 74 74 73 73 74 74 74 74 74 74 74 73 73 74 74 74 74 74 74 74 74 74 74 74 74 74 74 74 74 74 74 74 73 73 74 74 74 74 74 74 74 74 74 74 74 74 74 74 74 74 74 74 74 74 74 74 74 74 74 74 74 74 74 74 74 74 74 74 74 74 74 74 74 74 74 74 74 74 74 74 74 74 73 73 73 74 74 74 74 74 74 74 74 74 74 74 74 74 74 74 74 74 74 74 74 74 74 74 73 74 74 74 74 74 74 73 73 74 74 74 74 74 74 74 73 73 74 74 74 74 74 74 74 74 74 74 74 74 74 73 74 74 74 74 74 74 74 74 74 74 74 74 74 74 74 74 74 74 74 74 74 74 74 74 74 74 74 74 74 74 74 74 74 74 74 74 74 74 74 74 74 74 74 74 74 74 74 74 74 74 74 74 74 74 74 73 73 74 74 74 74 74 74 0
74 74 74 74 74 74 74 74 74 74 74 74 74 74 74 74 74 74 74 74 74 74 74 73 73 74 74 74 74 74 74 74 73 74 74 74 74 74 74 74 73 74 74 74 74 74 74 74 74 74 74 74 74 73 73 74 74 74 74 74 74 74 74 74 74 74 74 74 74 74 74 74 74 74 74 74 74 74 74 73 74 74 74 74 74 74 74 74 74 74 74 74 74 74 74 74 74 74 74 74 74 74 74 74 74 74 74 74 74 74 74 74 74 74 74 74 74 74 74 74 74 74 74 74 74 74 74 74 74 74 74 74 74 74 74 74 74 74 74 74 74 74 75 75 74 74 74 74 74 74 74 74 74 74 74 74 74 74 74 74 74 74 74 74 74 74 74 74 74 74 74 74 74 74 74 74 74 74 74 73 73 74 74 74 74 74 74 74 74 74 74 75 74 74 74 74 74 74 74 74 74 74 74 74 74 74 74 74 74 74 74 74 74 74 74 74 74 74 74 74 74 74 74 74 0
74 74 74 74 74 74 74 74 74 74 74 73 73 73 74 74 74 74 74 74 74 74 74 73 73 74 74 74 74 74 74 74 74 74 74 74 74 74 74 74 73 74 74 74 74 74 74 74 74 74 74 74 74 73 73 74 74 74 74 74 74 74 74 74 74 74 74 74 74 74 74 74 74 74 74 74 74 74 73 73 74 74 74 74 74 74 74 74 74 74 74 74 74 74 74 74 74 74 74 74 74 73 73 73 73 73 74 74 74 74 74 74 74 74 74 74 74 74 74 74 74 74 74 74 74 74 74 74 74 74 74 74 74 74 74 74 73 73 74 74 74 74 74 74 74 74 74 74 74 74 74 74 74 74 74 74 74 74 74 74 74 74 74 74 74 73 73 73 74 74 74 74 74 74 74 74 74 74 74 73 73 74 74 74 74 74 74 74 74 74 74 74 74 74 74 74 74 74 73 73 74 74 74 74 74 74 74 74 74 74 74 74 74 74 74 74 73 73 74 74 74 74 74 74 0
73 73 74 74 74 73 73 73 73 74 74 73 72 72 73 73 74 74 73 73 73 73 73 73 73 73 73 73 73 73 73 73 74 74 73 73 73 73 73 74 74 73 73 73 73 73 73 73 74 74 74 73 73 73 73 73 73 73 73 73 73 73 73 73 73 73 73 74 74 74 74 73 73 73 73 73 73 73 72 73 73 73 73 73 73 73 73 73 73 73 73 73 73 73 74 74 74 74 74 73 73 72 72 72 72 72 73 73 73 73 74 74 74 73 73 73 73 73 73 73 73 73 73 73 73 73 74 74 74 73 73 73 73 73 73 73 72 72 73 73 73 73 73 73 74 73 73 73 73 73 73 73 73 73 73 73 73 73 73 74 74 73 73 73 73 72 72 73 74 74 73 73 73 73 73 73 73 73 73 73 73 74 74 74 73 73 73 73 73 73 73 73 74 73 73 73 73 73 72 72 73 73 73 73 73 73 73 74 74 73 73 74 74 74 73 73 72 72 73 73 73 74 74 74 0
73 73 74 74 74 73 74 74 74 74 74 73 72 72 73 73 73 73 73 74 74 74 74 74 74 73 73 73 73 73 73 73 73 73 73 74 74 74 74 74 74 74 74 74 73 73 73 73 74 74 74 74 74 74 73 74 74 73 73 73 73 73 74 74 74 74 74 73 73 73 73 72 72 72 72 72 73 74 73 73 74 74 74 74 74 74 74 74 74 74 74 74 74 74 74 74 73 74 74 73 74 72 72 73 74 74 74 74 73 73 74 73 73 73 74 74 74 74 74 74 74 74 74 74 73 73 73 73 73 73 73 74 74 74 74 74 73 73 73 73 72 72 72 72 73 72 72 74 74 74 74 74 74 74 74 74 73 73 73 74 74 74 74 74 74 73 73 74 74 74 73 73 73 73 73 74 74 74 74 73 73 73 73 73 72 72 72 72 73 74 74 73 73 74 74 73 73 73 73 73 74 74 74 74 73 74 74 73 73 73 73 73 74 73 73 73 74 74 73 73 73 74 74 73 0
73 73 74 74 74 74 74 74 74 74 74 73 73 73 73 73 73 73 74 74 74 74 74 74 74 73 73 73 73 73 73 73 73 73 74 74 74 74 74 74 74 74 74 74 73 73 73 73 74 74 74 74 74 74 73 74 74 73 73 73 73 73 74 74 74 74 74 73 74 73 73 73 73 73 73 73 73 74 73 73 74 74 74 74 74 74 74 74 74 74 74 74 74 74 74 74 73 74 74 73 74 73 73 73 74 74 74 74 73 73 74 73 73 73 74 74 74 74 74 74 74 74 74 74 73 73 73 73 73 73 73 74 74 74 74 74 74 74 73 73 73 73 73 73 73 73 73 74 74 74 74 74 74 74 74 74 73 73 73 74 74 74 74 74 74 74 74 74 74 74 73 73 73 73 73 74 74 74 74 73 73 73 73 73 73 73 73 73 74 74 74 73 73 74 74 73 73 73 74 74 74 74 74 74 73 74 74 73 73 73 73 73 74 73 73 73 74 74 73 73 73 74 74 73 0
73 73 74 74 74 74 74 74 74 74 74 74 74 74 74 74 73 73 74 74 74 74 74 74 74 74 74 74 74 74 74 74 73 73 74 74 74 74 74 74 74 74 74 74 74 74 74 74 74 74 74 74 74 74 73 74 74 74 74 74 74 74 74 74 74 74 74 73 74 73 73 73 73 73 73 73 73 74 74 74 74 74 74 74 74 74 74 74 74 74 74 74 74 74 74 74 73 74 74 73 74 73 73 73 73 73 74 74 74 74 74 74 73 73 74 74 74 74 74 74 74 74 74 74 74 74 74 74 74 73 73 74 74 74 74 74 74 74 74 74 73 73 73 73 73 73 73 74 74 74 74 74 74 74 74 74 74 74 74 74 74 74 74 74 74 74 74 74 74 74 74 74 74 74 74 74 74 74 74 73 73 73 73 73 73 73 73 73 74 74 74 74 74 74 74 74 74 74 74 74 74 74 74 74 73 74 74 73 73 72 72 73 74 73 74 74 74 74 74 74 74 74 74 73 0
73 73 74 74 74 74 73 74 74 74 74 74 74 74 74 74 74 74 74 74 74 74 74 74 74 74 74 74 74 74 74 74 74 74 74 74 74 74 74 74 74 74 74 74 74 74 74 74 74 74 74 74 74 74 73 74 74 74 74 74 74 74 74 74 74 74 74 73 74 74 74 74 74 74 74 74 73 74 74 74 74 74 74 74 74 74 74 74 74 74 74 74 74 74 74 74 73 74 74 73 74 74 74 74 74 74 74 74 74 74 75 74 73 73 74 74 74 74 74 74 74 74 74 74 74 74 74 74 74 73 73 74 74 74 74 74 74 74 74 74 74 74 74 74 74 74 74 74 74 74 74 74 74 74 74 74 74 74 74 74 74 74 74 74 74 74 74 74 74 74 74 74 74 74 74 74 74 74 74 73 73 74 74 74 74 74 74 74 74 74 74 74 74 74 74 74 74 74 74 74 74 74 74 74 73 74 74 73 73 73 73 73 74 73 74 74 74 74 74 74 74 74 74 74 0
74 74 74 74 74 74 74 73 73 74 74 74 74 74 74 74 74 74 74 74 74 73 73 74 74 74 74 73 72 72 74 74 73 73 74 74 74 73 74 74 74 73 73 73 73 73 74 74 74 74 74 74 74 74 74 73 73 74 74 73 72 72 74 74 74 74 74 74 74 73 73 74 74 74 73 73 73 73 74 74 74 74 74 73 73 74 74 74 74 74 74 74 74 74 74 74 73 73 73 74 74 74 74 74 74 74 74 74 74 74 74 74 74 73 73 74 74 74 74 74 74 74 74 74 74 74 74 74 74 74 74 73 73 74 74 74 74 74 74 74 74 74 74 74 74 73 73 73 73 74 74 74 74 74 73 73 73 73 73 73 73 74 74 74 74 73 73 73 73 73 74 74 73 72 73 74 74 74 74 74 74 73 73 73 74 73 74 74 73 73 73 74 74 73 73 73 73 73 74 74 74 74 73 73 73 73 73 74 74 73 73 74 74 74 73 73 74 74 73 73 73 74 74 74 0
74 74 74 74 74 74 74 73 73 74 74 74 74 74 74 74 74 74 74 74 74 73 73 73 73 74 74 74 73 73 74 74 73 73 74 74 74 73 74 74 74 73 73 73 73 73 74 74 74 74 74 74 74 74 74 73 73 74 74 74 73 73 74 74 74 74 74 74 74 73 73 74 74 73 72 72 73 73 74 74 73 73 73 72 72 74 74 74 74 74 73 73 74 74 74 74 73 73 73 74 74 74 74 74 74 74 74 74 74 74 74 74 74 73 73 74 74 73 73 74 74 74 74 74 73 73 74 74 74 74 74 73 73 73 73 73 73 73 74 74 73 73 74 74 73 72 72 73 73 74 74 74 74 74 73 73 73 73 73 73 73 74 74 74 74 73 73 73 73 73 74 74 73 73 73 74 74 74 74 74 74 73 73 73 74 73 73 73 73 73 73 74 74 72 72 73 73 73 74 74 74 74 73 73 73 72 72 74 74 73 73 74 74 74 73 73 74 74 73 73 73 74 74 74 0
74 74 74 74 74 74 74 73 73 74 74 74 74 74 74 74 74 74 74 74 74 74 74 73 73 74 74 74 73 73 74 74 73 73 74 74 74 73 74 74 74 74 74 74 74 74 74 74 74 74 74 74 74 74 74 74 74 74 74 74 73 73 74 74 74 74 74 74 74 74 74 74 74 73 72 72 73 73 74 74 73 73 73 72 72 74 74 74 74 74 73 73 74 74 74 74 74 74 74 74 74 74 74 74 74 74 74 74 74 74 74 74 74 74 74 74 74 72 72 73 74 74 74 74 73 73 74 74 74 74 74 74 74 73 72 72 72 72 74 74 73 73 74 74 73 72 72 74 74 74 74 74 74 74 74 74 74 74 74 74 74 74 74 74 74 74 74 74 74 74 74 74 73 73 73 74 74 74 74 74 74 74 74 74 74 73 72 72 73 73 73 74 74 72 72 73 73 73 74 74 74 74 74 74 73 72 72 74 74 74 74 74 74 74 74 74 74 74 74 74 74 74 74 74 0
74 74 74 74 74 74 74 73 73 74 74 74 74 74 74 74 74 74 74 74 74 74 74 74 74 74 74 74 74 74 74 74 73 73 74 74 74 73 74 74 74 74 74 74 74 74 74 74 74 74 74 74 74 74 74 74 74 74 74 74 74 74 74 74 74 74 74 74 74 74 74 74 74 74 74 74 73 73 74 74 75 75 75 74 74 74 74 74 74 74 75 75 74 74 74 74 74 74 74 74 74 74 74 74 74 74 74 74 74 74 74 74 74 74 74 74 74 73 73 74 74 74 74 74 74 74 74 74 74 74 74 74 74 73 73 73 73 73 74 74 75 75 74 74 74 74 74 74 74 74 74 74 74 74 74 74 74 74 74 74 74 74 74 74 74 74 74 74 74 74 74 74 74 74 74 74 74 74 74 74 74 74 74 74 74 73 73 73 73 73 73 74 74 74 74 73 73 73 74 74 74 74 74 74 74 74 74 74 74 74 74 74 74 74 74 74 74 74 74 74 74 74 74 74 0
74 74 74 74 74 74 74 74 74 73 73 74 74 74 74 73 74 73 74 74 74 74 74 73 73 74 74 74 74 73 74 74 73 73 73 73 73 73 74 74 74 73 73 73 74 74 73 73 74 74 73 74 74 74 74 74 74 74 74 74 74 74 73 73 74 74 74 74 74 74 74 74 74 74 74 74 74 74 74 74 74 74 74 74 74 74 74 74 74 74 74 74 74 74 74 74 74 74 74 74 74 74 74 74 74 74 74 74 74 74 74 74 74 74 74 74 74 74 74 74 74 73 73 74 74 74 74 74 74 73 74 74 74 74 74 74 74 74 73 73 74 74 74 74 74 73 73 74 74 74 74 74 74 74 74 74 74 74 73 74 74 74 74 74 74 74 74 74 74 73 74 74 73 74 75 74 74 74 74 74 74 74 74 74 74 73 74 74 74 74 74 74 74 74 74 74 74 74 74 74 74 74 74 74 74 74 74 74 74 74 74 74 74 74 74 74 74 74 74 74 74 74 74 74 0
74 74 74 74 74 74 74 74 74 73 73 74 74 74 74 73 74 73 74 74 74 74 74 73 73 74 74 74 74 73 74 74 73 73 73 73 73 73 74 74 74 73 73 73 74 74 73 73 74 74 73 74 74 74 74 74 74 74 74 74 74 74 73 73 74 74 74 74 74 74 74 74 74 74 74 74 74 74 74 74 73 72 73 74 74 74 74 74 74 74 74 74 74 74 74 74 74 74 74 74 74 74 74 74 74 74 74 74 74 74 74 74 74 74 74 74 74 74 74 74 74 73 73 74 74 74 74 74 74 73 74 74 74 74 74 74 74 74 73 73 74 74 74 74 74 73 73 72 72 73 74 74 74 74 74 74 74 74 73 74 74 74 74 74 74 74 74 74 74 73 74 74 73 74 73 72 72 74 74 74 74 74 74 74 74 73 74 74 74 74 74 74 74 72 72 73 74 74 74 74 73 73 74 74 74 74 74 74 74 74 74 74 74 74 74 74 74 74 73 73 73 74 74 73 0
74 74 74 74 74 74 74 74 74 73 73 74 74 74 74 73 74 73 74 74 74 74 74 73 73 74 74 74 74 73 74 74 73 73 73 73 73 73 74 74 74 73 73 73 74 74 73 73 74 74 73 74 74 74 74 74 74 74 74 74 74 74 73 73 74 74 74 74 74 74 74 74 74 74 74 74 74 74 74 74 73 72 73 74 74 74 74 74 74 74 74 74 74 74 74 74 74 74 74 74 74 74 74 74 74 74 74 74 74 74 74 74 74 74 74 74 74 74 74 74 74 73 73 74 74 74 74 74 74 73 74 74 74 74 74 74 74 74 73 73 74 74 74 74 74 73 73 72 72 74 74 74 74 74 74 74 74 74 73 74 74 74 74 74 74 74 74 74 74 73 74 74 74 74 73 72 72 74 74 74 74 74 74 74 74 73 74 74 74 74 74 74 74 72 72 74 74 74 74 74 73 73 74 74 74 74 74 74 74 74 74 74 74 74 74 74 74 74 73 73 73 74 74 73 0
74 74 74 74 74 74 74 74 74 73 73 74 74 74 74 73 74 73 74 74 74 74 74 73 73 74 74 74 74 73 74 74 73 73 73 73 73 73 74 74 74 73 73 73 74 74 73 73 74 74 73 74 74 74 74 74 74 74 74 74 74 74 73 73 74 74 74 74 74 74 74 74 74 74 74 74 74 74 74 74 74 74 74 74 74 74 74 74 74 74 74 74 74 74 74 74 74 74 74 74 74 74 74 74 74 74 74 74 74 74 74 74 74 74 74 74 74 74 74 74 74 73 73 74 74 74 74 74 74 73 74 74 74 74 74 74 74 74 73 73 74 74 74 74 74 73 73 74 74 74 74 74 74 74 74 74 74 74 73 74 74 74 74 74 74 74 74 74 74 73 74 74 74 74 73 74 74 74 74 74 74 74 74 74 74 73 74 74 74 74 74 74 74 74 74 74 74 74 74 74 74 74 74 74 74 74 74 74 74 74 74 74 74 74 74 74 74 74 75 75 74 74 74 74 0
74 74 74 74 74 74 74 74 74 74 74 74 74 74 74 74 74 74 74 74 74 74 74 74 74 74 74 74 74 74 74 74 74 73 73 74 74 74 74 74 74 73 73 74 74 74 74 74 74 74 74 74 74 74 74 74 74 74 74 74 74 74 73 73 74 74 74 74 74 74 74 74 74 74 74 74 74 74 73 74 74 74 74 73 73 74 74 74 74 74 74 74 74 74 74 74 74 74 74 74 74 74 74 74 74 74 74 74 74 74 74 74 74 74 74 74 74 74 74 74 74 74 74 74 74 74 74 74 74 74 74 74 74 74 74 74 74 74 74 74 74 74 74 74 74 73 73 74 74 74 74 74 74 74 74 74 74 74 74 74 74 74 74 74 74 74 74 74 74 74 74 74 74 74 74 73 73 74 74 74 74 74 74 74 74 74 74 74 74 74 74 74 74 74 74 73 73 73 74 74 74 74 74 74 74 74 74 74 74 74 74 74 74 74 74 74 74 74 74 74 74 74 74 74 0
73 73 73 73 73 73 73 73 73 74 74 74 74 74 74 74 73 73 74 74 74 73 73 73 73 74 74 74 73 73 73 73 74 73 73 73 73 73 73 73 73 72 73 74 73 73 74 74 73 73 73 73 73 72 72 73 73 73 73 73 73 73 73 73 73 73 73 73 73 73 73 73 73 73 74 74 73 73 73 73 73 74 73 72 72 74 74 73 73 73 73 73 73 73 73 73 73 73 73 72 72 73 73 73 73 73 72 72 73 73 73 73 73 73 73 73 73 72 72 72 72 72 73 73 72 72 73 74 74 73 73 73 73 73 73 73 73 73 73 73 73 73 74 74 74 73 73 73 73 73 73 73 74 74 73 73 73 73 73 74 74 73 73 73 73 72 72 72 73 73 73 73 74 74 74 73 73 73 73 73 73 73 73 73 72 72 73 73 73 73 73 73 73 74 74 73 73 73 72 72 73 73 73 73 73 73 73 73 73 73 73 73 73 73 73 73 74 74 73 72 72 73 73 73 0
73 73 73 73 73 73 73 73 73 73 73 72 72 72 74 74 73 73 73 73 73 73 73 73 73 72 72 72 73 73 73 73 74 73 73 73 73 73 73 73 73 72 73 74 73 73 74 74 73 73 73 73 73 72 72 73 73 73 73 73 73 73 73 73 73 73 73 73 73 73 73 73 73 73 73 73 73 73 72 73 73 73 73 73 73 73 73 73 73 73 73 73 73 73 73 73 73 73 73 72 72 73 73 73 73 73 72 72 73 73 73 73 73 73 73 73 73 72 72 72 72 72 73 73 72 72 73 73 73 73 73 73 73 73 73 72 72 72 72 72 73 73 74 74 74 73 73 73 73 73 73 73 72 72 73 73 73 73 73 74 74 73 73 73 73 72 72 72 73 73 73 73 74 74 74 73 73 73 73 73 73 73 73 73 72 72 73 73 73 73 73 73 73 74 74 73 73 73 72 72 73 73 73 73 73 73 73 73 73 73 73 73 73 73 73 73 73 73 73 72 72 73 73 73 0
72 73 73 73 73 73 73 73 73 73 73 73 73 73 74 74 73 72 73 73 73 72 72 72 73 73 73 73 73 73 73 73 73 73 72 72 73 73 73 73 73 73 73 73 73 73 74 74 73 73 73 72 72 73 73 73 73 72 72 72 73 73 73 73 73 73 73 73 73 73 73 72 72 72 73 73 73 73 72 73 73 73 73 74 74 73 73 72 72 72 72 72 72 72 73 73 72 73 73 73 73 72 72 72 73 73 73 73 73 73 73 73 73 73 73 73 72 73 73 73 73 73 73 73 73 73 73 73 73 72 72 73 73 72 72 73 74 74 74 74 73 73 73 74 74 73 73 73 73 73 73 73 73 73 73 73 73 73 73 74 74 72 73 72 72 73 73 73 73 73 73 73 73 74 74 73 73 73 73 72 72 73 73 73 73 73 73 73 73 73 72 72 72 74 74 73 73 73 73 73 73 73 72 72 73 73 73 73 73 73 73 73 73 73 72 72 73 73 73 73 73 73 73 72 0
73 74 74 74 74 74 74 74 74 73 73 74 74 74 74 74 74 73 73 74 73 72 72 73 74 74 74 74 74 74 74 74 74 74 73 73 74 74 74 74 74 74 74 74 74 74 74 74 74 74 74 73 73 73 73 74 74 73 73 73 74 74 74 74 74 74 74 74 74 74 74 73 73 73 74 74 74 74 72 72 73 74 74 74 74 74 74 73 73 73 73 73 73 73 74 74 73 74 74 74 74 72 72 73 74 74 73 73 74 74 74 74 74 74 74 74 73 74 74 74 74 73 74 74 74 74 74 74 74 73 73 74 74 73 73 73 74 74 74 74 74 74 74 74 74 74 74 74 74 74 74 74 74 74 74 74 74 74 74 74 74 73 74 73 73 74 74 74 74 74 74 74 74 74 74 74 74 74 74 73 73 74 74 74 73 74 74 74 74 74 73 72 72 74 74 74 74 74 74 74 74 74 73 73 74 74 74 74 74 74 74 74 74 74 73 73 74 74 73 73 73 74 74 73 0
73 74 74 74 74 74 74 74 74 74 74 74 74 74 74 74 74 73 73 74 74 73 73 74 74 73 74 74 74 74 74 74 74 74 73 73 73 74 74 74 74 74 74 74 74 74 74 74 74 74 74 74 73 73 73 74 74 74 74 74 74 74 74 74 74 74 74 74 74 73 73 73 73 73 74 74 74 74 73 73 74 74 74 74 74 74 74 74 74 74 74 74 74 74 74 74 73 74 74 74 74 73 73 74 74 73 72 72 74 74 74 74 74 74 74 74 73 74 74 74 74 73 74 74 74 74 74 74 74 73 73 74 74 74 74 74 74 74 74 74 74 74 74 74 74 74 74 74 74 74 74 74 74 74 73 73 74 74 74 74 74 73 74 73 73 74 74 74 74 74 74 74 74 74 74 74 74 74 74 74 74 74 74 74 73 74 74 74 74 74 74 73 73 74 74 74 74 74 74 74 74 74 74 74 74 74 74 74 74 74 74 74 74 74 74 74 74 74 73 73 73 74 74 74 0
73 74 74 74 74 74 74 74 74 74 74 74 74 74 74 74 74 73 73 74 74 73 73 74 73 73 74 74 74 74 74 74 74 74 74 73 73 74 74 74 74 74 74 74 74 74 74 74 74 74 74 74 74 73 73 74 74 74 74 74 74 74 74 74 74 74 74 74 74 74 74 73 73 73 74 74 74 74 73 73 74 74 74 74 74 74 74 74 74 74 74 74 74 74 74 74 73 74 74 74 74 73 73 74 74 74 73 73 74 74 74 74 74 74 74 74 73 74 74 74 74 73 74 74 74 74 74 74 74 73 73 74 74 74 74 74 74 74 74 74 74 74 74 74 74 74 74 74 74 74 74 74 74 74 74 74 74 74 74 74 74 73 74 73 73 74 74 74 74 74 74 74 74 74 74 74 74 74 74 74 74 74 74 74 73 74 74 74 74 74 74 73 73 74 74 74 74 74 74 74 74 74 74 74 74 74 74 74 74 74 74 74 74 74 74 74 74 74 73 73 73 74 74 74 0
73 74 74 74 74 74 74 74 74 74 74 74 74 74 74 74 74 73 73 74 74 74 74 74 73 74 74 74 74 74 74 74 74 74 74 73 73 74 74 74 74 74 74 74 74 74 74 74 74 74 74 74 74 73 73 74 74 74 74 74 74 74 74 74 74 74 74 74 74 74 74 74 74 74 74 74 74 74 74 74 74 74 74 74 74 74 74 74 74 74 74 74 74 74 74 74 73 74 74 74 74 74 74 74 74 74 74 74 74 74 74 74 74 74 74 74 73 74 74 74 74 74 74 74 74 74 74 74 74 73 73 74 74 74 74 74 74 74 74 74 74 74 74 74 74 74 74 74 74 74 74 74 74 74 74 74 74 74 74 74 73 73 74 73 73 74 74 74 74 74 74 74 74 74 74 74 74 74 74 74 74 74 74 74 74 74 74 74 74 74 74 74 74 74 74 74 74 74 74 74 74 74 74 74 74 74 74 74 74 74 74 74 74 74 74 74 74 74 74 74 74 74 74 74 0
74 74 74 73 73 74 74 73 73 73 73 73 75 74 74 74 73 73 73 73 73 73 73 74 74 73 73 73 73 73 74 74 74 74 74 74 74 73 73 73 73 73 73 73 73 73 74 74 74 74 74 73 73 74 74 73 73 73 73 73 73 73 73 73 73 73 73 74 74 74 74 73 73 73 73 73 73 73 73 73 73 74 74 73 73 74 74 73 73 73 74 74 73 73 74 74 74 74 74 73 73 74 74 74 74 74 73 73 74 74 73 73 73 74 74 73 73 74 74 73 73 73 73 73 74 74 74 74 74 73 73 73 73 73 73 73 74 74 73 73 73 73 74 74 74 73 73 74 74 73 73 73 73 73 73 73 74 74 74 74 73 74 74 73 73 74 74 74 73 73 73 73 73 73 73 73 73 74 74 74 74 74 74 74 73 73 73 73 73 73 73 73 73 74 74 73 73 73 74 74 73 73 74 74 74 74 74 74 74 74 74 74 73 73 74 74 74 74 73 73 73 74 74 73 0
74 74 73 73 73 74 74 73 73 73 73 73 74 73 74 74 73 73 73 73 73 73 73 74 74 73 73 73 73 73 74 74 74 74 74 74 74 73 73 73 73 73 73 73 73 73 74 74 74 74 74 73 73 74 74 73 73 73 73 73 73 73 73 73 73 73 73 74 74 74 74 73 73 73 73 73 73 73 73 73 73 74 74 73 73 74 74 73 73 73 74 74 73 73 74 74 74 74 74 73 73 74 74 74 74 74 73 73 74 74 73 73 73 74 74 73 73 74 74 73 73 73 73 73 74 74 74 74 74 73 73 73 73 73 73 73 74 74 73 73 73 73 74 74 74 73 73 74 74 73 73 73 73 73 73 73 74 74 74 74 74 74 74 73 73 74 74 74 73 73 73 73 73 73 73 73 73 74 74 74 74 74 74 74 73 73 73 73 73 73 73 73 73 74 74 73 73 73 74 74 73 73 74 74 74 74 74 74 74 74 74 73 73 73 74 74 74 74 73 73 73 74 74 73 0
74 74 73 73 74 74 74 73 73 72 72 72 74 73 74 74 73 73 73 73 73 73 73 74 74 73 72 72 72 72 74 74 74 74 74 74 74 72 72 73 73 72 72 72 73 73 73 73 74 74 74 73 73 74 74 72 72 72 72 72 72 72 73 73 73 73 73 74 74 74 74 72 72 72 72 72 73 73 72 72 73 74 74 73 73 74 74 73 72 73 74 74 72 72 74 74 74 74 74 72 72 74 74 74 74 73 72 72 74 74 73 72 73 74 74 73 73 74 74 73 72 72 72 72 74 74 74 74 74 73 73 73 73 73 73 73 74 74 72 72 72 72 73 74 73 72 72 74 74 73 72 72 72 72 73 73 73 73 73 74 74 74 74 73 73 74 74 73 72 72 72 72 72 72 72 73 73 74 74 74 74 74 74 74 72 72 72 72 72 72 72 72 72 74 74 73 73 73 74 74 73 73 73 73 73 73 73 74 74 74 74 73 73 74 74 74 74 74 73 72 73 74 74 72 0
74 74 74 74 74 74 74 74 74 73 73 73 74 74 74 74 73 73 74 74 74 74 74 73 73 74 73 73 73 73 74 74 74 74 73 73 73 73 73 74 74 73 73 73 74 74 74 74 73 73 73 74 74 74 74 73 73 73 73 73 73 73 74 74 73 73 73 74 74 74 74 72 72 72 73 73 73 73 73 73 73 73 73 74 74 74 74 73 73 73 74 74 73 73 74 74 74 74 74 73 73 73 73 73 73 73 73 73 74 74 74 73 73 73 73 73 74 74 74 74 73 73 73 73 74 74 74 74 74 73 73 73 73 73 73 73 73 73 73 73 73 73 74 74 74 73 73 73 73 74 73 73 73 73 74 74 74 74 73 73 73 74 74 74 74 74 74 74 73 73 73 73 73 73 73 74 74 74 74 74 74 74 74 74 73 73 73 73 73 73 73 73 73 74 74 74 74 74 74 74 74 74 74 74 74 74 74 74 74 74 74 74 74 74 74 74 73 73 73 73 73 74 74 73 0
74 74 74 74 74 74 74 74 74 74 74 74 74 74 74 74 74 74 74 74 74 74 74 74 74 74 74 74 74 74 74 74 74 74 73 73 73 73 73 74 74 74 74 74 74 74 74 74 73 73 73 74 74 74 74 74 74 74 74 74 74 74 74 74 74 74 74 74 74 74 74 73 73 73 74 74 74 74 74 74 74 74 74 74 74 74 74 74 74 74 74 74 74 74 74 74 74 74 74 74 74 74 74 74 74 74 74 74 74 74 74 74 74 73 73 74 74 74 74 74 74 74 74 74 74 74 74 74 74 74 74 73 73 74 74 74 74 74 74 74 74 74 74 74 74 74 74 73 73 74 74 74 74 74 74 74 74 74 74 73 73 74 74 74 74 74 74 74 74 74 74 74 74 74 74 74 74 74 74 74 74 74 74 74 74 74 74 74 74 74 74 74 74 74 74 74 74 74 74 74 74 74 74 74 74 74 74 74 74 74 74 74 74 74 74 74 74 74 74 74 74 74 74 74 0
74 74 74 74 74 74 74 74 74 74 74 74 74 74 74 74 75 75 74 74 74 74 74 75 75 74 74 74 74 74 74 74 74 74 73 73 73 73 73 74 74 74 74 74 74 74 74 74 73 73 73 74 74 74 74 75 75 74 74 74 75 75 74 74 75 75 75 74 74 74 74 74 74 74 75 75 75 75 75 75 75 75 75 74 74 74 74 75 75 75 74 74 74 74 74 74 74 74 74 74 74 75 75 75 75 75 75 75 74 74 74 74 74 74 74 74 74 74 74 74 74 74 74 74 74 74 74 74 74 75 75 73 73 74 75 75 75 75 74 74 75 75 74 74 74 75 75 73 73 74 74 74 74 74 74 74 74 74 74 74 74 74 74 74 74 74 74 74 74 74 74 74 74 74 74 74 74 74 74 74 74 74 74 74 74 74 74 74 75 75 75 74 74 74 74 74 74 74 74 74 74 74 74 74 74 74 74 74 74 74 74 74 74 74 74 74 75 75 75 75 75 74 74 75 0
74 74 74 74 74 74 74 74 74 74 74 74 74 74 74 74 73 72 75 75 75 75 75 73 72 73 74 75 74 74 74 74 74 74 73 73 73 73 73 74 74 74 74 74 74 74 74 74 73 73 73 74 74 74 74 73 73 74 74 74 73 73 74 74 73 73 73 74 74 74 74 73 73 73 73 73 73 73 73 73 73 73 73 74 74 74 74 73 73 73 74 74 74 74 74 74 74 74 74 74 74 73 73 73 73 73 73 73 74 74 74 74 74 73 73 74 74 74 74 74 74 74 74 74 74 74 74 74 74 73 73 73 73 73 73 73 73 73 74 74 73 73 74 74 74 73 73 73 73 74 74 74 74 74 74 74 74 74 74 73 73 74 74 74 74 74 74 74 74 74 74 74 74 74 74 74 74 74 74 74 74 74 74 74 74 74 74 74 73 73 73 74 74 74 74 74 74 74 74 74 74 74 74 74 74 74 74 74 74 74 74 74 74 74 74 74 73 73 73 73 73 74 74 73 0
74 73 73 74 74 74 74 74 74 74 74 74 74 78 73 71 72 69 79 76 77 77 78 73 69 68 77 80 73 73 73 73 73 73 74 74 73 73 73 74 74 74 74 74 74 74 73 73 74 74 74 74 74 74 74 73 73 74 74 74 73 73 74 74 74 74 74 73 73 73 73 73 73 73 74 74 72 72 73 73 72 72 73 74 74 73 73 74 74 74 74 74 74 74 74 74 74 74 74 74 73 73 73 73 73 73 73 73 73 74 74 74 74 72 72 74 74 74 74 74 74 74 74 74 74 74 73 73 73 73 74 73 73 73 73 73 72 72 74 74 73 73 73 73 73 74 74 73 73 74 74 74 74 74 74 74 73 73 73 72 72 74 74 74 74 74 74 74 74 74 74 74 74 74 74 74 74 74 74 74 74 73 73 73 73 73 74 74 73 72 72 73 73 73 73 74 74 74 73 74 73 73 74 74 74 74 74 74 74 74 74 74 74 74 73 73 74 74 73 72 73 74 74 74 0
74 73 73 74 74 74 74 74 74 74 74 74 74 77 69 70 79 75 77 69 69 69 70 80 84 71 70 76 74 74 73 73 73 73 74 74 73 73 73 74 74 74 74 74 73 73 74 74 74 74 74 74 74 74 74 74 74 74 74 74 74 74 74 74 74 74 74 74 74 74 74 74 74 74 74 74 74 74 74 74 74 74 73 73 73 73 73 74 74 74 74 74 74 74 73 73 74 74 74 74 73 74 74 73 73 73 74 74 73 74 74 74 74 74 73 73 73 74 74 74 74 74 74 74 73 73 74 74 73 73 73 74 74 73 73 73 74 74 74 74 74 74 73 73 73 74 74 73 73 73 73 73 74 74 74 74 74 74 74 74 74 74 74 74 74 74 74 74 74 74 74 74 74 74 74 74 74 74 74 73 73 73 73 73 74 74 74 74 73 74 74 74 74 73 73 74 74 74 73 74 74 74 74 74 74 74 74 73 73 74 74 74 74 74 73 73 74 74 73 74 73 74 74 74 0
72 73 74 74 73 74 74 73 73 74 74 73 73 74 67 72 84 77 79 79 76 74 73 77 90 78 65 69 73 73 73 73 73 73 74 74 73 73 73 73 73 74 74 74 73 73 73 73 74 74 74 74 74 74 74 73 73 74 74 74 73 73 73 73 74 74 74 73 73 74 74 73 73 74 74 74 74 74 73 73 74 74 74 73 73 73 73 74 74 74 74 74 73 73 73 73 74 74 74 73 72 73 73 73 73 74 74 74 73 72 74 73 73 72 73 73 73 74 74 73 73 73 73 73 73 73 73 73 74 73 73 73 73 73 73 73 74 74 74 74 73 73 73 73 73 74 74 73 73 73 73 73 74 74 74 74 73 73 73 74 74 74 74 74 74 74 74 74 74 74 73 73 74 74 74 74 74 73 73 73 73 74 74 74 73 73 74 74 74 74 74 73 73 74 74 73 72 72 73 72 73 73 74 74 73 73 73 73 73 74 74 74 73 73 73 73 74 74 74 74 74 73 73 74 0
73 73 74 74 73 74 74 73 73 73 73 73 73 73 69 71 80 55 51 61 60 60 59 49 52 72 74 66 72 72 73 73 73 73 74 74 73 73 73 73 73 74 74 73 72 72 72 72 73 74 74 74 74 74 74 72 72 73 74 73 72 72 73 73 74 74 73 72 72 73 73 72 72 73 74 74 72 72 72 72 73 73 73 72 72 73 73 73 73 73 73 73 73 73 72 72 73 73 73 73 72 73 73 73 73 73 73 73 73 72 73 73 73 73 74 72 72 74 74 73 73 73 73 73 72 72 72 72 73 74 72 72 72 73 73 73 73 73 74 74 72 72 73 73 73 74 74 73 73 72 72 73 74 74 74 74 72 72 72 72 72 74 74 74 74 74 74 73 72 72 73 73 73 73 73 74 74 73 73 72 72 73 73 73 72 72 74 74 73 72 72 72 72 73 73 73 73 73 73 72 72 72 73 73 73 73 73 72 72 73 73 73 73 73 73 73 74 74 73 73 73 73 73 73 0
73 74 74 74 74 74 74 74 74 74 74 74 74 75 76 73 70 74 81 91 97 103 109 104 85 59 82 72 73 73 74 74 74 74 74 74 74 74 74 74 74 74 74 74 73 73 74 74 74 74 74 74 74 74 74 73 73 73 73 73 74 74 74 74 73 73 73 73 73 74 74 74 74 74 73 73 74 74 74 74 74 74 74 74 74 73 73 74 74 74 74 74 74 74 74 74 73 73 73 74 74 74 74 73 73 73 74 74 73 73 74 74 74 74 74 74 74 74 74 74 74 74 73 73 74 74 74 74 74 74 74 73 73 74 74 74 73 73 73 73 74 74 74 74 74 74 74 74 74 73 73 73 73 73 74 74 74 74 74 74 74 73 73 74 74 74 74 74 73 73 75 75 74 74 74 74 74 74 74 74 74 74 74 74 74 74 73 73 74 74 74 73 73 74 74 74 74 74 74 74 74 74 73 73 73 73 73 74 74 73 73 74 74 74 74 74 73 73 74 74 74 74 74 73 0
72 72 73 73 73 73 73 72 72 73 73 72 72 73 77 73 63 98 127 127 125 123 124 125 127 85 63 76 72 72 72 72 73 73 74 74 74 73 73 73 73 73 73 73 73 73 73 73 73 73 73 72 72 73 73 74 74 73 72 72 72 72 73 73 72 72 72 73 73 73 73 73 73 73 72 72 73 73 73 73 74 74 74 73 73 72 72 72 72 72 73 73 74 74 72 72 73 74 74 74 74 72 72 72 72 72 72 72 72 72 73 74 74 74 74 72 72 73 73 73 73 73 72 72 72 72 73 73 73 72 72 74 74 74 74 73 72 72 73 73 72 72 72 72 72 73 73 74 74 73 72 73 74 74 73 73 74 74 74 73 73 74 74 73 73 73 73 73 74 74 74 74 73 73 73 72 72 74 74 72 72 72 72 72 73 73 73 73 73 73 73 72 72 74 74 73 73 73 72 72 73 73 73 73 72 72 72 73 73 74 74 74 74 74 73 73 74 74 73 73 73 74 74 74 0
73 73 72 72 72 72 72 72 72 72 72 72 72 70 73 72 67 72 125 121 121 120 120 118 123 118 58 77 73 73 72 72 72 72 73 74 74 72 72 73 73 72 72 72 73 73 72 72 72 72 72 72 72 72 72 73 73 73 73 73 72 72 73 73 73 73 73 73 73 72 72 73 73 73 73 73 72 72 72 72 73 74 74 73 73 73 73 72 72 72 72 72 74 74 72 72 72 73 73 74 74 73 73 73 73 73 72 72 73 73 74 74 74 74 74 72 72 72 72 72 72 72 73 73 72 72 72 72 72 72 72 73 73 72 72 72 73 73 73 73 72 72 72 72 72 72 72 74 74 73 73 73 73 73 72 72 74 74 73 72 72 73 73 73 73 72 72 72 73 73 72 72 73 73 73 72 72 74 74 72 72 72 72 72 73 73 73 73 72 72 72 73 73 74 74 73 73 73 72 72 72 72 73 73 73 73 73 73 73 73 73 74 74 73 72 72 73 73 72 72 72 74 74 72 0
74 74 74 74 74 73 73 73 73 74 74 73 73 71 74 76 74 57 119 122 121 124 122 119 125 124 98 68 73 75 73 70 74 74 74 74 74 74 74 75 75 74 74 73 73 73 74 74 74 74 73 73 73 74 74 73 73 74 74 74 73 73 73 73 73 74 74 73 73 74 74 72 72 73 74 74 74 74 74 74 74 74 73 72 72 74 74 73 73 74 74 74 74 74 73 73 73 73 73 74 74 74 74 74 74 74 73 73 74 74 74 74 74 74 74 73 73 74 74 74 74 74 74 74 73 73 73 73 73 73 73 73 73 73 73 73 74 74 73 73 73 73 73 73 74 74 74 74 74 73 74 74 73 73 74 74 74 74 74 74 74 73 73 72 72 73 74 74 73 73 74 74 73 72 72 73 73 74 74 73 73 73 73 73 72 72 73 73 73 74 74 74 74 74 74 73 72 72 73 73 74 74 73 73 74 74 74 72 72 73 73 74 74 74 74 74 73 73 74 74 74 74 74 74 0
73 73 73 73 73 73 73 73 73 73 73 73 73 73 76 77 70 59 114 125 120 124 122 122 125 120 125 70 66 76 72 68 73 73 73 73 73 73 73 73 73 73 73 73 73 73 73 73 73 73 73 73 73 73 73 73 73 73 73 73 73 73 73 73 73 73 73 73 73 73 73 73 73 73 73 73 73 73 73 73 73 73 73 73 73 73 73 73 73 73 73 73 73 73 73 73 73 73 73 73 73 73 73 73 73 73 73 73 73 73 73 73 73 73 73 73 73 73 73 73 73 73 73 73 73 73 73 73 73 73 73 73 73 73 73 73 73 73 73 73 73 73 73 73 73 73 73 73 73 73 73 73 73 73 73 73 73 73 73 73 73 73 73 73 73 73 73 73 73 73 73 73 73 73 73 73 73 73 73 72 72 73 73 73 73 73 73 73 73 73 73 73 73 73 73 73 73 73 73 73 73 73 73 73 73 73 73 73 73 73 73 73 73 73 73 73 73 73 73 73 73 73 73 73 0
73 73 73 73 73 73 73 73 73 73 73 73 73 73 75 77 71 57 95 124 123 121 123 124 127 115 123 107 57 76 72 75 73 73 73 73 73 73 73 73 73 73 73 73 73 73 73 73 73 73 73 73 73 73 73 73 73 73 73 73 73 73 73 73 73 73 73 73 73 73 73 73 73 73 73 73 73 73 73 73 73 73 73 73 73 73 73 73 73 73 73 73 73 73 73 73 73 73 73 73 73 73 73 73 73 73 73 73 73 73 73 73 73 73 73 73 73 73 73 73 73 73 73 73 73 73 73 73 73 73 73 73 73 73 73 73 73 73 73 73 73 73 73 73 73 73 73 73 73 73 73 73 73 73 73 73 73 73 73 73 73 73 73 73 73 73 73 73 73 73 73 73 73 73 73 73 73 73 73 73 73 73 73 73 73 73 73 73 73 73 73 73 73 73 73 73 73 73 73 73 73 73 73 73 73 73 73 73 73 73 73 73 73 73 73 73 73 73 73 73 73 73 73 73 0
73 73 74 74 74 73 73 74 74 74 74 74 74 73 74 77 75 65 77 118 125 116 124 125 127 117 113 127 76 68 76 77 75 74 74 74 74 74 74 74 74 73 73 73 74 74 73 73 73 73 73 74 74 73 73 73 73 74 74 74 74 74 74 74 74 74 74 74 74 74 74 73 73 73 74 74 73 73 74 74 73 73 73 73 73 74 74 74 74 74 73 73 74 74 74 74 73 73 73 74 74 74 74 73 73 73 74 74 74 74 74 74 74 73 73 73 73 73 73 74 74 74 74 74 73 73 73 73 73 73 73 73 73 73 73 73 74 74 74 74 73 73 74 74 74 74 74 73 73 73 73 73 73 73 73 73 74 74 74 73 73 73 73 73 73 74 74 74 73 73 73 73 73 73 73 74 74 74 74 73 73 74 74 74 73 73 73 73 73 73 73 73 73 73 73 73 73 73 74 74 74 74 74 74 73 73 73 73 73 73 73 73 73 73 74 74 73 73 74 74 74 74 74 74 0
73 73 72 72 72 73 73 72 72 72 72 72 72 72 72 76 76 71 65 118 125 114 124 122 127 124 117 124 114 60 76 73 74 72 72 72 72 72 72 72 72 73 73 73 72 72 73 73 73 73 73 72 72 73 73 73 73 72 73 72 72 72 72 72 72 72 72 72 72 72 72 73 73 73 72 72 73 73 72 72 73 73 73 73 73 72 72 72 72 72 73 73 72 72 72 72 73 73 73 72 72 72 72 73 73 73 72 72 72 72 72 72 72 73 73 73 73 73 73 72 72 72 72 72 73 73 73 73 73 73 73 73 73 73 73 73 72 72 72 72 73 73 72 72 72 72 72 73 73 73 73 73 73 73 73 73 72 72 72 73 73 73 73 73 73 72 72 72 73 73 73 73 73 73 73 73 73 72 72 74 74 72 72 72 73 73 73 73 73 73 73 73 73 73 73 73 73 73 72 72 72 72 72 72 73 73 73 73 73 73 73 73 73 73 72 72 73 73 72 72 72 72 72 72 0
73 73 73 73 73 74 74 72 72 72 72 73 73 72 71 74 75 75 61 110 127 115 123 120 126 127 127 123 127 89 62 69 69 73 72 72 72 72 72 72 72 72 72 72 72 72 72 72 72 72 72 72 72 73 73 72 72 74 74 74 72 72 72 72 72 72 72 73 73 73 73 72 72 72 72 72 72 72 73 73 72 72 72 72 72 72 72 72 72 72 72 72 72 72 72 72 72 72 72 72 72 72 72 72 72 72 72 72 72 72 72 72 72 72 72 72 72 72 72 72 72 72 72 72 73 73 72 72 72 72 72 72 72 72 72 72 72 72 72 72 72 72 72 72 72 72 72 72 72 72 72 72 72 72 72 72 72 72 72 72 72 72 72 72 72 73 73 73 72 72 73 73 72 72 72 73 73 72 72 73 73 73 73 73 72 72 72 72 72 72 72 72 72 72 72 72 72 72 72 72 72 72 72 72 72 72 72 72 72 72 72 72 72 72 72 72 72 72 72 72 72 72 72 72 0
73 73 74 74 74 74 74 73 73 73 73 74 74 73 71 72 74 75 64 98 127 121 121 121 123 126 127 123 123 122 65 64 69 73 73 73 73 73 73 73 73 73 73 73 73 73 73 73 73 73 73 73 73 73 73 73 73 74 74 74 73 73 73 73 73 73 73 74 74 74 74 73 73 73 73 73 73 73 74 74 73 73 73 73 73 73 73 73 73 73 73 73 73 73 73 73 73 73 73 73 73 73 73 73 73 73 73 73 73 73 73 73 73 73 73 73 73 73 73 73 73 73 73 73 74 74 73 73 73 73 73 73 73 73 73 73 73 73 73 73 73 73 73 73 73 73 73 73 73 73 73 73 73 73 73 73 73 73 73 73 73 73 73 73 73 74 74 74 73 73 74 74 73 73 73 73 73 73 73 74 74 74 74 74 73 73 73 73 73 73 73 73 73 73 73 73 73 73 73 73 73 73 73 73 73 73 73 73 73 73 73 73 73 73 73 73 73 73 73 73 73 73 73 73 0
73 73 74 74 74 74 74 74 74 74 74 74 74 74 72 71 70 72 71 81 124 125 120 125 118 122 122 123 117 122 102 59 75 74 74 74 74 74 74 74 74 74 74 74 74 74 74 74 74 74 74 74 74 73 73 74 74 74 74 74 74 74 74 74 74 74 74 74 74 73 73 74 74 74 74 74 74 74 74 74 74 74 74 74 74 74 74 74 74 74 74 74 74 74 74 74 74 74 74 74 74 74 74 74 74 74 74 74 74 74 74 74 74 74 74 74 74 74 74 74 74 74 74 74 74 74 74 74 74 74 74 74 74 74 74 74 74 74 74 74 74 74 74 74 74 74 74 74 74 74 74 74 74 74 74 74 74 74 74 74 74 74 74 74 74 74 74 74 74 74 74 74 74 74 74 73 73 74 74 74 74 73 73 73 74 74 74 74 74 74 74 74 74 74 74 74 74 74 74 74 74 74 74 74 74 74 74 74 74 74 74 74 74 74 74 74 74 74 74 74 74 74 74 74 0
74 74 74 74 74 74 74 74 74 74 74 74 74 74 74 73 72 73 74 72 122 125 118 123 119 120 120 120 120 124 127 75 68 73 73 76 76 74 74 74 74 74 74 74 74 74 74 74 74 74 74 74 74 74 74 74 74 74 74 74 74 74 74 74 74 74 74 74 74 73 74 74 74 74 73 73 74 74 74 74 73 73 73 74 74 74 74 74 74 74 74 74 74 74 74 74 74 74 74 74 74 74 74 73 74 74 74 74 73 73 74 74 74 74 74 74 74 74 74 74 74 74 74 74 74 74 74 74 73 74 74 74 74 74 74 74 74 74 74 74 74 74 74 74 74 74 74 74 74 74 74 74 74 74 74 74 74 74 74 74 74 74 74 74 74 74 74 74 74 74 74 74 74 74 74 74 74 74 74 74 74 74 74 74 74 74 74 74 74 74 74 74 74 74 74 74 74 74 74 74 74 74 74 74 74 74 74 74 74 74 74 74 74 74 74 74 74 74 74 74 74 74 74 74 0
74 74 74 74 74 74 74 74 74 74 74 74 74 74 74 74 74 74 76 63 114 125 118 121 121 121 121 119 125 125 125 113 59 74 75 71 75 74 74 74 74 74 74 74 74 74 74 74 74 74 74 74 74 74 74 74 74 74 74 74 74 74 74 74 74 74 74 74 74 73 74 74 74 74 73 73 74 74 74 74 73 73 73 74 74 74 74 74 74 74 74 74 73 73 74 74 74 74 74 73 73 74 74 73 74 74 74 74 73 73 74 74 74 74 74 74 74 74 74 74 74 74 74 74 74 74 74 74 73 74 74 74 74 74 74 74 74 74 74 74 74 74 74 74 74 74 74 74 74 74 74 74 74 74 74 74 74 74 74 74 74 74 74 74 74 74 74 74 74 74 74 74 74 74 74 74 74 74 74 74 74 74 74 74 74 74 74 74 74 74 74 74 74 74 74 74 74 74 74 74 74 74 74 74 74 74 74 74 74 74 74 74 74 74 74 74 74 74 74 74 74 74 74 74 0
74 74 74 74 74 74 74 74 74 74 74 74 74 74 74 74 74 74 75 58 98 121 120 121 121 120 120 119 126 123 115 127 86 66 80 64 72 74 74 74 74 74 74 74 74 74 74 74 74 74 74 74 74 74 74 74 74 74 74 74 74 74 74 74 74 74 74 74 74 73 74 74 74 74 73 73 74 74 74 74 73 73 73 74 74 74 74 74 74 74 74 74 73 73 74 74 74 74 74 73 73 74 74 73 74 74 74 74 73 73 74 74 74 74 74 74 74 74 74 74 74 74 74 74 74 74 74 74 73 74 74 74 74 74 74 74 74 74 74 74 74 74 74 74 74 74 74 74 74 74 74 74 74 74 74 74 74 74 74 74 74 74 74 74 74 74 74 74 74 74 74 74 74 74 74 74 74 74 74 74 74 74 74 74 74 74 74 74 74 74 74 74 74 74 74 74 74 74 74 74 74 74 74 74 74 74 74 74 74 74 74 74 74 74 74 74 74 74 74 74 74 74 74 74 0
74 74 74 74 74 74 74 74 74 74 74 74 74 74 74 74 74 74 73 64 85 121 122 121 121 120 120 118 123 125 112 119 122 64 74 71 70 73 73 74 74 73 73 73 74 74 74 74 74 74 74 74 74 74 74 74 74 74 74 74 74 74 74 74 74 74 74 74 74 73 74 74 74 74 73 73 74 74 73 73 73 73 73 74 74 74 74 74 74 74 74 74 72 72 74 74 74 74 74 72 72 74 74 73 74 74 74 74 73 73 74 74 74 74 74 74 74 74 74 74 74 74 74 74 74 74 74 74 73 74 74 74 74 74 74 74 74 74 74 74 74 74 74 74 74 74 74 74 74 74 74 74 74 74 73 73 74 74 74 74 74 74 74 74 74 74 74 74 74 74 74 74 74 74 74 74 74 73 73 74 74 74 74 74 74 74 74 74 74 74 74 74 74 74 74 74 74 74 74 74 74 74 73 73 74 74 74 74 74 74 74 74 74 74 74 74 74 74 74 74 74 73 73 74 0
74 74 74 74 74 74 74 74 74 74 74 73 74 74 74 74 74 74 73 73 74 123 123 121 121 121 121 117 119 127 121 120 126 95 55 81 71 73 74 74 74 74 74 74 74 74 74 74 74 74 74 73 73 74 74 74 74 74 74 74 74 74 74 74 74 74 74 74 74 74 74 74 74 74 74 74 74 74 74 74 74 74 74 74 74 74 74 74 74 74 74 74 74 74 74 74 74 74 74 74 74 74 74 74 74 74 74 74 74 74 74 74 74 74 74 74 74 74 74 74 74 74 74 74 74 74 74 74 74 74 74 73 73 74 74 74 73 73 74 74 74 74 73 73 73 74 74 74 74 74 74 74 74 74 74 74 74 74 74 74 74 74 74 74 74 74 74 74 74 74 74 74 74 74 74 74 74 74 74 74 74 74 74 74 74 74 74 74 74 74 74 73 73 74 74 74 74 74 74 74 74 74 74 74 74 74 74 74 74 74 74 74 74 74 74 74 74 74 74 74 74 74 74 74 0
74 74 74 74 74 74 74 74 74 74 74 73 74 74 74 74 74 74 74 75 65 119 123 121 121 121 121 118 118 126 127 126 120 123 69 72 72 74 74 74 74 74 74 74 74 74 74 74 74 74 74 73 73 74 74 74 74 74 74 74 74 74 74 74 74 74 74 74 74 74 74 74 74 74 74 74 74 74 74 74 74 74 74 74 74 74 74 74 74 74 74 74 74 74 74 74 74 74 74 74 74 74 74 74 74 74 74 74 74 74 74 74 74 74 74 74 74 74 74 74 74 74 74 74 74 74 74 74 74 74 74 73 73 74 74 74 73 73 74 74 74 74 73 73 73 74 74 74 74 74 74 74 74 74 74 74 74 74 74 74 74 74 74 74 74 74 74 74 74 74 74 74 74 74 74 74 74 74 74 74 74 74 74 74 74 74 74 74 74 74 74 73 73 74 74 74 74 74 74 74 74 74 74 74 74 74 74 74 74 74 74 74 74 74 74 74 74 74 74 74 74 74 74 74 0
74 74 74 74 74 74 74 74 74 74 74 73 74 74 74 74 74 74 76 75 63 107 122 121 121 121 121 122 121 122 126 126 121 121 110 54 72 74 74 74 74 74 74 74 74 74 74 74 74 74 74 74 74 74 74 74 74 74 74 74 74 74 74 74 74 74 74 74 74 74 74 74 74 74 74 74 74 74 74 74 74 74 74 74 74 74 74 74 74 74 74 74 74 74 74 74 74 74 74 74 74 74 74 74 74 74 74 74 74 74 74 74 74 74 74 74 74 74 74 74 74 74 74 74 74 74 74 74 74 74 74 73 73 74 74 74 74 74 74 74 74 74 74 74 74 74 74 74 74 74 74 74 74 74 74 74 74 74 74 74 74 74 74 74 74 74 74 74 74 74 74 74 74 74 74 74 74 74 74 74 74 74 74 74 74 74 74 74 74 74 74 73 73 74 74 74 74 74 74 74 74 74 74 74 74 74 74 74 74 74 74 74 74 74 74 74 74 74 74 74 74 74 74 74 0
74 74 74 74 74 74 74 74 74 74 74 73 74 74 74 74 74 74 76 73 64 89 121 122 122 122 121 124 124 119 121 120 125 121 127 83 62 75 75 73 73 75 74 74 74 74 74 74 74 74 74 74 74 74 74 74 74 74 74 74 74 74 74 74 74 74 74 74 74 74 74 74 74 74 74 74 74 74 74 74 74 74 74 74 74 74 74 74 74 74 74 74 74 74 74 74 74 74 74 74 74 74 74 74 74 74 74 74 74 74 74 74 74 74 74 74 74 74 74 74 74 74 74 74 74 74 74 74 74 74 74 73 73 74 74 74 74 74 74 74 74 74 74 74 74 74 74 74 74 74 74 74 74 74 74 74 74 74 74 74 74 74 74 74 74 74 74 74 74 74 74 74 74 74 74 74 74 74 74 74 74 74 74 74 74 74 74 74 74 74 74 73 73 74 74 74 74 74 74 74 74 74 74 74 74 74 74 74 74 74 74 74 74 74 74 74 74 74 74 74 74 74 74 74 0
73 74 74 74 74 74 74 74 74 74 73 73 74 74 74 74 73 73 74 72 69 81 120 123 126 125 123 123 124 122 123 122 121 127 125 119 57 72 76 69 71 79 74 74 74 74 74 74 74 74 74 74 74 74 74 74 74 73 73 73 73 73 74 74 74 74 74 74 74 74 74 73 73 73 73 73 73 73 74 74 73 73 74 73 72 73 73 73 73 73 74 74 73 73 73 74 74 74 74 74 74 74 74 74 74 74 73 73 74 74 74 74 74 74 74 74 74 74 74 74 74 74 73 73 74 74 74 74 74 73 73 73 73 73 73 73 74 74 74 74 73 72 74 74 74 74 74 74 74 74 74 74 74 74 74 74 74 74 74 74 74 74 74 74 74 74 74 74 74 74 73 73 73 73 73 74 74 74 74 73 73 73 73 73 74 74 73 73 72 73 74 74 74 74 74 73 73 73 73 73 74 74 73 73 73 73 73 74 74 74 74 74 74 74 74 74 74 74 73 74 74 74 74 74 0
73 73 73 73 73 74 74 73 73 73 73 74 74 74 73 73 73 73 72 75 72 64 116 123 124 124 123 123 124 124 125 124 123 127 120 126 95 59 75 73 73 71 73 73 74 74 74 74 74 74 74 74 74 74 74 74 74 73 73 73 73 73 74 74 73 73 73 73 73 73 73 73 73 73 73 73 73 73 73 73 72 73 74 73 72 73 73 73 73 73 74 74 73 73 74 74 73 73 73 73 73 73 73 74 74 74 73 73 74 74 74 74 74 73 73 74 74 74 74 73 73 73 73 73 74 74 73 73 73 73 73 73 73 73 73 73 73 73 74 74 73 72 74 74 74 73 73 73 73 74 74 74 74 74 73 73 74 74 74 74 74 74 74 74 74 74 74 74 74 74 73 73 73 73 73 74 74 73 73 73 73 73 73 73 74 74 73 73 73 73 73 74 74 74 74 73 73 73 73 73 74 74 73 73 73 73 73 74 74 73 73 73 73 73 74 74 73 73 73 74 74 74 74 74 0
73 72 73 73 73 74 74 73 73 73 73 74 74 74 73 73 73 73 70 79 71 57 110 123 121 121 123 125 124 124 125 125 125 127 118 116 125 67 71 76 75 69 73 73 74 74 74 74 73 73 73 73 73 73 73 73 73 73 73 73 73 73 73 73 73 73 73 73 73 73 73 73 73 73 73 73 73 73 73 73 72 73 74 73 72 73 73 73 73 73 74 74 73 73 74 74 73 73 73 73 73 73 73 73 73 73 73 73 74 74 74 74 74 73 73 73 73 74 74 73 73 73 73 73 74 74 73 73 73 73 73 73 73 73 73 73 73 73 74 74 73 72 74 74 74 73 73 73 73 73 73 73 73 73 73 73 74 74 74 74 74 73 73 73 73 73 73 73 73 73 73 73 73 73 73 73 73 73 73 73 73 73 73 73 74 74 73 73 73 73 73 74 74 74 74 73 73 73 73 73 74 74 73 73 73 73 73 73 73 73 73 73 73 73 73 73 73 73 73 74 74 74 74 74 0
73 72 72 72 73 74 74 72 72 72 73 74 74 74 72 72 73 73 67 80 70 62 97 125 119 119 123 126 125 125 125 125 124 127 122 113 123 106 58 73 77 74 72 73 74 74 74 74 73 73 73 73 73 73 73 73 73 73 73 73 73 73 73 73 72 72 72 72 72 72 72 73 73 73 73 73 73 73 72 72 72 73 74 73 72 73 73 73 73 73 74 74 73 73 74 74 72 72 72 72 72 72 72 73 73 73 73 73 74 74 74 74 73 72 72 73 73 74 74 73 72 72 73 73 74 74 73 72 72 73 73 73 73 73 73 73 72 72 74 74 73 72 74 74 73 72 72 72 72 73 73 73 73 73 72 72 74 74 74 74 74 73 73 73 73 73 73 73 73 73 73 73 73 73 73 73 73 72 72 73 73 73 73 73 74 74 73 73 74 73 73 74 74 74 74 73 73 73 73 73 74 74 73 73 73 73 74 73 73 72 72 72 72 72 73 73 72 72 73 74 74 74 74 74 0
73 73 74 74 74 74 74 74 74 74 74 74 74 74 73 73 73 73 67 80 70 69 83 126 121 119 124 126 125 125 125 126 123 127 127 125 125 125 70 68 80 76 74 74 74 74 74 74 73 73 73 73 74 74 74 73 73 74 74 74 74 74 73 73 74 74 74 74 74 73 73 74 74 74 74 74 74 74 74 74 73 73 73 73 73 74 74 74 74 74 74 74 74 74 74 74 74 74 74 74 74 74 74 74 74 74 74 74 74 74 73 73 73 73 73 74 74 74 74 74 74 74 74 74 74 74 73 73 73 73 73 73 73 74 74 74 73 73 74 74 74 74 74 74 74 74 74 74 74 74 74 74 74 74 74 74 74 74 74 74 74 73 73 74 74 73 73 73 73 73 74 74 74 74 74 74 74 74 74 74 74 73 73 73 74 74 74 74 74 74 74 74 74 73 73 73 73 73 73 73 74 74 74 74 74 74 74 74 74 74 74 73 73 73 73 73 74 74 74 74 74 74 74 74 0
74 74 74 74 74 74 74 74 74 74 74 74 74 74 73 73 73 73 68 77 71 74 68 125 124 120 123 126 125 126 126 127 124 125 127 127 127 117 107 64 74 73 74 74 74 74 73 73 73 73 73 73 74 74 74 73 73 74 74 74 74 74 73 73 74 74 74 74 74 73 73 74 74 74 74 74 74 74 74 74 73 73 73 73 73 74 74 74 74 74 74 74 74 74 74 74 74 74 74 74 74 74 74 74 74 74 74 74 74 74 73 73 73 73 73 74 74 74 74 74 74 74 74 74 74 74 73 73 73 73 73 73 73 74 74 74 73 73 74 74 74 74 74 74 74 74 74 74 74 74 74 74 74 74 74 74 73 73 73 73 73 73 73 74 74 73 73 73 73 73 74 74 74 74 74 74 74 74 74 74 74 73 73 73 74 74 74 74 74 74 74 74 74 73 73 73 73 73 73 73 74 74 74 74 74 74 74 74 74 74 74 73 73 73 73 73 74 74 74 74 74 74 74 74 0
72 72 74 74 74 74 74 74 74 74 74 74 74 74 73 73 73 73 70 74 72 74 58 111 127 121 123 127 126 126 127 127 127 122 124 127 126 120 126 88 57 74 74 74 74 74 73 73 73 73 73 73 74 74 74 73 73 74 74 74 74 74 73 73 74 74 74 74 74 73 73 74 74 74 74 74 74 74 74 74 73 73 73 73 73 74 74 74 74 74 74 74 74 74 74 74 74 74 74 74 74 74 74 74 74 74 74 74 74 74 73 73 73 73 73 74 74 74 74 74 74 74 74 74 74 74 73 73 73 73 73 73 73 74 74 74 73 73 74 74 74 74 74 74 74 74 74 74 74 74 74 74 74 74 74 74 73 73 73 73 73 73 73 74 74 73 73 73 73 73 74 74 74 74 74 74 74 74 74 74 74 73 73 73 74 74 74 74 74 74 74 74 74 73 73 73 73 73 73 73 74 74 74 74 74 74 74 74 74 74 74 73 73 73 73 73 74 74 74 74 74 74 74 74 0
74 74 74 74 74 74 74 74 74 74 74 74 74 74 73 73 73 73 72 73 74 74 58 97 127 123 125 125 125 127 127 127 127 124 123 127 123 124 127 121 59 73 73 74 73 75 74 73 73 73 73 73 74 74 74 73 73 74 74 74 74 74 73 73 74 74 74 74 74 73 73 74 74 74 74 74 74 74 74 74 73 73 73 73 73 74 74 74 74 74 74 74 74 74 74 74 74 74 74 74 74 74 74 74 74 74 74 74 74 74 73 73 73 73 73 74 74 74 74 74 74 74 74 74 74 74 73 73 73 73 73 73 73 74 74 74 73 73 74 74 74 74 74 74 74 74 74 74 74 74 74 74 74 74 74 74 73 73 73 72 72 73 73 74 74 73 73 73 73 73 74 74 74 74 74 74 74 74 74 74 74 73 73 73 74 74 74 74 74 74 74 74 74 73 73 73 73 73 73 73 74 74 74 74 74 74 74 74 74 74 74 73 73 73 73 73 74 74 74 74 74 74 74 74 0
73 73 73 73 73 73 73 73 73 73 73 73 73 73 73 73 73 73 73 73 73 73 68 85 127 125 125 123 124 126 126 126 127 127 127 127 124 124 125 126 95 61 71 73 74 73 74 74 73 73 73 73 73 73 73 73 73 73 73 73 73 73 73 73 73 73 73 73 73 73 73 73 73 73 73 73 73 73 73 73 73 73 73 73 73 73 73 73 73 73 73 73 73 73 73 73 72 72 72 73 73 73 73 73 73 73 73 73 73 73 73 73 73 73 73 73 73 73 73 73 73 73 73 73 72 72 73 73 73 72 72 73 73 73 73 73 72 72 73 73 73 73 73 73 73 73 73 73 73 73 73 73 73 73 73 73 73 73 73 73 73 73 73 73 73 73 73 73 73 73 73 73 73 73 73 73 73 72 72 72 72 73 73 73 73 73 73 73 73 73 73 73 73 73 73 73 73 73 73 73 73 73 73 73 73 73 73 73 73 73 73 73 73 73 73 73 73 73 73 73 73 73 73 73 0
73 73 73 73 73 73 73 73 73 73 73 73 73 73 73 73 73 73 73 73 73 73 70 65 124 126 124 125 126 126 127 126 127 127 127 127 126 126 125 116 126 70 69 77 77 67 71 74 73 73 73 73 73 73 73 73 73 73 73 73 73 73 73 73 73 73 73 73 73 73 73 73 73 73 73 73 73 73 73 73 73 73 73 73 73 73 73 73 73 73 73 73 73 73 73 73 73 73 73 73 73 73 73 73 73 73 73 73 73 73 73 73 73 73 73 73 73 73 73 73 73 73 73 73 73 73 73 73 73 73 73 73 73 73 73 73 73 73 73 73 73 73 73 73 73 73 73 73 73 73 73 73 73 73 73 73 73 73 73 73 73 73 73 73 73 73 73 73 73 73 73 73 73 73 73 73 73 73 73 73 73 73 73 73 73 73 73 73 73 73 73 73 73 73 73 73 73 73 73 73 73 73 73 73 73 73 73 73 73 73 73 73 73 73 73 73 73 73 73 73 73 73 73 73 0
73 73 73 73 73 73 73 73 73 73 73 73 73 73 73 73 73 73 73 73 73 73 71 61 118 126 121 127 126 127 127 127 127 127 127 127 127 127 126 114 122 109 67 80 67 72 74 74 73 73 73 73 73 73 73 73 73 73 73 73 73 73 73 73 73 73 73 73 73 73 73 73 73 73 73 73 73 73 73 73 73 73 73 73 73 73 73 73 73 73 73 73 73 73 73 73 74 74 74 73 73 73 73 73 73 73 73 73 73 73 73 73 73 73 73 73 73 73 73 73 73 73 73 73 74 74 73 73 73 74 74 73 73 73 73 73 74 74 73 73 73 73 73 73 73 73 73 73 73 73 73 73 73 73 73 73 73 73 73 73 73 73 73 73 73 73 73 73 73 73 73 73 73 73 73 73 73 74 74 74 74 73 73 73 73 73 73 73 73 73 73 73 73 73 73 73 73 73 73 73 73 73 73 73 73 73 73 73 73 73 73 73 73 73 73 73 73 73 73 73 73 73 73 73 0
73 73 73 73 73 73 73 73 73 73 73 72 72 72 73 73 73 73 73 73 73 73 73 64 104 127 120 127 126 127 127 125 127 127 127 127 126 125 127 122 119 123 86 65 65 79 75 73 73 73 73 73 73 73 73 73 73 73 73 73 73 73 73 73 73 73 73 73 73 72 72 73 73 73 73 73 73 73 72 72 73 73 73 73 73 73 73 73 73 73 73 73 73 73 73 73 73 73 73 73 73 73 73 73 73 73 73 73 72 72 73 73 73 73 73 73 73 73 73 73 73 73 73 73 73 73 73 73 73 73 73 73 73 73 73 73 73 73 73 73 73 73 73 73 73 73 73 73 73 73 73 73 73 73 73 73 73 73 73 73 73 73 73 73 73 73 73 73 73 73 73 73 73 73 73 73 73 73 73 73 73 73 73 73 73 73 73 73 73 73 73 73 73 73 73 73 73 73 73 73 73 73 73 73 73 73 73 73 73 73 73 73 73 73 73 73 73 73 73 73 73 73 73 73 0
73 73 73 73 73 73 73 73 73 73 73 73 73 73 73 73 73 73 73 73 73 73 73 67 86 127 121 127 126 127 126 125 126 126 126 126 124 123 127 127 126 125 114 58 71 77 74 73 73 73 73 73 73 73 73 73 73 73 73 73 73 73 73 73 73 73 73 73 73 73 73 73 73 73 73 73 73 73 73 73 73 73 73 73 73 73 73 73 73 73 73 73 73 73 73 73 73 73 73 73 73 73 73 73 73 73 73 73 73 73 73 73 73 73 73 73 73 73 73 73 73 73 73 73 73 73 73 73 73 73 73 73 73 73 73 73 73 73 73 73 73 73 73 73 73 73 73 73 73 73 73 73 73 73 73 73 73 73 73 73 73 73 73 73 73 73 73 73 73 73 73 73 73 73 73 73 73 73 73 73 73 73 73 73 73 73 73 73 73 73 73 73 73 73 73 73 73 73 73 73 73 73 73 73 73 73 73 73 73 73 73 73 73 73 73 73 73 73 73 73 73 73 73 73 0
73 73 73 73 73 73 73 73 73 73 73 74 74 74 73 73 73 73 73 73 73 73 74 71 73 126 126 127 127 127 125 126 125 125 126 126 125 124 126 127 127 126 116 96 61 71 72 73 73 73 73 73 73 73 73 73 73 73 73 73 73 73 73 73 73 73 73 73 73 74 74 73 73 73 73 73 73 73 74 74 73 73 73 73 73 73 73 73 73 73 73 73 73 73 73 73 73 73 73 73 73 73 73 73 73 73 73 73 74 74 73 73 73 73 73 73 73 73 73 73 73 73 73 73 73 73 73 73 73 73 73 73 73 73 73 73 73 73 73 73 73 73 73 73 73 73 73 73 73 73 73 73 73 73 73 73 73 73 73 73 73 73 73 73 73 73 73 73 73 73 73 73 73 73 73 73 73 73 73 73 73 73 73 73 73 73 73 73 73 73 73 73 73 73 73 73 73 73 73 73 73 73 73 73 73 73 73 73 73 73 73 73 73 73 73 73 73 73 73 73 73 73 73 73 0
73 73 73 73 73 73 73 73 73 73 73 73 73 73 73 73 73 73 73 73 73 73 75 70 63 118 127 125 127 126 125 126 125 125 126 126 127 126 123 126 124 122 123 125 71 63 72 73 73 72 73 73 73 73 73 73 73 73 73 73 73 73 73 73 73 73 73 73 73 73 73 73 73 73 73 73 73 73 73 73 73 73 73 73 73 73 73 73 73 73 73 73 73 73 73 73 73 73 73 73 73 73 73 73 73 73 73 73 73 73 73 73 73 73 73 73 73 73 73 73 73 73 73 73 73 73 73 73 73 73 73 73 73 73 73 73 73 73 73 73 73 73 73 73 73 73 73 73 73 73 73 73 73 73 73 73 73 73 73 73 73 73 73 73 73 73 73 73 73 73 73 73 73 73 73 73 73 73 73 73 73 73 73 73 73 73 73 73 73 73 73 73 73 73 73 73 73 73 73 73 73 73 73 73 73 73 73 73 73 73 73 73 73 73 73 73 73 73 73 73 73 73 73 73 0
73 73 73 73 73 73 73 73 73 73 73 73 73 73 73 73 73 73 73 73 73 73 74 72 61 108 127 124 127 127 126 126 126 126 127 127 127 127 125 127 126 123 126 126 108 54 70 75 76 67 77 73 73 73 73 73 73 73 73 73 73 73 73 73 73 73 73 73 73 73 73 73 73 73 73 73 73 73 73 73 73 73 73 73 73 73 73 73 73 73 73 73 73 73 73 73 73 73 73 73 73 73 73 73 73 73 73 73 73 73 73 73 73 73 73 73 73 73 73 73 73 73 73 73 73 73 73 73 73 73 73 73 73 73 73 73 73 73 73 73 73 73 73 73 73 73 73 73 73 73 73 73 73 73 73 73 73 73 73 73 73 73 73 73 73 73 73 73 73 73 73 73 73 73 73 73 73 73 73 73 73 73 73 73 73 73 73 73 73 73 73 73 73 73 73 73 73 73 73 73 73 73 73 73 73 73 73 73 73 73 73 73 73 73 73 73 73 73 73 73 73 73 73 73 0
73 73 73 73 73 73 73 73 73 73 73 73 73 73 73 73 73 73 73 73 73 73 74 73 62 90 126 124 127 127 126 126 127 127 127 127 127 127 127 127 127 126 127 120 127 79 65 71 74 74 72 73 73 73 73 73 73 73 73 73 73 73 73 73 73 73 73 73 73 73 73 73 73 73 73 73 73 73 73 73 73 73 73 73 73 73 73 73 73 73 73 73 73 73 73 73 73 73 73 73 73 73 73 73 73 73 73 73 73 73 73 73 73 73 73 73 73 73 73 73 73 73 73 73 73 73 73 73 73 73 73 73 73 73 73 73 73 73 73 73 73 73 73 73 73 73 73 73 73 73 73 73 73 73 73 73 73 73 73 73 73 73 73 73 73 73 73 73 73 73 73 73 73 73 73 73 73 73 73 73 73 73 73 73 73 73 73 73 73 73 73 73 73 73 73 73 73 73 73 73 73 73 73 73 73 73 73 73 73 73 73 73 73 73 73 73 73 73 73 73 73 73 73 73 0
73 73 73 73 73 73 73 73 73 73 73 73 73 73 73 73 73 73 73 73 73 73 74 74 64 76 121 124 127 127 126 126 127 127 127 127 127 127 127 127 127 127 127 118 119 120 65 66 68 80 69 73 73 73 73 73 73 73 73 73 73 73 73 73 73 73 73 73 73 73 73 73 73 73 73 73 73 73 73 73 73 73 73 73 73 73 73 73 73 73 73 73 73 73 73 73 73 73 73 73 73 73 73 73 73 73 73 73 73 73 73 73 73 73 73 73 73 73 73 73 73 73 73 73 73 73 73 73 73 73 73 73 73 73 73 73 73 73 73 73 73 73 73 73 73 73 73 73 73 73 73 73 73 73 73 73 73 73 73 73 73 73 73 73 73 73 73 73 73 73 73 73 73 73 73 73 73 73 73 73 73 73 73 73 73 73 73 73 73 73 73 73 73 73 73 73 73 73 73 73 73 73 73 73 73 73 73 73 73 73 73 73 73 73 73 73 73 73 73 73 73 73 73 73 0
73 73 73 73 73 73 73 73 73 73 73 73 73 73 73 73 73 73 73 73 73 73 73 74 69 69 118 125 127 127 126 126 127 127 127 127 127 127 127 127 127 127 127 121 111 126 92 66 70 74 78 73 73 73 73 73 73 73 73 73 73 73 73 73 73 73 73 73 73 73 73 73 73 73 73 73 73 73 73 73 73 73 73 73 73 73 73 73 73 73 73 73 73 73 73 73 73 73 73 73 73 73 73 73 73 73 73 73 73 73 73 73 73 73 73 73 73 73 73 73 73 73 73 73 73 73 73 73 73 73 73 73 73 73 73 73 73 73 73 73 73 73 73 73 73 73 73 73 73 73 73 73 73 73 73 73 73 73 73 73 73 73 73 73 73 73 73 73 73 73 73 73 73 73 73 73 73 73 73 73 73 73 73 73 73 73 73 73 73 73 73 73 73 73 73 73 73 73 73 73 73 73 73 73 73 73 73 73 73 73 73 73 73 73 73 73 73 73 73 73 73 73 73 73 0
73 73 72 72 72 73 73 72 72 73 73 73 73 73 72 72 73 73 72 72 72 72 72 75 74 64 111 127 127 127 126 125 127 127 126 126 126 127 127 126 126 125 126 126 121 122 122 74 73 71 79 73 73 73 73 73 73 72 72 72 72 72 73 73 73 73 73 73 73 73 73 73 73 73 72 72 73 73 73 73 74 73 72 73 73 73 73 73 73 73 72 72 72 72 72 72 73 73 73 73 73 74 73 73 73 73 72 72 73 73 73 73 73 73 73 72 72 73 73 73 73 73 73 73 73 73 73 73 73 73 73 73 73 73 73 73 73 73 73 73 74 74 73 73 73 73 73 73 73 73 73 73 73 73 72 72 73 73 73 73 74 73 73 73 73 73 73 73 73 73 72 72 73 73 73 73 73 74 74 73 73 73 73 73 73 73 72 72 73 73 73 73 73 73 73 73 73 73 72 72 73 73 72 72 73 73 73 73 73 73 73 73 73 73 73 73 73 73 73 73 73 73 73 73 0
73 73 72 72 72 73 73 72 72 73 73 73 73 73 72 72 73 73 72 72 72 72 71 75 77 63 97 127 127 127 126 125 126 126 126 126 126 126 126 126 126 123 125 127 127 125 120 104 64 71 72 73 73 73 73 73 73 72 72 72 72 72 73 73 72 72 72 73 73 73 73 73 73 73 72 72 73 73 73 73 74 73 72 73 73 73 73 73 73 73 72 72 72 72 72 72 73 73 73 73 73 73 73 73 73 73 72 72 73 73 73 73 73 73 73 72 72 73 73 73 73 73 73 73 73 73 73 73 73 73 73 73 73 73 73 73 73 73 73 73 73 73 73 73 73 72 72 73 73 73 73 73 73 73 72 72 73 73 73 73 74 73 73 73 73 73 73 73 73 73 72 72 73 73 73 73 73 73 73 73 73 73 73 73 73 73 72 72 73 73 73 73 73 73 73 73 73 73 72 72 73 73 72 72 73 73 73 73 73 73 73 73 73 73 73 73 73 73 73 73 73 73 73 73 0
73 73 72 72 72 73 73 72 72 73 73 73 73 73 72 72 73 73 72 72 72 72 71 75 81 58 83 125 127 127 126 125 126 126 126 126 126 126 126 126 126 126 124 126 127 127 121 122 74 62 69 73 73 73 73 73 73 72 72 72 72 72 73 73 72 72 72 73 73 73 73 73 73 73 72 72 73 73 73 73 74 73 72 73 73 73 73 73 73 73 72 72 72 72 72 72 73 73 73 73 73 73 73 73 73 73 72 72 73 73 73 73 73 73 73 72 72 73 73 73 73 73 73 73 73 73 73 73 73 73 73 73 73 73 73 73 73 73 73 73 73 73 73 73 73 73 73 73 73 73 73 73 73 73 72 72 73 73 73 73 74 73 73 73 73 73 73 73 73 73 72 72 73 73 73 73 73 73 73 73 73 73 73 73 73 73 72 72 73 73 73 73 73 73 73 73 73 73 72 72 73 73 72 72 73 73 73 73 73 73 73 73 73 73 73 73 73 73 73 73 73 73 73 73 0
73 73 72 72 72 73 73 72 72 73 73 73 73 73 72 72 73 73 72 72 72 72 72 74 79 63 70 122 126 127 125 124 125 125 126 126 126 125 125 126 126 127 124 125 127 125 127 123 113 59 68 71 72 72 73 73 73 72 72 72 73 72 73 73 74 74 74 73 73 72 74 73 73 74 72 73 74 72 73 73 74 73 73 75 75 75 76 74 73 73 72 72 72 72 72 72 73 73 73 73 73 71 72 72 72 71 71 71 72 73 73 73 73 73 72 71 70 71 71 72 73 73 73 73 74 75 75 75 74 71 71 71 72 74 73 73 74 75 75 75 74 74 72 71 71 72 73 72 73 72 73 73 73 73 72 72 71 72 73 73 74 75 75 74 74 73 73 74 74 74 72 72 73 73 73 74 74 73 73 71 71 72 73 74 73 74 73 72 72 71 73 75 76 74 73 73 73 73 72 72 73 73 72 72 73 73 73 73 73 73 73 73 73 73 73 73 73 73 73 73 73 73 73 73 0
73 73 73 73 73 73 73 73 73 73 73 73 73 73 73 73 73 73 73 73 73 73 73 72 73 80 56 116 122 126 124 122 126 125 125 125 125 126 125 124 123 126 127 127 127 126 125 125 127 86 55 70 71 72 75 73 73 73 73 74 75 75 74 73 75 76 75 74 72 71 77 74 75 78 73 74 78 72 72 72 74 75 74 75 77 77 78 73 73 76 75 71 71 71 71 71 71 74 74 75 75 72 72 72 72 70 67 69 71 73 74 75 74 72 71 72 71 69 69 73 76 74 74 73 74 74 76 76 74 71 72 72 73 76 72 70 73 76 75 74 73 73 71 70 70 71 73 72 73 73 73 74 74 73 72 72 70 70 72 73 73 74 74 72 72 73 74 75 75 74 73 71 71 69 72 75 75 75 75 70 69 71 74 74 73 77 78 75 71 69 72 76 78 74 73 73 73 73 73 73 73 73 73 73 73 73 73 73 73 73 73 73 73 73 73 73 73 73 73 73 73 73 73 73 0
73 73 73 73 73 73 73 73 73 73 73 73 73 73 73 73 73 73 73 73 73 73 74 73 70 81 52 100 123 124 123 123 127 126 126 127 127 126 125 124 123 126 127 127 127 127 126 126 121 122 69 77 78 75 75 73 73 73 73 73 72 71 71 71 72 72 72 73 71 68 73 70 72 74 69 70 74 71 72 73 74 75 72 67 67 68 69 69 72 75 73 71 73 73 73 73 72 72 72 73 73 76 76 76 76 75 73 75 77 78 77 75 75 74 74 77 76 75 74 74 74 73 72 71 69 69 69 69 73 79 77 77 76 74 72 69 69 65 69 68 67 65 72 77 77 77 76 77 76 75 74 73 73 73 73 71 74 75 75 76 75 72 71 71 69 70 71 71 70 70 73 73 72 71 69 67 68 71 75 79 80 75 74 73 74 78 78 74 76 78 72 68 66 72 73 73 73 73 73 73 73 73 73 73 73 73 73 73 73 73 73 73 73 73 73 73 73 73 73 73 73 73 73 73 0
73 73 73 73 73 73 73 73 73 73 73 73 73 73 73 73 73 73 73 73 73 73 74 73 67 76 61 85 123 122 124 124 126 125 126 127 127 126 126 125 123 126 127 127 127 127 127 127 116 125 105 62 78 64 68 74 73 73 73 72 70 70 72 73 68 68 68 70 70 68 68 69 71 70 68 67 68 71 74 75 75 74 73 73 73 73 73 68 68 70 70 70 76 77 77 77 73 69 69 69 69 74 75 75 75 75 75 76 79 79 75 73 72 70 71 76 75 74 73 70 69 68 66 66 75 75 73 71 72 77 74 72 70 70 72 66 78 73 70 74 72 71 73 75 72 69 68 69 68 65 62 61 60 59 59 58 59 58 56 54 55 59 60 60 60 56 54 56 56 59 65 69 71 72 69 64 59 51 48 58 63 69 77 79 68 70 72 71 77 83 80 76 73 73 73 73 73 73 73 73 73 73 73 73 73 73 73 73 73 73 73 73 73 73 73 73 73 73 73 73 73 73 73 73 0
73 73 73 73 73 73 73 73 73 73 73 73 73 73 73 73 73 73 73 73 73 73 74 74 66 72 72 74 122 119 124 125 127 127 127 127 127 127 127 125 124 126 127 127 127 127 127 127 120 118 125 61 64 66 68 73 73 73 73 73 73 74 75 77 74 73 74 76 77 79 74 79 82 77 78 74 71 80 71 67 67 65 68 75 74 74 73 73 74 75 76 74 71 71 71 71 73 75 73 72 72 74 75 75 74 72 67 67 69 69 75 77 76 75 75 74 73 71 69 71 73 71 70 68 72 71 68 66 63 61 58 55 53 46 50 48 53 89 55 61 62 64 64 64 64 66 68 72 73 73 75 79 83 89 91 97 96 96 100 104 106 106 107 108 109 109 110 112 115 116 118 121 124 124 125 123 116 109 101 92 75 68 61 58 66 71 74 75 70 69 74 75 74 73 73 73 73 73 73 73 73 73 73 73 73 73 73 73 73 73 73 73 73 73 73 73 73 73 73 73 73 73 73 73 0
72 72 73 73 73 72 72 72 72 72 72 73 73 73 72 72 73 73 72 72 72 72 73 75 69 70 75 65 117 120 122 125 126 126 127 127 127 127 126 126 125 127 127 127 127 126 125 127 127 125 122 105 53 87 77 71 72 72 72 73 75 74 75 76 73 70 72 72 73 73 63 73 78 71 72 74 69 69 76 74 72 69 71 74 71 69 68 73 75 68 68 66 65 66 66 63 67 70 67 65 63 60 60 61 62 60 57 57 57 57 54 52 51 51 54 50 55 58 63 64 68 73 77 81 79 80 83 87 88 89 96 101 108 108 110 112 112 123 115 118 119 121 121 121 123 125 127 127 127 127 127 127 127 127 127 127 127 127 127 127 127 127 127 126 126 127 127 127 127 126 127 126 124 124 123 125 127 127 127 127 127 127 113 100 85 57 54 72 73 69 73 70 66 72 73 73 73 73 73 73 73 73 73 73 73 73 73 73 73 73 73 73 73 73 73 73 73 73 72 72 72 73 73 73 0
72 72 73 73 73 72 72 72 72 72 72 73 73 73 72 72 73 73 72 72 72 72 72 74 73 70 73 63 107 121 120 122 125 125 126 126 125 126 126 126 126 127 127 127 127 127 125 127 127 127 124 127 87 66 72 70 74 74 73 73 74 72 70 66 74 78 76 73 72 76 68 60 68 58 61 60 87 51 66 67 64 62 62 57 57 55 55 47 43 77 85 86 69 61 69 74 73 70 73 78 80 79 81 86 91 93 94 100 104 109 109 110 111 111 113 114 115 117 121 121 122 125 127 127 127 127 127 127 127 127 127 127 127 127 127 126 120 114 127 127 125 125 126 127 126 126 124 126 126 124 123 123 124 123 123 122 126 127 127 125 125 127 127 127 126 125 124 124 124 124 127 127 127 127 125 123 124 124 125 127 127 126 127 124 123 118 102 76 59 64 75 78 74 73 73 73 73 73 73 73 73 73 73 73 73 73 73 73 73 73 73 73 73 73 73 73 73 73 72 72 72 73 73 73 0
72 72 73 73 73 72 72 72 72 72 72 73 73 73 72 72 73 73 72 72 72 72 72 74 77 71 69 66 88 121 116 118 123 124 125 125 124 125 125 125 126 127 127 127 127 127 127 125 127 126 120 125 124 72 54 68 68 69 68 67 62 61 58 57 59 60 58 57 58 62 86 60 73 70 80 72 107 86 88 91 96 100 104 109 112 115 116 113 113 127 127 127 122 118 122 125 125 126 127 127 127 127 127 127 127 127 127 127 127 127 127 127 127 127 127 127 127 124 123 125 127 126 126 126 125 125 126 127 124 124 124 125 124 125 123 120 120 121 127 125 125 123 122 123 123 124 125 124 125 125 124 125 126 126 125 125 124 124 125 125 126 127 127 125 124 123 123 123 123 123 127 127 127 126 124 122 122 123 124 126 126 127 124 123 125 127 127 125 111 78 56 64 77 74 73 73 73 73 73 73 73 73 73 73 73 73 73 73 73 73 73 73 73 73 73 73 73 73 72 72 72 73 73 73 0
72 72 73 74 71 66 68 70 72 72 72 74 74 74 74 74 76 77 75 74 75 75 75 72 76 73 72 73 81 117 113 116 120 120 123 124 124 122 124 124 126 127 127 127 127 127 127 125 127 126 120 124 124 126 114 87 61 66 82 88 89 97 105 116 117 117 118 118 119 120 124 124 127 127 127 127 121 127 127 127 127 127 127 127 127 126 126 127 127 127 126 125 124 126 125 125 126 127 127 127 125 124 124 125 124 124 126 125 123 122 126 127 127 127 126 124 126 125 126 127 127 127 127 127 125 125 125 126 125 122 123 124 124 127 126 125 127 127 126 125 125 125 124 124 125 125 125 126 127 127 127 127 127 127 127 127 123 122 123 124 124 127 127 126 125 127 127 127 127 127 127 127 126 126 126 127 127 127 127 126 125 127 127 127 127 127 126 127 127 127 118 85 51 61 72 72 72 76 73 75 76 70 72 73 73 73 73 73 73 73 73 73 73 73 73 73 73 73 72 72 73 74 74 74 0
73 73 73 75 75 74 74 77 77 75 74 76 76 75 70 71 72 72 72 72 72 72 74 74 74 75 76 72 68 104 103 109 116 117 121 123 123 120 121 124 127 126 126 126 127 127 127 127 127 127 126 125 125 124 125 127 124 125 127 127 127 127 127 127 127 127 127 127 127 127 126 127 126 126 126 126 126 126 125 125 126 126 126 126 126 126 126 127 127 127 127 127 127 127 127 127 127 127 127 127 127 126 126 126 126 126 126 126 125 125 126 126 126 126 126 123 102 97 104 113 120 123 127 127 127 127 126 127 127 126 126 126 126 126 126 126 126 126 125 125 126 126 126 126 126 125 125 127 127 127 127 127 127 127 127 127 127 127 127 127 127 126 126 127 126 127 127 127 127 127 127 127 127 127 127 127 127 127 127 126 126 126 126 127 125 125 127 126 126 122 125 127 112 76 59 74 70 69 70 73 76 69 71 73 73 73 73 73 73 73 73 73 73 73 72 72 72 72 73 73 74 75 75 75 0
72 73 73 73 76 78 76 74 71 69 69 70 71 72 73 72 70 69 71 74 74 73 72 71 69 67 64 66 62 101 108 109 114 114 117 119 120 118 120 123 126 126 126 126 127 127 127 127 127 127 126 125 125 125 124 124 127 127 126 124 125 125 126 127 126 126 126 127 127 126 126 127 127 127 127 127 126 126 126 126 125 125 125 126 126 126 126 126 126 126 127 127 127 127 127 127 127 127 127 127 127 125 125 125 125 125 126 126 126 127 126 126 126 126 125 125 87 -5 -24 -10 7 26 33 77 125 127 126 125 125 126 126 126 126 126 126 126 126 126 125 125 125 125 125 125 125 124 124 126 126 126 126 126 127 127 127 127 127 127 127 127 127 126 126 127 125 126 126 126 126 126 126 126 126 126 126 125 125 127 127 126 126 126 126 125 124 125 126 126 126 125 125 125 126 127 105 57 59 68 67 68 73 74 73 73 73 73 73 73 73 73 73 73 73 73 72 72 72 72 73 73 74 75 75 75 0
72 74 74 72 72 74 72 70 70 69 69 71 73 75 81 80 76 75 75 77 77 74 72 73 73 72 71 72 72 96 115 107 111 112 114 115 116 116 119 122 126 126 126 126 126 126 127 127 127 127 127 126 126 126 126 122 122 123 122 122 125 125 125 126 127 127 127 127 127 127 127 127 127 127 127 127 126 126 125 125 125 125 125 124 124 124 124 125 126 126 127 127 126 125 126 126 126 126 126 126 126 124 123 123 123 123 124 124 126 127 127 127 127 127 126 124 127 77 -44 -60 -56 -45 -41 -5 121 127 126 123 124 127 127 127 127 127 127 127 126 126 125 125 125 125 125 125 125 124 124 126 126 126 126 126 125 125 126 126 127 127 127 127 127 126 126 126 125 125 125 125 125 125 126 126 125 125 125 125 125 126 126 126 126 126 126 125 121 109 108 111 123 123 126 120 116 124 127 98 53 75 71 71 71 77 75 73 73 73 73 73 73 73 73 73 73 73 72 72 72 72 73 73 74 75 75 75 0
71 73 74 70 70 73 74 76 76 73 74 77 79 80 77 76 75 76 70 68 70 67 65 71 74 76 78 76 77 76 117 105 107 110 111 114 117 120 122 124 125 125 124 125 125 125 126 127 126 126 126 127 127 127 127 126 125 125 126 126 126 126 125 125 127 127 127 127 127 127 127 127 127 127 127 127 126 126 126 126 126 126 126 125 125 124 124 126 125 125 124 124 125 124 124 124 125 124 124 123 123 123 123 124 124 124 124 125 126 127 126 126 127 126 127 125 125 127 9 -60 -59 -59 -47 -34 60 127 125 123 124 127 127 127 127 127 127 127 127 127 127 126 126 126 126 126 126 125 125 127 126 126 126 125 125 125 124 124 124 124 124 124 124 122 122 123 122 122 122 122 122 122 121 121 122 123 123 122 122 124 124 123 123 123 123 123 115 108 111 110 117 123 127 124 119 121 117 127 107 59 75 79 71 75 74 72 72 72 72 73 73 73 73 73 73 73 72 72 72 72 72 72 73 74 74 74 0
70 74 74 67 62 58 60 61 62 66 67 68 71 72 68 74 78 81 75 76 81 80 74 68 68 68 67 62 60 46 109 115 110 116 119 120 121 121 120 121 126 125 125 125 126 126 126 127 127 127 127 127 127 127 127 127 127 127 127 127 127 127 126 126 127 127 127 127 127 127 127 126 126 126 126 126 125 125 126 126 125 125 125 125 125 124 124 125 125 124 125 124 124 123 123 124 123 122 122 123 123 122 123 124 124 124 124 125 127 127 126 126 127 126 127 126 125 127 9 -55 -55 -55 -55 -51 -37 86 127 125 125 127 127 127 127 127 127 127 127 127 125 125 125 125 124 124 123 124 123 123 122 122 121 121 121 121 121 121 121 119 119 119 119 118 118 118 118 118 118 118 118 118 119 119 120 120 120 119 119 120 120 119 119 119 119 119 114 117 120 116 111 119 125 127 124 120 125 116 82 52 67 85 72 72 74 73 73 73 73 73 73 73 73 73 73 73 73 73 73 73 73 73 74 75 75 75 0
70 75 74 74 90 100 106 101 91 89 84 71 55 49 59 54 54 60 63 72 82 83 75 65 58 50 61 68 85 105 120 122 122 127 126 124 124 124 121 122 123 124 125 126 127 127 126 126 127 127 127 127 127 127 127 127 127 126 127 127 126 126 126 126 127 127 127 127 127 127 127 126 126 126 126 126 126 126 125 125 125 125 125 125 125 124 124 126 126 126 126 126 126 125 124 124 123 122 122 123 123 121 122 122 122 122 123 124 125 126 125 126 127 127 127 127 127 122 -1 -56 -54 -56 -56 -54 -56 -17 98 127 126 127 127 125 125 125 125 125 124 123 122 121 121 121 120 120 119 119 118 120 120 119 119 118 117 117 116 116 116 116 115 115 115 115 115 113 113 115 115 115 114 114 115 115 115 115 115 115 115 115 115 113 113 113 113 113 108 109 111 110 109 115 114 115 117 118 125 73 -48 -6 47 78 72 72 74 73 73 73 73 73 73 73 73 73 73 73 73 73 73 73 73 73 74 75 75 75 0
71 75 75 68 69 73 78 83 91 94 99 103 104 99 91 89 88 78 71 65 58 51 64 73 90 109 119 127 127 127 127 125 124 127 127 127 127 127 125 123 123 122 124 126 127 126 126 125 125 126 126 126 126 125 125 127 124 121 124 126 126 126 125 125 126 127 127 127 127 127 127 127 127 127 127 126 125 126 127 127 127 127 127 127 127 127 127 127 127 127 126 126 125 125 124 123 123 123 123 123 123 121 122 123 123 123 122 123 124 125 123 124 124 125 125 126 124 117 -6 -51 -48 -53 -60 -59 -57 -51 -9 93 126 123 123 122 121 121 121 122 120 119 118 117 117 117 117 116 115 115 115 116 116 115 115 114 113 113 112 112 112 112 111 111 111 111 111 111 111 112 113 113 112 113 112 111 113 111 113 111 111 111 111 110 108 108 105 105 100 102 104 103 106 110 101 101 103 103 114 81 -56 -30 16 59 72 74 75 74 74 73 74 73 73 73 73 73 73 73 74 74 74 74 74 74 75 76 76 76 0
75 75 75 72 73 72 64 58 61 59 74 87 97 99 87 90 99 91 98 112 114 113 119 126 126 125 123 108 74 73 72 66 65 69 68 68 91 111 116 117 117 119 123 126 127 127 127 127 127 127 127 127 127 126 126 126 124 123 123 125 126 126 125 124 126 127 127 127 127 125 125 126 126 126 120 114 114 116 126 126 127 127 127 127 127 127 127 127 126 125 123 123 123 122 122 121 121 120 120 120 120 120 120 121 119 120 119 121 121 121 122 122 123 123 123 121 122 123 54 -41 -50 -52 -56 -59 -56 -52 -54 -13 88 121 117 116 115 117 119 118 117 116 115 114 114 115 112 111 110 111 110 114 113 113 113 112 116 114 114 113 113 112 111 112 110 109 107 107 105 102 105 101 102 97 94 98 87 101 79 87 79 77 88 61 88 49 100 99 97 73 83 102 96 100 98 98 99 100 106 94 -35 -36 48 70 68 77 71 77 72 70 76 73 73 73 73 73 73 73 73 73 74 74 73 73 73 73 73 75 0
75 75 75 75 75 74 75 75 74 78 69 56 52 62 82 90 98 86 54 94 102 104 96 97 101 106 111 90 -7 -8 -2 0 5 9 10 9 22 41 62 84 110 116 112 117 120 125 126 127 127 125 124 123 123 123 123 122 122 123 123 123 124 124 123 122 123 124 124 124 125 125 125 125 125 124 124 126 127 124 124 127 127 127 126 124 124 124 124 125 125 125 124 123 123 122 123 123 121 119 120 119 120 122 122 121 121 120 119 119 120 119 122 123 122 123 122 120 122 111 22 -48 -51 -52 -53 -58 -60 -59 -57 -57 -15 85 116 114 115 115 114 113 111 110 107 108 104 104 102 92 98 85 96 88 95 85 76 92 71 87 68 72 75 57 72 50 59 65 38 57 44 43 65 29 62 35 39 58 22 73 21 47 28 36 57 15 65 12 95 95 94 60 66 96 87 92 93 95 96 95 96 101 81 70 118 127 76 63 74 77 72 70 76 73 73 73 73 73 73 73 73 73 74 74 73 73 73 73 73 75 0
75 75 75 75 75 75 75 74 74 76 76 75 73 74 71 57 55 51 -4 12 76 86 81 79 83 89 95 80 -10 -15 -8 -8 -3 1 3 6 6 10 12 22 39 74 100 112 109 101 114 120 122 122 119 119 119 118 118 118 119 119 119 120 122 122 122 124 121 120 120 120 122 124 124 124 124 124 123 122 123 122 123 125 125 125 125 123 123 122 122 124 125 125 124 124 123 122 124 122 122 120 122 121 121 125 125 127 123 125 122 123 123 121 123 122 122 120 119 118 115 107 -14 -65 -71 -54 -53 -56 -62 -62 -64 -62 -58 -11 87 98 62 64 72 52 66 53 41 65 47 50 58 26 65 15 67 28 65 37 19 60 17 60 20 40 46 28 52 25 41 49 26 52 38 45 65 38 70 51 59 71 55 82 63 75 69 74 81 73 87 77 91 89 85 73 75 84 78 83 83 85 86 84 86 90 97 98 105 108 109 68 67 76 74 72 76 74 74 74 74 74 74 74 74 74 74 74 74 74 74 74 74 75 0
75 75 75 75 75 75 75 74 74 66 66 70 74 73 64 66 75 71 -21 -91 -31 72 79 74 77 78 82 74 8 -14 -17 -16 -14 -10 -8 -4 -1 0 2 4 7 15 36 76 103 78 104 111 114 115 113 112 112 112 112 112 113 114 114 115 116 117 119 122 121 122 122 122 125 125 125 125 123 122 121 121 122 120 120 123 123 126 124 124 123 122 121 120 121 118 119 116 114 114 107 113 102 114 95 98 101 90 108 79 102 81 86 84 63 86 71 59 79 46 68 72 38 50 -52 -67 -77 -62 -52 -53 -55 -59 -64 -62 -58 -57 -8 79 59 35 51 26 53 42 29 60 41 53 61 42 74 44 78 56 83 70 65 82 66 83 70 81 82 82 88 85 87 88 88 90 89 89 90 89 89 90 90 89 90 87 89 88 89 87 84 87 85 84 79 77 75 68 69 68 66 69 70 71 73 72 74 80 84 79 90 95 94 96 56 76 75 72 77 74 74 74 74 74 74 74 74 74 74 74 74 74 74 74 74 75 0
75 75 75 75 75 75 75 75 75 76 76 77 79 77 69 72 78 70 -24 -100 -110 -12 82 73 72 72 73 66 51 32 6 -16 -19 -16 -15 -13 -12 -13 -11 -9 -7 -2 0 14 51 83 107 104 96 106 107 106 106 106 107 107 108 109 110 110 111 113 117 108 111 104 109 107 95 101 88 90 104 122 119 106 110 116 116 120 116 67 85 79 72 88 59 65 70 53 76 51 61 64 35 81 26 89 28 45 54 33 80 14 72 33 55 56 28 65 45 41 69 31 66 70 38 -12 -69 -76 -84 -89 -72 -60 -56 -59 -58 -56 -58 -61 -61 -9 89 93 89 84 92 90 91 92 92 93 91 91 91 92 91 93 92 91 92 88 87 84 87 84 84 83 82 81 80 79 80 78 78 77 77 76 75 75 74 73 73 71 71 70 70 70 69 70 70 68 67 66 64 57 59 59 57 61 62 63 64 63 68 73 76 70 74 82 76 94 67 73 77 74 77 75 75 75 75 75 75 75 75 75 75 75 75 75 75 75 75 75 0
75 75 75 75 75 75 75 75 75 80 80 78 77 76 77 79 83 72 -17 -70 -80 -3 81 71 71 71 70 52 14 10 9 -7 -17 -22 -29 -18 -15 -17 -16 -15 -15 -13 -11 -7 0 24 38 39 61 97 102 100 100 101 101 102 103 104 105 105 105 108 115 39 62 29 60 52 28 57 20 41 72 120 116 84 94 114 111 115 106 16 56 44 43 67 34 49 54 41 69 47 66 67 53 90 56 104 72 85 88 83 105 81 104 95 104 105 101 107 104 106 111 106 110 113 95 -33 -77 -83 -78 -79 -91 -80 -78 -66 -53 -53 -55 -61 -60 -62 -17 91 103 88 81 82 83 82 81 80 79 77 76 76 75 75 75 75 75 73 72 72 72 71 71 70 70 70 69 68 68 67 67 66 66 65 65 65 64 63 64 62 62 61 60 61 60 59 58 58 56 56 54 49 53 53 48 54 53 53 55 55 58 60 61 64 59 55 62 71 74 71 77 74 76 75 75 75 75 75 75 75 75 75 75 75 75 75 75 75 75 75 0
75 75 75 75 75 75 75 75 75 73 73 73 73 74 72 76 81 70 20 3 38 70 69 65 65 64 63 44 -2 -12 -13 -11 -12 -20 -32 -16 -20 -24 -23 -25 -24 -23 -23 -21 -22 -18 3 27 66 89 94 93 93 94 95 96 97 98 99 99 98 102 108 57 75 58 76 72 67 86 72 82 93 113 112 94 96 108 105 108 106 83 96 94 93 99 96 102 104 104 107 106 109 109 111 110 113 115 115 114 115 115 113 115 115 115 112 110 111 109 109 109 107 109 107 110 65 -55 -61 -59 -62 -67 -82 -73 -63 -54 -54 -54 -53 -55 -58 -58 -64 -16 84 103 82 69 67 68 68 67 66 66 65 66 65 64 64 64 63 63 63 62 63 62 61 60 60 59 59 58 57 57 57 56 55 54 53 53 52 51 50 49 48 48 47 46 45 43 42 41 41 40 40 13 3 1 23 45 41 42 44 46 45 47 48 49 43 41 45 48 61 72 77 74 76 75 75 75 75 75 75 75 75 75 75 75 75 75 75 75 75 75 0
75 75 75 75 75 75 75 75 75 73 75 76 78 78 72 73 72 61 68 51 55 53 46 47 48 49 49 38 7 -3 -6 -7 -9 -11 -31 -11 -7 -14 -19 -20 -23 -26 -30 -26 -20 -27 14 41 69 82 85 86 85 86 87 89 91 92 94 93 93 96 99 104 104 103 103 103 104 105 106 105 104 104 103 97 95 95 96 101 102 104 101 99 100 98 99 102 103 103 102 104 103 104 104 105 106 108 109 110 109 107 107 108 106 106 106 107 107 105 106 107 109 107 107 111 37 -54 -50 -54 -58 -61 -59 -53 -55 -55 -55 -55 -52 -50 -54 -57 -59 -61 -24 73 102 89 65 55 57 58 56 55 54 54 53 52 50 49 50 49 48 48 48 47 46 45 45 44 42 42 40 38 38 37 37 36 35 35 33 32 30 29 29 28 27 27 26 25 24 24 25 24 23 11 8 15 24 30 28 31 32 30 35 38 37 30 29 33 30 34 55 74 77 74 76 75 75 75 75 75 75 75 75 75 75 75 75 75 75 75 75 75 0
75 75 75 75 75 75 75 75 75 75 75 75 75 75 75 75 74 73 63 57 50 46 44 37 36 30 23 19 14 7 6 8 4 0 -9 -7 -5 0 -3 -7 -10 -11 -17 -13 -7 -18 23 51 74 68 68 73 75 77 78 77 80 84 87 87 87 89 90 91 93 95 95 94 94 95 94 95 95 96 96 88 84 86 87 94 95 95 95 95 95 95 96 96 96 97 97 98 97 98 99 100 101 102 102 102 102 103 103 103 103 103 103 104 104 104 105 106 106 106 104 105 28 -49 -55 -56 -58 -78 -81 -68 -64 -60 -54 -52 -52 -55 -57 -58 -59 -58 -60 -30 63 99 97 74 48 39 38 38 36 36 39 45 50 47 36 29 29 27 25 24 27 29 29 28 26 24 23 22 21 22 23 22 21 21 19 18 18 17 17 18 18 18 17 17 18 18 19 19 18 20 23 24 23 23 22 24 25 22 25 29 31 30 27 18 27 47 64 76 75 75 75 75 75 75 75 75 75 75 75 75 75 75 75 75 75 75 75 75 0
75 75 75 75 75 75 75 75 75 75 75 75 75 75 75 75 74 75 81 80 70 61 58 42 43 32 17 11 15 13 14 21 20 16 10 2 -3 0 -1 -5 -9 -8 -7 -6 -1 -1 35 63 61 48 50 56 60 64 65 66 69 72 75 76 77 79 80 82 84 85 86 86 86 86 87 88 88 89 88 80 81 81 82 90 89 89 89 89 89 89 90 90 91 92 93 93 92 93 93 94 95 95 95 95 95 96 97 97 99 100 99 99 101 103 103 105 105 106 105 79 -3 -50 -55 -62 -74 -83 -94 -81 -82 -79 -69 -61 -55 -56 -59 -59 -59 -59 -59 -64 -38 50 90 101 94 75 61 52 56 65 73 82 95 104 101 90 91 89 76 54 30 14 17 18 17 17 16 16 15 16 17 16 16 16 15 14 14 13 13 16 16 15 14 15 15 15 17 17 19 19 21 21 22 23 22 22 26 34 20 14 28 34 25 22 41 54 72 75 75 75 75 75 75 75 75 75 75 75 75 75 75 75 75 75 75 75 75 75 0
75 75 75 75 75 75 75 75 75 75 75 75 75 75 75 75 75 75 71 70 73 72 73 72 61 49 50 45 33 27 15 9 14 17 17 19 17 17 12 8 5 0 3 5 13 24 34 37 36 38 42 44 48 51 55 56 57 59 62 65 66 69 71 73 75 76 76 77 78 77 78 79 79 81 82 64 57 55 69 83 83 83 83 83 83 83 84 84 85 86 87 87 86 87 86 86 86 86 85 85 85 86 91 96 96 95 94 96 97 101 102 103 104 105 102 42 -12 -57 -74 -79 -77 -78 -85 -77 -72 -60 -55 -62 -60 -57 -59 -60 -60 -62 -65 -66 -76 -55 30 72 72 68 73 75 83 87 98 114 124 126 127 127 127 127 127 126 113 58 11 13 15 15 14 14 13 13 13 13 14 13 13 12 11 10 11 14 14 14 13 15 15 16 17 18 19 19 21 21 23 24 24 24 25 31 25 20 23 23 33 53 50 68 78 75 75 75 75 75 75 75 75 75 75 75 75 75 75 75 75 75 75 75 75 75 0
75 75 75 75 75 75 75 75 75 75 75 75 75 75 75 75 75 75 69 66 69 72 74 81 80 76 74 66 56 52 42 33 24 23 25 26 27 22 23 23 23 15 11 14 17 21 24 27 31 33 35 35 38 41 46 45 47 48 51 53 56 59 61 64 65 65 66 68 69 68 69 70 71 73 75 54 47 50 66 77 77 77 77 77 77 77 78 78 78 79 79 80 80 80 79 79 79 78 76 76 78 87 91 94 94 93 92 96 100 106 108 111 113 113 113 103 9 -76 -79 -78 -75 -71 -68 -63 -61 -58 -58 -63 -65 -63 -65 -67 -69 -72 -75 -76 -78 -84 -65 -9 -6 9 66 105 120 124 127 127 125 125 125 125 126 126 126 126 127 120 37 10 15 16 15 14 14 14 13 13 14 14 13 12 13 13 14 16 16 15 15 16 17 17 18 19 20 21 21 23 25 26 27 27 26 19 29 31 21 23 49 62 68 75 75 75 75 75 75 75 75 75 75 75 75 75 75 75 75 75 75 75 75 75 75 75 0
76 75 75 75 75 75 75 75 75 75 75 75 75 75 74 74 74 74 78 80 78 77 76 71 71 71 71 77 80 69 59 57 48 48 42 31 22 15 17 20 23 19 17 19 20 22 23 26 28 32 32 31 33 37 40 41 43 43 44 46 48 50 53 55 55 55 56 59 60 59 61 62 63 65 66 67 69 70 69 68 69 69 70 70 70 70 70 71 71 71 70 69 70 69 68 69 68 67 66 73 83 87 88 90 91 92 94 98 101 107 106 108 109 108 113 44 -65 -71 -75 -70 -69 -73 -72 -73 -75 -76 -72 -70 -70 -70 -71 -72 -74 -75 -76 -76 -77 -76 -70 -44 -20 -9 79 127 127 127 127 126 125 125 125 126 127 127 126 127 127 127 75 11 17 19 19 18 18 17 15 14 15 15 17 17 17 17 18 19 19 19 19 18 19 20 22 22 23 24 24 24 26 27 28 29 29 22 23 30 38 46 51 64 72 78 76 74 74 74 74 74 74 74 74 75 75 75 74 74 75 75 75 75 75 74 74 75 0
77 76 76 76 76 76 76 75 75 76 76 75 75 75 75 75 75 75 77 78 74 72 71 78 76 71 67 66 69 74 74 72 64 54 44 37 38 37 32 24 18 21 23 24 23 23 23 25 25 29 30 27 30 33 35 39 41 40 40 41 41 44 45 48 47 48 50 51 52 51 53 54 55 56 57 57 57 58 59 59 59 59 59 60 60 60 60 60 60 60 58 58 59 58 57 56 56 59 69 78 81 83 84 85 86 86 87 83 84 85 86 86 85 89 81 -29 -66 -70 -63 -59 -84 -105 -80 -73 -75 -74 -71 -66 -66 -68 -69 -70 -71 -72 -72 -71 -71 -69 -62 -40 -15 -17 -56 106 127 127 127 127 126 126 126 127 127 127 127 127 127 127 104 22 19 23 23 23 23 22 20 20 20 20 22 22 23 23 23 22 22 23 23 22 22 24 25 26 24 24 25 25 26 26 28 29 31 34 32 43 54 57 70 69 66 80 78 75 75 75 75 75 75 75 75 75 75 75 75 75 75 75 75 75 75 75 75 76 0
77 76 77 77 77 77 77 76 76 77 77 76 76 76 75 75 75 75 74 73 73 74 74 75 76 76 77 74 73 77 76 73 78 76 64 58 55 55 55 45 33 28 26 26 25 24 24 25 26 28 28 26 28 29 31 35 37 37 37 37 35 37 39 42 41 41 43 44 45 43 44 46 47 46 45 45 46 47 47 47 48 48 48 50 50 49 49 48 47 47 46 46 47 46 46 47 53 64 75 77 77 80 81 83 83 82 82 82 82 82 82 80 81 81 39 -44 -55 -15 -13 -75 -77 -84 -84 -83 -84 -78 -64 -68 -68 -72 -72 -72 -72 -70 -68 -68 -66 -62 -59 -24 56 96 -40 43 127 127 127 127 127 126 124 124 126 126 125 125 125 126 119 41 20 27 27 28 28 26 25 25 25 25 27 27 27 27 26 25 25 25 25 26 26 27 27 28 24 25 26 27 26 24 26 26 30 40 46 50 63 74 78 80 73 72 75 75 75 75 75 75 75 75 75 76 76 76 75 75 76 76 76 76 76 76 76 77 0
76 76 76 76 76 76 76 76 76 76 76 75 75 75 73 73 73 73 73 73 74 75 75 71 71 73 75 76 78 78 75 73 75 76 76 77 75 69 60 54 59 52 45 40 28 22 23 24 25 26 30 32 29 27 28 31 33 34 37 36 32 34 36 38 41 42 42 42 42 39 40 41 41 41 40 40 42 42 41 40 41 41 41 41 41 41 41 41 41 40 39 38 39 37 38 46 53 66 70 70 71 76 76 78 79 79 77 78 77 77 80 81 80 64 16 11 31 -2 -64 -76 -68 -71 -75 -74 -67 -50 -40 -59 -67 -67 -68 -69 -68 -66 -63 -63 -60 -55 -32 16 113 127 58 1 127 127 126 126 126 125 122 119 119 119 118 118 125 119 117 56 24 31 31 31 31 27 24 25 25 25 26 28 29 29 29 29 29 27 26 27 27 26 26 27 29 29 29 31 26 23 29 34 35 53 53 66 77 76 74 80 75 70 74 74 74 74 74 74 74 74 74 75 75 75 74 74 75 75 75 75 75 76 76 76 0
76 76 76 76 76 76 76 76 76 75 75 75 75 74 72 72 72 72 72 72 72 72 72 72 72 72 72 72 73 73 72 72 73 73 72 72 73 77 74 71 68 58 52 51 51 46 34 31 25 21 20 21 23 25 28 28 26 24 22 26 36 38 37 38 39 40 40 39 39 37 37 36 36 36 36 37 37 38 36 36 36 36 36 36 36 36 35 35 35 34 34 32 32 32 41 45 49 57 61 63 65 71 73 74 75 75 74 74 74 74 76 76 77 74 77 50 -37 -73 -69 -64 -63 -67 -61 -53 -45 -43 -38 -42 -62 -63 -62 -63 -63 -58 -56 -57 -60 -56 12 30 117 127 115 12 116 125 122 121 119 117 114 112 112 112 112 112 118 110 111 59 24 30 30 30 30 31 32 32 32 31 25 26 26 28 29 31 31 30 29 30 30 29 29 28 29 26 25 24 27 37 49 55 56 69 74 74 75 74 72 72 72 72 74 74 74 74 74 74 74 74 74 74 74 74 74 74 74 74 75 75 75 75 75 76 0
76 76 76 76 76 76 76 76 76 76 76 76 76 76 74 74 74 74 74 74 74 74 74 74 74 74 74 74 75 75 74 74 75 75 74 74 76 77 74 71 69 78 79 69 61 59 47 50 45 39 25 18 19 20 21 28 28 24 21 25 35 33 31 30 31 34 34 34 34 33 35 34 33 32 32 33 32 33 31 31 31 31 31 31 31 31 30 30 29 28 28 27 33 40 44 44 46 48 52 55 58 61 69 71 72 71 70 71 70 70 70 71 71 76 41 -42 -64 -58 -57 -58 -62 -58 -54 -54 -52 -49 -44 -41 -47 -73 -79 -67 -67 -69 -76 -84 -91 -73 -13 16 124 127 127 35 93 117 113 112 109 107 106 104 105 105 105 105 105 102 108 60 20 21 21 21 21 23 25 25 25 24 24 24 25 26 25 23 25 26 27 23 22 24 24 23 21 31 42 42 49 53 60 76 87 74 73 75 76 76 74 74 74 74 75 75 75 75 75 75 75 75 75 75 75 75 75 75 75 75 76 76 76 76 76 76 0
76 76 76 76 76 76 76 76 76 78 78 78 78 77 75 75 75 75 75 75 75 75 75 75 75 75 75 75 76 76 75 75 76 76 75 75 76 76 74 73 72 78 82 79 74 72 68 60 54 54 55 54 45 31 20 25 28 32 37 36 26 25 26 26 27 29 29 29 29 31 32 32 31 29 27 28 27 28 27 27 27 27 26 26 26 26 25 26 26 25 22 28 41 42 42 42 44 45 46 48 49 47 53 57 58 57 57 57 57 57 56 56 59 34 -38 -52 -49 -50 -54 -54 -52 -54 -56 -54 -50 -46 -44 -41 -42 -49 -88 -95 -97 -103 -106 -104 -97 -103 -85 21 127 127 127 45 74 109 104 103 102 102 97 95 96 96 96 96 93 95 103 55 24 29 29 29 29 27 26 26 26 26 28 28 30 31 28 24 27 31 33 32 33 36 37 37 39 46 57 63 73 79 75 72 69 74 75 76 75 75 75 75 75 75 75 75 75 75 75 75 75 75 75 75 75 75 75 75 75 75 76 76 76 76 76 76 0
76 76 76 76 76 77 77 76 76 78 78 78 78 78 76 76 76 76 76 76 76 76 76 76 76 76 76 76 76 76 76 76 76 76 76 76 76 76 76 75 73 72 71 72 73 76 86 82 75 68 65 61 58 52 47 32 29 28 27 26 25 28 32 35 30 27 28 28 28 30 29 27 26 24 23 23 24 23 23 23 24 24 23 22 22 21 21 20 20 19 21 31 40 37 37 37 39 41 40 42 44 42 45 49 50 49 47 47 48 48 46 45 49 -1 -39 -43 -47 -49 -49 -47 -42 -44 -46 -44 -42 -41 -40 -39 -38 -34 -37 -38 -38 -45 -53 -41 -77 -115 -79 17 121 107 101 35 58 103 97 97 97 96 90 87 88 88 88 88 81 87 95 52 37 32 31 31 30 37 40 39 38 38 41 40 40 39 42 46 47 50 50 58 59 56 54 55 64 65 71 76 77 75 72 69 69 77 77 77 76 76 76 76 76 76 76 75 75 76 76 76 76 76 76 76 76 76 76 76 76 76 76 76 76 76 76 76 0
77 77 77 77 77 77 77 76 76 79 80 80 80 79 78 78 78 78 78 78 78 78 78 78 78 78 78 78 78 78 78 78 78 78 78 78 78 76 76 76 76 74 74 76 78 79 74 74 76 77 75 70 66 64 66 53 51 45 35 27 22 24 24 25 27 27 29 30 31 28 27 27 25 24 23 23 23 23 23 23 23 22 21 20 20 20 20 19 18 17 21 29 30 28 10 17 26 25 31 32 35 34 37 39 40 42 41 41 41 41 40 38 46 -1 -38 -41 -38 -32 -32 -33 -34 -36 -37 -35 -30 -27 -26 -26 -23 -18 -16 -12 -9 -4 -5 -56 -97 -96 -77 -7 78 68 61 13 44 93 86 86 86 83 80 76 78 78 77 76 72 81 85 50 43 57 56 55 53 55 56 55 53 55 66 66 66 66 64 62 63 65 66 66 68 70 73 75 79 79 78 77 72 70 75 81 84 80 78 78 76 77 78 78 78 78 76 75 75 76 76 76 76 76 76 76 76 76 76 76 76 76 76 76 76 76 76 76 0
77 77 77 77 77 77 77 76 76 79 81 81 81 81 78 78 78 78 78 78 78 78 78 78 78 78 78 78 78 78 78 78 78 78 78 78 78 76 76 77 78 79 80 81 82 81 70 71 73 74 74 75 79 83 84 80 71 58 52 50 42 42 34 26 23 25 27 30 31 28 28 26 25 25 26 26 25 25 25 25 25 25 23 22 22 22 22 21 20 16 18 19 20 21 -3 11 2 -7 20 19 23 24 25 24 26 28 26 27 28 28 29 29 16 -19 -28 -25 -19 -19 -21 -21 -21 -22 -23 -24 -20 -17 -16 -17 -17 -11 -9 -7 -5 -9 -69 -94 -87 -85 -81 -32 33 31 26 -11 30 79 72 72 72 70 69 63 65 65 64 63 63 70 70 45 56 78 76 76 77 75 72 72 73 72 71 71 73 73 77 85 84 84 85 76 74 75 76 74 71 74 79 83 82 81 81 81 81 81 80 78 76 76 78 78 78 78 76 75 75 76 76 76 76 76 76 76 76 76 76 76 76 76 76 76 76 76 76 76 0
78 78 78 78 78 77 77 77 77 80 81 81 81 81 79 79 79 79 79 79 79 79 79 79 79 79 79 79 79 79 79 79 78 78 79 79 78 76 76 78 78 79 79 78 78 78 80 80 79 79 79 80 80 77 75 77 78 78 77 75 71 63 54 51 39 32 34 34 33 29 28 26 25 25 27 27 27 27 27 28 29 30 28 25 25 26 27 28 28 24 26 28 23 23 20 18 11 9 15 13 13 16 18 15 16 16 15 15 15 14 16 15 9 2 -5 -10 -12 -12 -14 -14 -12 -12 -13 -14 -10 -9 -8 -8 -6 -5 -2 -1 0 3 -38 -70 -80 -91 -83 -50 -5 -3 -5 -34 14 60 55 56 56 55 52 47 48 48 48 48 52 56 55 36 68 78 76 76 77 80 81 79 79 80 76 76 76 78 77 77 76 76 74 81 82 81 81 82 82 81 79 78 78 77 77 77 78 81 80 78 76 76 78 78 78 78 76 75 75 76 76 77 77 77 77 77 77 77 77 77 77 77 77 77 77 77 77 77 0
78 78 77 77 77 77 77 78 78 78 79 78 78 78 78 78 78 77 78 78 78 77 77 78 78 78 78 78 77 77 77 77 77 77 77 77 77 76 76 77 77 77 77 76 77 77 78 78 78 78 78 77 77 76 75 76 76 77 79 79 79 75 71 70 59 55 52 45 42 42 44 41 39 38 39 39 39 39 39 40 43 44 43 41 42 43 44 46 48 48 49 49 45 46 42 39 36 32 32 32 32 32 31 29 27 29 34 32 31 29 27 28 29 26 17 -13 -38 -44 -44 -3 6 6 7 8 14 15 18 18 19 16 19 19 19 18 39 38 -25 -102 -85 -59 -18 -22 -28 -52 3 48 47 50 49 49 48 47 46 47 48 51 51 52 58 26 64 77 76 76 76 77 78 78 78 78 77 77 78 78 77 76 76 75 75 78 78 78 78 78 79 78 77 76 76 76 76 76 77 78 77 77 76 76 77 77 77 77 76 76 76 76 76 78 78 78 78 78 78 78 78 78 78 78 78 78 78 77 77 78 0
79 79 78 78 78 78 78 78 78 78 78 78 78 78 78 78 78 77 78 78 78 78 78 77 77 77 77 77 77 77 77 77 77 77 77 77 77 77 77 77 77 77 77 77 78 78 77 77 77 77 77 77 77 77 77 77 77 77 77 77 77 77 78 78 82 81 74 68 65 61 62 60 59 59 58 59 59 60 60 59 60 62 63 64 66 68 69 69 70 73 76 76 74 71 67 65 64 63 64 66 66 65 64 63 62 63 66 64 65 63 63 65 67 67 55 -30 -96 -89 -45 19 15 16 18 19 20 20 23 22 26 26 25 24 24 15 61 86 29 -101 -100 -74 -28 -27 -38 -59 1 43 41 44 43 43 42 44 46 46 48 50 49 52 49 29 71 78 77 77 77 78 77 77 77 77 78 78 77 77 77 77 77 77 77 77 77 77 77 77 77 77 77 77 77 77 77 77 77 77 78 77 77 77 77 77 77 77 77 77 77 77 77 77 77 77 77 78 78 78 78 78 78 78 77 77 77 78 78 77 0
80 80 79 79 79 79 79 79 79 79 79 79 79 79 79 79 79 78 78 79 79 78 78 78 78 78 78 78 79 79 79 79 79 79 79 79 79 79 79 79 79 79 79 79 78 78 78 78 78 78 78 79 79 79 79 79 79 79 79 79 79 79 78 78 77 78 81 84 86 82 79 76 75 74 74 74 74 74 74 75 77 80 79 74 76 78 79 73 72 76 78 78 78 77 76 75 77 77 76 77 77 78 77 78 78 77 75 75 74 74 74 76 77 76 76 3 -115 -112 -27 21 21 21 21 22 17 18 19 16 16 16 12 16 21 29 76 87 63 -33 -75 -58 -37 -37 -45 -66 3 36 35 38 37 38 36 40 41 41 41 41 44 48 30 38 82 80 79 79 79 78 78 78 79 79 78 78 79 79 79 79 79 79 79 78 78 78 78 78 79 79 79 79 79 79 79 79 79 78 78 79 79 79 79 79 79 79 79 79 79 79 79 78 78 78 78 79 79 79 79 79 79 79 79 79 79 79 79 79 0
80 80 80 80 80 80 80 80 80 80 80 79 79 79 79 79 79 78 79 80 79 79 79 79 79 79 79 79 79 79 79 79 79 79 79 79 79 79 79 79 79 79 79 79 78 78 78 78 78 78 78 79 79 79 79 79 79 79 79 79 79 79 78 78 72 70 74 77 80 79 78 78 75 76 77 77 76 76 75 77 78 77 78 79 81 82 83 77 76 79 80 79 78 78 80 80 81 82 83 82 82 83 83 83 83 81 79 80 79 79 79 81 82 80 82 52 -64 -88 -13 11 17 16 15 16 22 26 26 28 21 8 -1 -2 7 53 85 74 77 57 20 11 -31 -55 -62 -71 9 29 29 30 30 30 29 33 36 36 32 29 33 38 13 42 86 80 79 79 79 78 78 78 79 79 78 78 79 79 79 79 79 79 79 78 78 78 78 78 79 79 79 79 79 79 79 79 79 78 78 79 79 79 79 79 79 79 79 79 79 79 79 79 79 79 79 79 79 79 79 79 79 79 80 81 81 80 80 80 0
80 80 80 80 80 81 81 81 81 81 81 80 80 80 79 79 80 80 81 81 81 81 81 79 79 80 80 80 79 79 79 79 79 79 79 79 79 79 79 79 79 79 79 79 79 79 79 79 79 79 79 79 79 79 79 79 79 79 79 79 79 79 79 79 83 84 81 81 80 84 84 84 83 83 84 84 84 84 83 83 84 84 84 82 83 83 84 83 82 83 82 82 79 81 81 82 82 81 81 81 81 80 80 80 80 81 83 83 83 83 83 83 83 83 82 72 37 10 24 29 29 31 30 28 24 25 25 26 30 34 23 31 45 69 84 71 83 74 78 73 -30 -96 -89 -66 16 23 22 24 24 24 23 27 30 27 23 18 20 29 12 49 83 80 79 79 79 79 79 79 79 79 79 79 79 79 79 79 79 79 79 79 79 79 79 79 79 79 79 79 79 79 79 80 80 79 79 79 79 79 79 79 79 79 80 80 79 79 79 80 80 79 79 79 79 79 80 80 80 80 80 80 80 81 81 80 0
81 81 81 81 81 81 81 81 81 80 80 81 81 81 80 80 81 81 80 80 80 80 80 80 80 81 81 81 80 80 80 80 80 80 80 80 80 80 80 80 80 80 80 80 80 80 80 80 80 80 80 80 80 80 80 80 80 80 80 80 80 80 80 80 84 86 82 77 76 80 79 80 80 81 82 82 82 82 80 80 80 80 79 78 77 77 77 79 80 79 78 78 75 76 76 76 76 75 75 75 75 73 73 73 73 75 77 77 77 77 79 77 75 77 76 76 88 66 59 62 55 58 59 60 49 48 47 46 49 54 56 67 81 74 84 82 88 73 83 87 4 -104 -108 -46 19 19 18 20 20 20 20 24 23 16 15 14 15 26 28 60 81 80 80 80 80 80 80 80 80 80 80 80 80 80 80 80 80 80 80 80 80 80 80 80 80 80 80 80 80 80 80 81 81 80 80 80 80 80 80 80 80 80 81 81 80 80 80 81 81 80 80 80 80 80 81 81 81 81 81 81 81 80 80 81 0
82 82 82 82 82 82 82 82 82 81 81 81 81 81 80 80 81 81 81 81 81 81 81 80 80 81 81 81 80 80 80 80 80 80 80 80 80 80 80 80 80 80 80 80 80 80 81 81 80 80 80 80 80 80 80 80 80 80 80 80 80 80 81 81 79 78 78 77 77 75 76 77 78 79 79 79 79 79 78 78 77 75 78 83 82 82 81 82 83 82 82 82 84 84 82 81 82 84 84 84 84 82 82 82 82 82 82 82 82 82 85 82 78 81 85 84 83 82 84 86 82 79 75 73 72 75 75 76 72 71 78 83 84 79 85 75 88 82 77 79 69 -38 -87 -13 16 17 16 18 18 19 20 19 19 15 9 -4 -18 -4 54 75 82 81 80 80 80 80 80 80 80 80 80 80 80 80 80 81 81 80 80 80 80 80 80 80 80 80 80 80 80 80 80 81 81 81 81 80 80 80 80 80 80 80 81 81 80 80 80 81 81 80 80 80 80 80 81 81 81 81 81 81 81 81 81 80 0
83 83 83 83 83 82 82 82 82 82 82 82 82 82 82 82 81 81 82 82 82 82 82 81 81 81 81 81 81 81 81 81 81 81 81 81 81 81 81 81 81 81 81 81 81 81 81 81 81 81 81 81 81 81 81 81 81 81 81 81 81 81 81 81 80 80 81 84 85 82 82 82 84 84 84 84 84 84 84 84 82 82 81 82 82 80 80 80 80 80 79 79 83 82 81 80 82 84 84 84 84 83 83 83 83 82 82 82 82 82 82 80 79 80 84 87 77 78 82 81 81 80 77 77 80 82 81 81 82 81 83 83 77 83 85 71 85 89 78 78 92 54 18 33 40 40 35 26 24 24 25 22 20 22 25 18 24 38 74 82 81 81 81 81 81 81 81 81 81 81 81 81 81 81 81 81 81 81 81 81 81 81 81 81 81 81 81 81 81 81 81 81 81 81 81 81 81 81 81 81 81 81 81 81 81 81 81 81 81 81 81 81 81 81 82 82 81 81 82 82 82 82 82 82 0
84 84 83 83 83 83 83 83 83 83 83 83 83 83 83 83 83 83 82 82 82 82 82 82 82 82 82 82 82 82 82 82 82 82 82 82 82 82 82 82 82 82 82 82 83 83 82 82 82 82 82 82 82 82 82 82 82 82 82 82 83 83 83 83 82 82 82 82 82 83 83 82 82 82 83 83 82 82 82 82 82 82 82 82 82 81 81 82 82 82 82 82 82 82 82 82 83 83 82 82 82 82 82 82 82 82 82 82 82 82 82 82 82 82 82 82 82 82 82 82 82 82 83 83 83 83 82 82 82 82 82 82 82 82 82 82 82 82 82 82 82 83 82 75 66 55 51 47 49 51 52 50 47 53 63 70 79 79 80 80 80 82 82 82 82 82 82 82 82 82 82 82 82 82 82 83 83 82 82 82 82 82 82 82 82 82 82 82 82 82 82 83 83 82 82 82 82 82 82 82 82 82 82 82 82 82 82 82 82 83 83 82 82 82 83 83 83 83 83 83 83 83 83 83 0
84 84 83 83 83 83 83 83 83 83 83 83 83 83 83 83 82 82 82 82 82 82 82 82 82 82 82 82 82 82 82 82 82 82 82 82 82 82 82 82 82 82 82 82 82 82 82 82 82 82 82 82 82 82 82 82 82 82 82 82 82 82 82 82 82 82 82 82 82 82 82 82 82 82 82 82 82 82 82 82 82 82 82 82 82 81 81 82 82 82 82 82 82 82 82 82 82 82 82 82 82 82 82 82 82 82 82 82 82 82 82 82 82 82 82 82 82 82 82 81 81 81 82 82 82 82 82 82 82 82 82 82 82 82 82 82 82 82 82 82 82 82 80 76 75 73 72 77 78 78 78 78 79 80 82 85 83 81 81 81 81 82 82 82 82 82 82 82 82 82 82 82 81 81 81 82 82 82 82 82 82 82 82 82 82 82 82 82 82 82 82 82 82 82 82 82 82 82 82 82 82 82 82 82 82 82 82 82 82 82 82 82 82 82 83 83 83 83 83 83 83 83 83 83 0
83 83 82 82 82 82 82 83 83 82 82 82 82 82 82 82 83 83 82 82 82 82 82 82 82 82 82 82 81 81 82 82 81 81 82 82 82 81 81 82 82 82 82 82 81 81 82 82 82 82 82 82 82 82 82 82 82 82 82 82 81 81 81 81 81 81 81 82 82 81 81 82 82 82 81 81 82 82 82 82 82 82 82 82 82 81 81 82 82 82 81 81 82 82 82 82 81 81 82 82 82 82 82 82 82 82 82 82 82 82 81 80 81 82 82 82 82 82 82 81 81 81 81 81 81 81 82 82 82 82 82 82 82 82 82 82 82 82 81 81 82 82 80 78 83 89 90 80 80 80 80 82 82 78 73 71 78 82 82 82 82 81 81 82 82 82 82 82 82 82 82 82 81 81 81 81 81 82 82 82 82 82 82 82 82 82 82 82 82 82 82 81 81 81 81 82 82 82 82 82 82 82 82 82 82 82 82 82 82 83 83 82 82 82 82 82 83 83 82 82 82 82 82 83 0
84 84 83 83 83 83 83 83 83 83 83 83 83 83 83 83 83 83 83 83 83 83 83 83 83 83 83 83 83 83 83 83 83 83 83 83 83 83 83 83 83 83 83 83 83 83 83 83 83 83 83 83 83 83 83 83 83 83 83 83 83 83 83 83 83 83 83 83 83 83 83 83 83 83 83 83 83 83 83 83 83 83 83 83 83 83 83 83 83 83 83 83 83 83 83 83 82 82 83 83 83 83 83 83 83 83 83 83 83 83 83 83 83 83 83 83 83 83 83 82 82 82 83 83 83 83 83 83 83 83 83 83 83 83 83 83 83 83 83 83 83 83 83 84 86 88 90 87 86 87 87 87 88 86 83 82 82 83 83 83 83 83 83 83 83 83 83 83 83 83 83 83 82 82 82 83 83 83 83 83 83 83 83 83 83 83 83 83 83 83 83 83 83 83 83 83 83 83 83 83 83 83 83 83 83 83 83 83 83 83 83 83 83 83 83 83 83 83 83 83 83 83 83 83 0
85 85 84 84 84 84 84 83 83 83 83 83 83 83 83 83 83 83 83 83 83 83 83 83 83 83 83 83 83 83 83 83 83 83 83 83 83 83 83 83 83 83 83 83 83 83 83 83 83 83 83 83 83 83 83 83 83 83 83 83 83 83 83 83 83 83 83 83 83 83 83 83 83 83 83 83 83 83 83 83 83 83 83 83 83 83 83 83 83 83 83 83 83 83 83 83 83 83 83 83 83 83 83 83 83 83 83 83 83 83 83 83 83 83 83 83 83 83 83 83 83 83 83 83 83 83 83 83 83 83 83 83 83 83 83 83 83 83 83 83 83 83 86 87 83 80 79 81 82 82 82 81 80 83 86 87 85 83 83 83 83 83 83 83 83 83 83 83 83 83 83 83 83 83 83 83 83 83 83 83 83 83 83 83 83 83 83 83 83 83 83 83 83 83 83 83 83 83 83 83 83 83 83 83 83 83 83 83 83 83 84 83 83 83 83 83 83 83 83 83 83 83 83 83 0
86 86 85 85 85 85 85 84 84 84 84 84 84 84 84 84 84 84 84 84 84 83 83 83 83 83 83 83 83 83 83 83 83 83 83 83 83 83 83 83 83 83 83 83 83 83 83 83 83 83 83 83 83 83 83 83 83 83 83 83 83 83 83 83 83 83 83 83 83 83 83 83 83 83 83 83 83 83 83 83 83 83 83 83 83 83 83 83 83 83 83 83 83 83 83 83 83 83 83 83 83 83 83 83 83 83 83 83 83 83 83 83 83 83 83 83 83 83 83 83 83 83 83 83 83 83 83 83 83 83 83 83 83 83 83 83 83 83 83 83 83 83 85 86 83 80 78 81 82 82 82 81 81 83 86 89 86 84 84 84 84 83 83 83 83 83 83 83 83 83 83 83 83 83 83 83 83 83 83 83 83 83 83 83 83 83 83 83 83 83 83 83 83 83 83 83 83 83 83 83 83 83 83 83 83 83 83 83 83 83 84 84 84 84 84 84 84 84 84 84 84 84 84 84 0
86 86 86 86 86 86 86 85 85 85 85 85 85 85 85 85 85 85 85 85 85 84 84 84 84 84 84 84 84 84 84 84 84 84 84 84 84 84 84 84 84 84 84 84 84 84 84 84 84 84 84 84 84 84 84 84 84 84 84 84 84 84 84 84 84 84 84 84 84 84 84 84 84 84 84 84 84 84 84 84 84 84 84 84 84 84 84 84 84 84 84 84 84 84 84 84 84 84 84 84 84 84 84 84 84 84 84 84 84 84 84 84 84 84 84 84 84 84 84 84 84 84 84 84 84 84 84 84 84 84 84 84 84 84 84 84 84 84 84 84 84 84 83 83 84 85 85 84 84 84 84 85 86 85 83 83 84 85 85 85 85 84 84 84 84 84 84 84 84 84 84 84 84 84 84 84 84 84 84 84 84 84 84 84 84 84 84 84 84 84 84 84 84 84 84 84 84 84 84 84 84 84 84 84 84 84 84 84 84 84 85 85 85 85 85 85 85 85 85 85 85 85 85 85 0
87 87 87 87 86 86 86 86 86 86 86 85 85 85 86 86 85 85 85 85 85 85 85 85 85 85 85 85 85 85 85 85 85 85 85 85 85 85 85 85 85 85 85 85 85 85 85 85 85 85 85 85 85 85 85 85 85 85 85 85 85 85 85 85 85 85 85 85 85 85 85 85 85 85 85 85 85 85 85 85 85 85 85 85 85 85 85 85 85 85 85 85 85 85 85 85 85 85 85 85 85 85 85 85 85 85 85 85 85 85 85 85 85 85 85 85 85 85 85 85 85 85 85 85 85 85 85 85 85 85 85 85 85 85 85 85 85 85 85 85 85 85 85 84 85 86 86 85 84 84 84 85 85 85 83 82 85 85 85 85 85 85 85 85 85 85 85 85 85 85 85 85 85 85 85 85 85 85 85 85 85 85 85 85 85 85 85 85 85 85 85 85 85 85 85 85 85 85 85 85 85 85 85 85 85 85 85 85 85 85 86 85 85 85 85 85 86 86 86 86 86 85 85 84 0
86 86 87 87 87 86 86 86 86 87 87 86 86 86 87 87 86 86 86 86 86 86 86 86 86 86 86 86 86 86 86 86 86 86 86 86 86 86 86 86 86 86 86 86 86 86 86 86 86 86 86 86 86 86 86 86 86 86 86 86 86 86 86 86 86 86 86 86 86 86 86 86 86 86 86 86 86 86 86 86 86 86 86 86 86 86 86 86 86 86 86 86 86 86 86 86 86 86 86 86 86 86 86 86 86 86 86 86 86 86 86 86 86 86 86 86 86 86 86 86 86 86 86 86 86 86 86 86 86 86 86 86 86 86 86 86 86 86 86 86 86 86 86 86 86 86 86 86 86 86 86 86 86 86 86 86 86 86 86 86 86 86 86 86 86 86 86 86 86 86 86 86 86 86 86 86 86 86 86 86 86 86 86 86 86 86 86 86 86 86 86 86 86 86 86 86 86 86 86 86 86 86 86 86 86 86 86 86 86 86 86 86 86 86 86 86 87 87 87 87 86 85 85 86 0
87 87 87 87 87 86 86 86 86 88 89 88 88 88 88 88 88 88 88 88 88 87 87 87 87 87 87 87 87 87 87 87 87 87 87 87 87 87 87 87 87 87 87 87 87 87 87 87 87 87 87 87 87 87 87 87 87 87 87 87 87 87 87 87 87 87 87 87 87 87 87 87 87 87 87 87 87 87 87 87 87 87 87 87 87 87 87 87 87 87 87 87 87 87 87 87 87 87 87 87 87 87 87 87 87 87 87 87 87 87 87 87 87 87 87 87 87 87 87 87 87 87 87 87 87 87 87 87 87 87 87 87 87 87 87 87 87 87 87 87 87 87 87 87 87 87 87 87 87 87 87 87 87 87 87 87 87 87 87 87 87 87 87 87 87 87 87 87 87 87 87 87 87 87 87 87 87 87 87 87 87 87 87 87 87 87 87 87 87 87 87 87 87 87 87 87 87 87 87 87 87 87 87 87 87 87 87 87 87 88 88 88 88 88 88 88 88 88 88 88 87 86 86 86 0
89 89 89 89 89 88 88 88 88 88 88 88 88 88 87 87 88 88 88 88 87 86 86 86 86 86 86 86 86 86 86 86 86 86 86 86 86 86 86 86 86 86 86 86 86 86 86 86 86 86 86 86 86 86 86 86 86 86 86 86 86 86 86 86 86 86 86 86 86 86 86 86 86 86 86 86 86 86 86 86 86 86 86 86 86 86 86 86 86 86 86 86 86 86 86 86 86 86 86 86 86 86 86 86 86 86 86 86 86 86 86 86 86 86 86 86 86 86 86 86 86 86 86 86 86 86 86 86 86 86 86 86 86 86 86 86 86 86 86 86 86 86 86 86 86 86 86 86 86 86 86 86 86 86 86 86 86 86 86 86 86 86 86 86 86 86 86 86 86 86 86 86 86 86 86 86 86 86 86 86 86 86 86 86 86 86 86 86 86 86 86 86 86 86 86 86 86 86 86 86 86 86 86 86 86 86 86 86 86 88 88 88 88 88 88 88 87 87 87 87 88 88 88 88 0
88 88 88 88 87 87 87 86 86 88 88 89 89 89 88 88 89 89 89 89 89 89 89 88 88 88 87 88 87 87 87 87 88 88 87 87 87 87 87 87 87 87 87 87 87 87 87 87 87 87 87 87 87 87 87 87 87 88 88 88 87 87 87 87 87 87 87 87 87 86 86 87 87 87 87 87 87 87 87 87 87 87 87 87 87 87 87 87 87 87 87 87 87 87 87 87 86 86 86 87 87 86 86 87 88 88 87 87 88 88 87 87 87 87 87 86 86 87 87 87 87 87 87 87 87 87 87 87 87 87 87 87 87 87 87 87 87 87 87 87 87 87 87 87 87 87 87 88 88 87 87 87 87 87 88 88 87 87 87 87 87 87 87 87 87 87 87 87 87 87 87 87 87 87 87 87 87 86 86 87 87 87 87 87 87 87 87 87 87 87 87 87 87 88 88 87 87 87 87 87 88 88 87 87 87 87 87 89 89 89 89 89 89 89 89 89 88 88 89 89 89 89 89 89 0
89 89 89 89 88 88 88 87 87 89 89 89 89 89 89 89 89 89 89 89 89 89 89 88 88 88 87 88 88 87 88 88 88 88 88 88 88 88 88 88 88 88 88 88 88 88 88 88 88 88 88 88 88 88 88 88 88 88 88 88 88 88 88 88 88 88 88 88 88 87 87 88 88 88 88 88 88 88 88 88 88 88 88 88 88 88 88 88 88 88 88 88 88 88 88 88 87 87 87 88 88 87 87 88 88 88 88 88 88 88 88 88 88 88 88 87 87 88 88 88 88 88 88 88 88 88 88 88 88 88 88 88 88 88 88 88 88 88 88 88 88 88 88 88 88 88 88 88 88 88 88 88 88 88 88 88 88 88 88 88 88 88 88 88 88 88 88 88 88 88 88 88 88 88 88 88 88 87 87 88 88 88 88 88 88 88 88 88 88 88 88 88 88 88 88 88 88 88 88 88 88 88 88 88 88 88 88 89 89 89 89 89 89 89 89 89 89 89 89 89 89 89 89 90 0
90 90 90 90 89 89 89 88 88 89 89 89 89 89 89 89 89 89 89 89 89 89 89 88 88 89 88 89 87 87 87 87 88 88 88 88 88 87 87 88 88 87 87 87 87 87 87 87 87 87 87 87 87 87 87 87 87 88 88 88 88 88 88 88 87 87 87 88 88 88 88 87 87 87 87 87 87 87 87 87 87 87 87 87 87 87 87 88 88 88 88 88 87 87 87 87 88 88 88 87 87 88 88 88 88 88 88 88 88 88 87 87 87 87 87 88 88 87 87 88 88 88 87 87 88 88 88 88 88 87 87 87 87 87 87 87 88 88 87 87 88 88 87 87 87 87 87 88 88 87 87 87 87 87 88 88 88 88 88 88 88 88 88 87 87 87 87 87 87 87 87 87 87 87 87 87 87 88 88 87 87 88 88 88 87 87 88 88 87 87 87 87 87 88 88 87 87 87 87 87 88 88 88 88 88 88 88 89 89 89 89 89 89 89 89 89 89 89 89 89 90 91 91 92 0
90 90 91 90 90 90 90 89 89 90 90 89 89 89 90 90 89 89 89 89 89 89 89 89 89 90 89 89 88 87 88 88 89 89 89 89 89 88 88 89 89 88 88 88 88 88 88 88 88 88 88 88 88 88 88 88 88 89 89 89 89 89 89 89 88 88 88 89 89 89 89 88 88 88 88 88 88 88 88 88 88 88 88 88 88 88 88 89 89 89 89 89 88 88 88 88 89 89 89 88 88 89 89 89 89 89 89 89 89 89 88 88 88 88 88 89 89 88 88 89 89 89 88 88 89 89 89 89 89 88 88 88 88 88 88 88 89 89 88 88 89 89 88 88 88 88 88 89 89 88 88 88 88 88 89 89 89 89 89 89 89 89 89 88 88 88 88 88 88 88 88 88 88 88 88 88 88 89 89 88 88 89 89 89 88 88 89 89 88 88 88 88 88 89 89 88 88 88 88 88 89 89 89 89 89 89 89 89 89 89 89 89 89 89 89 89 90 90 89 89 90 91 91 93 0
93 93 93 92 91 92 92 92 92 92 92 91 91 91 91 91 91 91 91 91 91 91 91 91 91 90 90 90 90 90 90 90 90 90 90 90 90 90 90 90 90 90 90 90 90 90 90 90 90 90 90 90 90 90 90 90 90 90 90 90 90 90 90 90 90 90 90 90 90 90 90 90 90 90 90 90 90 90 90 90 90 90 90 90 90 90 90 90 90 90 90 90 90 90 90 90 90 90 90 90 90 90 90 90 90 90 90 90 90 90 90 90 90 90 90 90 90 90 90 90 90 90 90 90 90 90 90 90 90 90 90 90 90 90 90 90 90 90 90 90 90 90 90 90 90 90 90 90 90 90 90 90 90 90 90 90 90 90 90 90 90 90 90 90 90 90 90 90 90 90 90 90 90 90 90 90 90 90 90 90 90 90 90 90 90 90 90 90 90 90 90 90 90 90 90 90 90 90 90 90 90 90 90 90 91 91 91 91 91 91 91 91 91 91 91 91 91 91 91 91 91 92 92 92 0
94 94 94 93 92 92 92 93 93 93 93 92 92 92 92 92 92 92 92 92 92 92 92 92 92 91 91 91 92 92 91 91 91 91 91 91 91 91 91 91 91 92 92 92 92 92 91 91 91 91 91 91 91 91 91 92 92 92 92 92 92 92 91 91 92 92 92 91 91 91 91 91 91 91 91 91 92 92 92 92 91 91 91 91 91 91 91 91 91 91 91 91 91 91 91 91 91 91 91 92 92 91 91 91 91 91 91 91 91 91 92 92 92 91 91 92 92 91 91 91 91 91 92 92 92 92 91 91 91 91 91 92 92 91 91 91 91 91 92 92 91 91 92 92 92 91 91 91 91 91 91 91 92 92 92 92 92 92 92 92 92 92 92 91 91 92 92 92 92 92 92 92 92 92 92 91 91 91 91 91 91 91 91 91 92 92 91 91 92 92 92 92 92 91 91 91 91 91 91 91 91 91 91 91 91 91 91 92 92 92 92 91 91 91 92 92 92 92 92 92 92 93 93 93 0
94 94 94 93 93 93 93 93 93 93 93 93 93 93 93 93 93 93 93 93 93 93 93 93 93 92 92 92 93 93 92 92 92 92 92 92 92 92 92 92 92 93 93 93 91 91 92 92 92 92 92 92 92 92 92 92 92 93 93 93 93 93 92 92 92 92 92 92 92 92 92 92 92 92 92 92 92 92 93 93 92 92 92 92 92 92 92 92 92 92 92 92 92 92 92 92 92 92 92 93 93 92 92 92 92 92 92 92 92 92 93 93 93 92 92 92 92 92 92 92 92 92 93 93 93 93 92 92 92 92 92 93 93 92 92 92 92 92 93 93 92 92 93 93 93 92 92 92 92 92 92 92 93 93 93 93 92 92 92 93 93 93 93 92 92 93 93 93 93 93 92 92 93 93 93 92 92 92 92 92 92 92 92 92 93 93 92 92 93 93 93 93 93 92 92 92 92 92 92 92 92 92 92 92 92 92 92 93 93 93 93 92 92 92 93 93 93 93 93 93 93 93 93 93 0
94 94 93 93 93 93 93 93 93 93 93 93 93 93 93 93 92 92 93 93 93 93 93 92 92 92 92 92 91 91 92 92 92 92 92 92 92 92 92 92 92 91 91 91 91 91 92 92 92 92 92 92 92 92 92 92 92 91 91 91 91 91 92 92 93 93 93 92 92 92 92 92 92 92 92 92 92 92 91 91 92 92 92 92 92 92 92 92 92 92 92 92 92 92 92 92 92 92 92 91 91 92 92 92 92 92 92 92 92 92 91 91 91 92 92 92 92 92 92 92 92 92 91 91 91 91 92 92 92 92 92 91 91 92 92 92 92 92 91 91 92 92 91 91 91 92 92 92 92 92 92 92 91 91 91 91 91 91 91 91 91 91 91 92 92 91 91 91 91 91 92 92 91 91 91 92 92 92 92 92 92 92 92 92 91 91 92 92 91 91 91 91 91 92 92 92 92 92 92 92 92 92 92 92 92 92 92 92 92 93 93 92 92 92 93 93 93 93 93 93 93 93 93 93 0
95 95 95 95 95 94 94 94 94 94 94 94 94 94 93 93 92 92 94 94 94 94 94 92 92 92 92 92 92 92 92 92 92 92 92 92 92 92 92 92 92 92 92 92 92 92 92 92 92 92 92 93 93 93 93 93 93 92 92 92 92 92 92 92 93 93 93 92 92 93 93 92 92 92 93 93 93 93 92 92 93 93 93 93 93 92 92 93 93 93 93 93 92 92 92 92 92 92 92 92 92 92 92 92 92 92 92 92 93 93 92 92 92 93 93 93 93 93 93 92 92 92 92 92 92 92 92 92 92 92 92 92 92 92 92 92 92 92 92 92 92 92 92 92 92 92 92 92 92 92 92 92 92 92 92 92 92 92 92 92 92 92 92 93 93 92 92 92 92 92 93 93 92 92 92 92 92 92 92 92 92 92 92 92 92 92 92 92 92 92 92 92 92 93 93 93 93 93 93 93 93 93 93 93 93 93 93 92 92 93 93 93 93 93 94 94 94 94 94 94 94 95 95 95 0
95 95 95 94 94 94 94 93 93 93 93 93 93 93 93 93 93 93 94 94 94 94 94 93 93 92 92 92 92 92 92 92 92 92 92 92 92 92 92 92 92 92 92 92 92 92 92 92 92 92 92 93 93 93 93 93 93 92 92 92 92 92 92 92 93 93 93 92 92 93 93 93 93 93 93 93 93 93 92 92 93 93 93 93 93 93 93 93 93 93 93 93 92 92 93 93 93 93 93 92 92 92 92 93 93 93 93 93 93 93 92 92 92 93 93 93 93 93 93 92 92 92 92 92 92 92 92 92 92 92 92 92 92 92 92 92 92 92 92 92 92 92 92 92 92 92 92 92 92 92 92 92 92 92 92 92 92 92 92 92 92 92 92 93 93 93 93 93 93 93 93 93 92 92 92 92 92 92 92 92 92 92 92 92 92 92 92 92 92 92 92 92 92 93 93 93 93 93 93 93 93 93 93 93 93 93 93 93 93 93 93 93 93 93 93 93 93 93 93 93 94 94 94 95 0
96 96 96 95 95 96 96 95 95 95 95 95 95 95 94 94 94 94 94 94 94 94 94 94 94 94 93 93 93 93 93 93 93 93 93 93 93 93 93 93 93 93 93 93 93 93 93 93 93 93 93 94 94 94 94 94 94 93 93 93 93 93 93 93 94 94 94 93 93 94 94 94 94 94 94 94 94 94 93 93 94 94 94 94 94 94 94 94 94 94 94 94 93 93 94 94 94 94 94 93 93 93 93 94 94 94 94 94 94 94 93 93 93 94 94 94 94 94 94 93 93 93 93 93 93 93 93 93 93 93 93 93 93 93 93 93 93 93 93 93 93 93 93 93 93 93 93 93 93 93 93 93 93 93 93 93 93 93 93 93 93 93 93 94 94 94 94 94 94 94 94 94 93 93 93 93 93 93 93 93 93 93 93 93 93 93 93 93 93 93 93 93 93 94 94 94 94 94 94 94 94 94 94 94 94 94 94 94 94 94 94 94 94 94 95 95 95 95 95 95 95 95 95 95 0
97 97 97 97 97 97 97 96 96 96 96 95 95 95 95 95 95 95 95 95 94 94 94 95 94 95 95 95 95 95 95 95 95 95 95 95 95 95 95 95 95 95 95 95 95 95 95 95 95 95 95 95 95 95 95 95 95 95 95 95 95 95 95 95 95 95 95 95 95 95 95 95 95 95 95 95 95 95 95 95 96 96 96 95 95 95 95 96 96 96 95 95 95 95 95 95 95 95 95 96 96 95 95 95 95 95 95 95 96 96 95 95 95 96 96 95 95 96 96 95 95 95 95 95 95 95 95 95 95 95 95 95 95 95 95 95 95 95 95 95 94 94 95 95 95 95 95 95 95 95 95 95 95 95 95 95 95 95 95 95 95 95 95 95 95 94 94 94 95 95 95 95 95 95 95 95 95 95 95 95 95 94 94 94 95 95 94 94 95 95 95 95 95 95 95 95 95 95 95 95 95 95 95 95 95 95 95 94 94 95 95 95 95 95 96 96 97 97 97 97 97 98 98 98 0
98 98 98 98 98 99 98 98 98 96 96 96 96 96 96 96 96 96 96 96 96 95 95 97 96 96 96 96 96 96 96 96 96 96 96 96 96 96 96 96 96 96 96 96 96 96 96 96 96 96 96 96 96 97 97 96 96 97 97 97 96 96 96 96 96 96 96 96 96 97 97 96 96 96 97 97 97 97 97 97 97 97 97 97 97 96 96 97 97 97 96 96 97 97 96 96 97 98 98 98 98 96 96 96 96 96 97 97 97 97 96 96 96 97 97 96 96 97 97 96 96 96 96 96 96 96 97 97 97 96 96 96 96 96 96 96 96 96 96 96 97 97 97 96 96 96 96 97 97 96 96 96 96 96 97 97 96 96 96 96 96 96 96 96 96 97 97 97 96 96 96 96 96 96 96 97 97 96 96 96 96 96 96 96 96 96 96 96 96 96 96 96 96 96 96 96 96 96 96 96 96 96 96 96 97 97 97 97 97 97 97 97 97 97 97 97 99 99 99 99 99 100 100 100 0
99 99 98 98 99 100 99 99 99 98 98 98 98 98 98 98 98 98 98 98 98 98 98 97 97 97 97 97 97 97 97 97 97 97 97 97 97 97 97 97 97 97 97 97 97 97 97 97 97 97 97 97 97 97 97 97 97 97 97 97 97 97 97 97 97 97 97 97 97 97 97 97 97 97 97 97 97 97 99 99 98 98 98 99 99 97 97 98 98 98 97 97 98 98 97 97 98 99 99 99 99 97 97 97 97 97 98 98 98 98 97 97 97 98 98 97 97 97 97 97 97 97 97 97 97 97 97 97 97 97 97 97 97 97 97 97 97 97 97 97 97 97 97 97 97 97 97 97 97 97 97 97 97 97 97 97 97 97 97 97 97 97 97 97 97 97 97 97 97 97 97 97 97 97 97 97 97 97 97 97 97 98 98 98 97 97 97 97 97 97 97 97 97 97 97 97 97 97 97 97 97 97 98 98 99 99 99 99 99 98 98 98 98 98 98 98 99 99 99 99 99 100 100 100 0
99 99 99 99 99 99 98 98 98 97 97 97 97 97 97 97 97 97 97 97 97 97 97 99 98 98 98 98 98 98 98 98 98 98 98 98 98 98 98 98 98 98 98 98 98 98 98 98 98 98 98 98 98 98 98 98 98 98 98 98 98 98 98 98 98 98 98 98 98 98 98 98 98 98 98 98 98 98 99 99 99 99 99 99 99 98 98 99 99 99 98 98 99 99 98 98 99 99 99 99 99 98 98 98 98 98 99 99 99 99 98 98 98 99 99 98 98 98 98 98 98 98 98 98 98 98 98 98 98 98 98 98 98 98 98 98 98 98 98 98 98 98 98 98 98 98 98 98 98 98 98 98 98 98 98 98 98 98 98 98 98 98 98 98 98 98 98 98 98 98 98 98 98 98 98 98 98 98 98 98 98 98 98 98 98 98 99 99 98 98 98 98 98 98 98 98 98 98 98 98 98 98 98 98 99 99 99 99 99 99 99 99 99 99 99 99 99 99 99 99 99 100 100 99 0
100 100 99 99 99 100 100 100 100 98 98 98 98 98 99 99 98 98 98 98 98 97 97 100 100 99 99 99 98 98 100 100 100 100 100 100 100 100 100 100 100 100 100 100 99 99 100 100 100 100 100 100 100 100 100 99 99 99 99 99 99 99 100 100 100 100 99 99 99 99 99 100 100 100 99 99 100 100 100 100 100 100 100 100 100 100 100 99 99 99 100 100 100 100 100 100 99 98 98 98 98 100 100 100 100 100 100 100 100 100 100 100 100 100 100 100 100 99 99 100 100 100 100 100 100 100 99 99 99 99 99 99 99 99 99 99 99 99 99 99 100 100 99 99 99 100 100 100 100 100 100 100 100 100 100 100 100 100 100 100 100 100 100 99 99 99 99 99 99 99 99 99 99 99 99 99 99 100 100 100 100 99 99 99 100 100 100 100 99 99 99 99 99 100 100 100 100 100 100 100 99 99 99 99 100 100 100 100 100 100 100 100 100 100 100 100 98 98 98 98 98 100 100 99 0
99 99 100 99 100 101 101 101 100 99 99 99 99 99 100 100 99 99 99 99 99 99 99 101 101 99 99 99 99 99 100 100 100 100 100 100 100 100 100 100 100 100 100 100 100 100 100 100 100 100 100 100 100 100 100 100 100 100 100 100 100 100 100 100 100 100 99 100 100 100 100 100 100 100 100 100 100 100 99 99 99 99 99 99 99 100 100 100 100 100 100 100 100 100 100 100 100 99 99 99 99 100 100 100 100 100 99 99 99 99 100 100 100 99 99 100 100 100 100 100 100 100 100 100 100 100 98 98 98 98 98 98 98 98 98 98 98 98 98 98 100 100 100 100 100 100 100 100 100 100 100 100 100 100 100 100 100 100 100 100 100 100 100 100 100 100 100 100 100 100 100 100 100 100 100 100 100 100 100 100 100 100 100 100 100 100 99 99 100 100 100 100 100 100 100 100 100 100 100 100 100 100 100 100 100 100 100 100 100 100 100 100 100 100 99 99 99 99 100 100 100 100 100 100 0
101 101 100 99 99 100 100 99 99 100 101 102 102 102 100 100 101 101 101 101 101 100 100 102 102 101 101 101 102 102 101 101 101 101 101 101 101 101 101 101 101 101 101 101 101 101 101 101 101 101 101 101 101 101 101 101 101 100 100 100 100 100 101 101 101 101 101 101 101 101 101 101 101 101 101 101 101 101 101 101 101 101 101 101 101 101 101 101 101 101 101 101 101 101 101 101 100 100 100 100 100 101 101 101 101 101 101 101 101 101 101 101 101 101 101 101 101 101 101 101 101 101 101 101 101 101 100 100 100 100 100 100 100 100 100 100 100 100 100 100 101 101 101 101 101 101 101 101 101 101 101 101 101 101 101 101 101 101 101 101 101 101 101 100 100 100 100 100 101 101 101 101 100 100 100 100 100 101 101 101 101 101 101 101 101 101 101 101 101 101 101 101 101 101 101 101 101 101 101 101 100 100 101 101 101 101 101 101 101 101 101 101 101 101 101 101 100 100 101 101 101 100 100 100 0
102 102 102 101 100 100 100 101 100 102 102 103 103 103 102 102 101 101 101 101 101 102 102 104 104 103 103 103 103 103 103 103 102 102 102 102 102 103 103 103 103 103 103 103 103 103 103 103 103 103 103 103 103 103 103 103 103 102 102 102 102 102 103 103 103 103 103 102 102 102 102 103 103 103 103 103 103 103 103 103 103 103 103 103 103 103 103 103 103 103 102 102 102 102 102 102 101 100 100 100 100 102 102 102 102 102 103 103 103 103 103 103 103 103 103 103 103 103 103 103 103 103 103 103 103 103 102 102 102 102 102 102 102 102 102 102 102 102 102 102 103 103 103 103 103 103 103 103 103 103 103 103 103 103 103 103 103 103 103 103 103 103 103 102 102 102 102 102 103 103 103 103 102 102 102 102 102 103 103 103 103 103 103 103 103 103 103 103 103 103 103 103 103 103 103 103 103 103 103 103 102 102 103 103 102 102 102 102 102 102 102 102 102 102 103 103 101 101 101 101 101 101 101 101 0
102 102 103 102 102 100 101 102 102 101 100 101 102 102 102 102 101 101 101 101 101 102 102 101 101 101 101 101 101 101 101 101 101 101 101 100 100 103 103 103 103 102 101 101 101 101 101 101 101 101 101 101 101 101 101 102 102 101 101 101 102 102 101 101 102 102 102 102 102 102 102 102 102 102 102 102 103 103 103 103 103 103 103 102 102 103 103 102 102 102 102 102 104 104 104 104 104 104 104 104 104 102 102 102 102 103 103 103 104 104 103 103 103 103 103 103 103 102 102 101 101 101 101 101 104 104 104 104 104 103 103 103 103 103 103 103 104 103 101 101 102 102 103 103 103 103 104 103 103 103 103 103 103 103 103 103 102 102 102 102 102 103 103 102 102 102 102 102 102 102 102 102 102 102 102 101 101 101 101 101 101 101 101 102 102 102 103 103 103 103 103 103 103 101 101 101 101 102 103 103 102 102 101 101 101 101 101 102 102 102 101 103 104 104 104 104 102 102 102 102 101 100 101 101 0
103 103 103 103 102 101 101 101 101 101 102 102 102 102 102 102 103 103 103 103 103 102 102 101 101 101 101 101 101 101 101 101 100 101 101 101 101 103 103 103 103 102 102 102 102 102 101 101 101 101 101 101 101 101 101 103 103 102 102 102 103 103 102 102 103 103 103 103 103 103 103 103 103 103 103 103 103 103 103 103 103 103 103 103 103 103 103 103 103 103 102 102 104 104 104 104 104 104 104 104 104 103 103 102 102 103 105 105 105 105 104 103 103 103 103 103 103 103 103 102 102 102 102 102 103 103 103 103 103 102 102 102 102 102 102 102 103 103 101 101 102 102 103 104 104 104 105 103 103 103 103 103 103 103 103 103 103 103 103 102 102 103 103 103 103 103 103 103 103 103 103 103 103 103 102 101 101 101 101 101 101 102 102 102 103 103 103 103 103 103 103 103 103 101 101 101 101 102 103 103 102 102 102 102 102 102 102 102 102 102 102 104 105 105 105 104 103 103 103 103 102 101 102 101 0
105 105 105 105 104 103 103 102 102 104 104 103 103 103 104 104 103 103 104 104 104 104 104 103 103 103 103 103 103 103 103 103 102 103 103 103 103 103 103 103 103 103 103 103 103 103 103 103 103 103 103 103 103 103 103 104 104 103 103 103 103 103 103 103 103 103 103 103 103 102 102 102 102 102 103 103 102 102 102 102 102 102 102 103 103 102 102 103 103 103 102 102 104 104 104 104 104 104 104 104 104 102 101 102 102 102 103 103 104 104 103 102 102 103 103 103 103 103 103 102 102 102 102 102 103 103 104 104 104 103 103 103 103 103 103 103 104 103 101 101 102 102 103 104 104 103 104 103 102 102 102 102 103 103 103 103 101 101 101 102 103 104 104 104 104 104 104 104 104 104 104 104 104 104 103 102 102 102 102 103 103 104 104 104 105 105 104 104 105 105 105 105 105 103 103 102 102 102 103 103 102 102 102 102 102 102 102 102 102 102 101 104 105 105 105 104 103 102 103 103 102 103 103 102 0
105 105 105 105 105 104 104 104 104 104 104 103 103 103 104 104 105 105 104 104 104 104 104 104 104 104 104 104 104 104 104 104 102 102 103 103 103 104 104 104 104 104 104 104 104 104 104 104 104 104 104 104 104 104 104 104 104 104 104 104 103 103 104 104 103 103 103 103 103 103 103 103 103 103 103 103 102 102 102 102 102 102 102 103 103 102 102 103 103 102 101 101 102 102 102 102 102 102 102 102 102 102 102 102 102 102 102 102 103 103 103 102 102 102 102 103 103 104 104 103 103 103 103 103 104 104 104 104 104 103 103 103 103 103 103 103 104 103 102 102 102 102 103 103 103 102 103 102 102 102 102 102 103 103 103 103 102 102 102 102 103 105 105 106 106 106 106 106 106 106 106 106 106 106 105 104 104 103 103 103 103 103 103 103 105 105 105 105 106 106 106 107 107 103 103 103 103 103 103 103 102 102 103 103 103 103 103 102 102 102 102 104 104 104 104 104 102 102 103 103 103 103 104 104 0
105 104 103 103 103 103 103 102 102 103 104 104 104 105 106 106 107 107 106 105 105 104 104 105 105 105 105 105 105 105 105 105 104 103 104 104 105 106 106 106 105 106 106 106 106 106 107 107 106 106 106 107 107 106 106 107 106 105 105 105 105 105 104 104 103 104 105 105 106 105 105 105 104 104 104 104 104 104 104 104 104 104 105 105 105 104 103 104 104 104 103 103 103 102 103 103 103 103 103 103 103 103 103 103 103 103 102 102 103 103 103 103 103 102 102 104 103 104 104 104 104 104 104 104 104 104 104 104 104 103 103 103 103 103 103 103 103 103 103 103 103 104 104 103 103 103 104 104 104 103 103 104 104 103 104 104 103 103 102 102 104 106 106 105 105 106 106 106 106 106 106 106 106 106 106 105 105 103 103 103 103 103 103 103 105 105 105 105 106 106 106 106 106 103 103 104 104 104 103 103 103 103 104 104 104 104 104 103 103 103 103 103 103 104 105 106 105 105 104 104 104 104 104 105 0
107 106 104 104 104 104 104 104 103 105 105 104 105 105 106 106 105 105 105 104 104 105 105 104 104 104 104 104 104 104 104 104 106 106 106 106 106 106 106 106 105 105 106 106 106 106 105 105 106 106 106 106 106 104 104 105 104 104 105 105 104 104 105 105 104 103 104 104 104 104 104 105 105 105 104 104 104 104 105 105 104 105 105 106 106 105 104 105 105 105 105 105 106 105 104 104 105 105 105 105 105 105 105 105 105 105 104 104 105 105 104 103 103 103 103 105 104 104 104 104 104 104 103 103 104 104 104 104 104 104 104 104 104 104 104 104 104 104 104 104 104 105 105 105 105 105 105 105 104 103 103 105 106 104 105 103 103 103 102 102 103 107 107 106 106 105 105 105 106 106 105 105 105 105 105 104 104 103 103 103 103 104 104 104 106 106 105 105 106 106 106 105 105 104 104 104 104 104 104 104 105 105 105 105 105 105 105 105 105 105 105 105 105 106 107 107 106 105 105 105 105 105 105 106 0
107 107 106 106 106 106 106 105 104 106 106 105 104 104 105 105 106 106 106 106 105 105 105 106 106 106 106 106 106 106 106 106 104 104 105 105 105 105 105 105 104 105 106 106 105 105 106 106 105 105 106 107 107 106 106 105 104 104 105 105 105 105 105 105 105 104 104 104 103 104 104 104 105 105 105 105 103 103 104 104 103 103 104 104 104 104 105 105 105 105 106 106 107 106 105 105 105 105 105 105 105 108 108 108 108 107 106 106 107 107 106 105 105 106 107 108 108 107 107 107 107 107 106 106 106 106 105 105 105 106 106 106 106 106 106 106 106 106 106 106 106 107 107 106 106 106 106 104 103 104 105 106 108 108 108 106 105 104 103 103 103 107 107 106 106 105 104 105 106 106 106 106 106 106 106 105 105 104 104 105 105 105 105 105 106 106 104 104 105 105 105 106 106 105 105 106 106 106 106 106 107 107 107 106 106 107 107 107 107 107 107 105 105 105 107 107 105 105 105 105 106 107 107 107 0
107 106 106 105 105 105 105 105 105 107 108 107 106 105 106 106 106 106 107 106 105 107 107 106 106 105 105 106 106 106 107 107 105 105 106 107 107 107 106 105 104 104 105 105 107 107 106 106 107 107 107 107 107 108 108 107 105 106 106 106 105 105 105 105 106 105 104 104 103 104 104 105 106 107 106 107 105 105 104 105 104 105 105 106 106 105 105 106 106 106 106 106 106 105 105 105 106 107 107 107 107 108 108 108 108 107 106 106 107 107 106 105 105 106 106 109 108 108 108 108 108 108 107 107 106 106 106 106 106 106 106 106 106 106 106 106 106 106 107 107 107 108 107 106 106 106 106 105 105 106 106 107 109 110 109 109 108 107 106 106 106 107 107 106 105 105 106 105 105 105 106 106 106 107 106 106 106 106 106 107 107 106 105 105 106 106 106 106 107 108 108 108 108 105 105 106 106 106 107 107 108 108 108 108 108 108 108 108 108 108 108 107 107 107 107 107 105 105 106 106 106 107 107 107 0
109 108 108 107 106 107 107 106 106 108 108 107 107 107 107 106 106 106 106 106 106 106 106 106 106 105 105 106 108 106 108 107 105 106 107 107 107 108 106 105 105 104 104 104 105 105 107 107 108 108 107 106 107 108 108 106 106 107 107 107 105 105 105 105 106 106 105 105 105 106 106 105 107 107 106 106 105 105 105 105 105 105 106 107 106 107 106 106 106 106 106 106 104 104 104 105 105 105 105 106 106 105 105 106 106 106 105 105 105 105 104 104 104 104 104 106 105 106 106 107 107 106 106 106 106 106 105 105 106 107 106 105 105 104 105 107 107 108 107 107 108 108 107 106 106 107 107 106 106 106 106 107 109 109 109 109 108 107 107 107 107 107 107 106 104 106 107 106 105 106 107 107 107 108 108 106 106 104 105 107 107 106 106 106 105 105 105 105 106 107 107 107 107 106 106 107 107 107 108 108 108 108 108 108 108 108 108 107 107 109 109 108 108 108 109 109 106 105 106 106 106 107 107 107 0
110 109 109 108 107 108 108 107 107 109 107 106 106 107 109 108 107 107 107 107 107 107 107 107 107 108 108 108 107 106 106 106 107 107 107 107 107 107 108 108 107 106 105 105 105 105 108 108 108 108 108 108 108 108 108 106 107 107 107 108 107 107 106 107 106 106 107 107 107 107 106 107 108 108 107 107 107 106 107 106 106 106 107 109 108 108 108 106 106 106 106 107 106 106 106 107 108 107 107 108 108 108 108 108 108 108 108 108 108 108 108 108 108 106 107 109 109 109 109 108 107 107 107 107 107 107 106 105 106 107 106 107 107 105 106 107 109 109 107 107 107 107 108 110 110 111 110 109 109 108 108 108 110 110 111 111 109 108 108 108 108 108 108 108 107 108 108 108 107 108 108 108 108 108 108 107 107 106 104 107 107 106 106 106 107 107 107 107 107 107 107 107 107 107 107 108 108 108 107 107 107 107 107 107 107 107 107 107 107 107 107 108 108 108 108 108 109 109 108 108 107 107 107 106 0
110 109 109 107 107 108 108 107 107 108 107 107 107 107 108 109 109 109 108 108 108 108 108 109 109 109 109 109 107 107 106 106 107 107 106 106 106 108 109 109 108 107 106 107 107 107 108 108 109 109 109 108 108 107 107 107 108 108 109 110 109 109 109 109 107 107 109 109 109 108 107 109 108 109 110 110 109 108 109 107 106 106 107 111 110 109 110 107 106 106 107 109 109 109 108 108 109 108 108 108 108 110 110 109 109 109 109 109 109 109 109 109 109 109 109 110 110 110 110 109 109 109 109 109 108 108 108 107 108 108 107 106 106 106 106 108 109 109 108 108 107 107 109 110 110 111 111 109 109 109 109 108 109 110 109 109 108 108 108 108 108 107 107 106 107 106 106 106 106 108 108 108 108 108 107 109 109 108 107 108 108 107 107 107 108 108 108 108 108 108 108 108 108 108 108 109 109 109 109 109 109 109 108 108 108 108 108 106 106 106 106 107 107 107 107 108 110 110 110 110 108 106 106 105 0
110 109 109 108 109 110 110 109 108 107 107 107 107 108 108 109 109 109 109 109 109 109 109 111 111 111 111 110 108 107 107 107 109 109 108 108 108 107 107 108 108 107 108 109 110 110 109 109 109 109 110 108 108 108 108 110 111 110 111 110 109 109 109 109 107 108 109 112 111 111 111 111 111 110 111 111 111 110 110 108 107 106 107 110 110 109 110 109 108 108 108 110 109 108 107 107 107 107 108 109 109 111 111 110 110 109 109 109 109 109 110 110 110 110 110 110 110 110 110 109 108 108 107 107 109 109 110 110 110 109 108 107 107 107 107 107 109 109 108 108 108 108 109 110 110 110 110 108 108 108 109 108 107 108 107 107 107 106 106 108 109 108 107 107 107 105 104 105 106 108 109 108 108 107 107 108 109 109 108 108 108 108 107 108 109 109 109 109 107 107 107 107 107 107 107 108 108 108 108 109 109 109 107 107 107 107 107 106 107 108 108 107 107 107 108 108 110 110 111 111 108 106 107 108 0
110 111 111 110 111 111 111 110 109 109 109 109 109 109 109 109 108 104 108 107 107 109 109 109 110 110 110 109 108 108 109 108 109 110 110 110 110 109 109 108 109 108 108 109 108 108 107 106 106 107 108 110 110 110 110 110 109 108 108 108 109 110 109 109 108 108 107 108 107 108 109 108 110 112 112 112 111 110 110 109 110 110 109 110 110 109 110 109 109 109 108 109 110 110 109 111 110 108 107 107 107 108 109 109 109 108 107 107 107 108 109 109 109 110 110 110 110 110 110 108 107 107 106 106 108 108 108 108 109 110 110 109 109 109 108 108 109 110 110 109 108 108 111 113 112 112 112 110 109 109 110 110 109 109 109 109 109 109 110 110 111 110 109 110 111 110 108 108 107 108 109 109 108 109 109 109 111 110 108 108 108 108 107 107 109 109 109 109 108 107 107 108 108 106 107 107 108 108 108 108 109 109 108 108 109 109 109 109 110 111 112 111 110 109 109 110 111 111 110 111 110 110 112 112 0
108 110 110 111 112 112 111 110 110 109 109 109 108 108 108 108 108 105 106 108 108 108 108 108 108 108 107 108 111 112 111 108 109 109 110 110 110 110 110 108 109 109 108 110 110 111 109 108 108 107 108 110 110 109 108 109 108 108 108 108 109 110 110 110 110 109 108 108 108 108 108 107 109 109 109 109 109 110 107 109 111 111 110 109 109 108 109 110 109 110 108 109 111 111 110 112 112 109 108 108 108 106 106 108 108 108 107 106 106 107 108 109 109 108 108 108 108 108 108 109 109 109 109 109 110 110 109 109 109 110 110 110 110 109 108 109 110 110 111 110 110 110 111 112 111 110 110 109 109 109 109 109 109 109 109 110 109 112 113 111 110 109 110 112 113 112 111 111 110 111 111 113 114 114 112 109 108 107 108 108 109 109 108 109 109 109 110 110 110 109 109 109 109 108 109 108 109 109 109 110 109 109 109 109 110 110 110 109 110 110 111 111 111 112 112 112 112 112 110 109 110 111 111 111 0
109 110 111 111 110 110 109 110 110 108 108 108 108 109 110 110 110 110 110 111 111 112 112 113 112 111 108 110 113 112 110 110 110 110 109 109 109 109 109 109 110 109 110 112 112 113 112 110 111 109 111 114 112 111 109 108 109 109 109 109 108 110 112 111 112 112 111 109 110 113 112 111 111 109 109 109 110 111 109 109 110 110 109 108 108 107 108 110 111 111 109 109 109 111 111 111 110 109 109 110 110 107 108 108 109 110 108 106 106 107 109 109 109 109 109 108 108 108 108 110 111 111 111 111 113 113 112 111 111 111 111 112 112 111 110 111 112 110 110 110 109 109 110 111 110 110 110 108 109 109 108 109 111 111 111 111 111 111 112 112 112 110 110 111 109 109 110 112 112 112 110 110 111 114 113 111 107 107 110 110 111 112 113 113 110 110 108 108 111 112 111 111 111 110 111 111 111 110 111 111 111 111 111 112 112 112 112 111 111 112 113 113 114 115 114 114 111 111 110 111 111 111 110 110 0
111 111 111 111 111 111 111 111 112 109 108 109 110 111 111 111 110 110 111 111 111 111 111 112 111 112 111 110 110 109 111 110 110 111 111 112 111 110 109 110 110 109 109 111 111 111 112 110 109 108 110 111 111 110 111 110 110 111 111 111 112 112 113 114 114 113 112 110 111 112 111 110 110 111 111 110 111 112 112 112 113 113 113 112 112 111 111 112 113 113 113 112 112 113 112 112 109 109 110 110 109 110 111 111 113 111 110 109 108 109 110 110 110 111 111 110 109 109 109 110 111 111 112 112 112 112 111 110 110 111 113 113 115 113 111 112 112 112 111 110 111 110 111 112 112 113 112 110 111 111 110 111 112 112 111 112 111 111 112 113 113 110 110 108 107 107 108 111 112 112 109 108 108 110 111 112 112 113 111 110 113 115 116 113 110 111 109 109 110 109 107 109 111 108 110 111 110 108 107 110 110 112 111 111 112 112 113 114 113 114 115 112 111 112 112 112 111 111 110 110 110 111 112 113 0
111 111 111 112 113 113 113 113 114 112 111 112 112 112 112 112 112 112 112 112 112 111 111 111 111 111 113 113 111 110 109 108 109 111 112 114 114 114 113 112 111 112 110 109 110 112 113 113 112 110 109 109 110 110 110 110 110 110 110 111 112 112 110 112 113 112 111 110 109 110 111 110 111 112 111 112 112 113 113 115 116 116 115 115 115 113 113 114 114 114 113 113 114 113 111 111 110 110 112 111 110 111 112 113 113 112 112 112 113 113 112 111 111 110 111 110 110 110 111 112 112 111 111 111 112 111 110 109 109 110 112 113 115 112 109 111 111 111 112 111 112 111 111 112 112 112 112 111 111 111 111 112 112 112 111 112 111 111 113 114 114 112 112 111 111 110 110 111 112 113 110 109 109 108 107 109 113 116 110 110 113 114 114 111 110 111 111 110 110 109 109 111 111 109 111 112 111 108 106 109 110 111 109 108 110 110 111 112 111 111 112 109 108 110 111 111 110 110 110 109 111 112 112 113 0
111 112 113 113 114 114 115 115 115 115 115 115 115 115 114 114 113 115 115 114 114 115 115 115 114 114 113 113 113 113 112 110 110 110 111 114 115 115 116 114 112 112 111 111 111 112 111 111 112 113 111 111 112 112 111 110 110 109 109 109 109 109 109 111 113 114 113 111 109 108 110 111 111 111 113 114 113 113 112 113 113 113 114 114 114 112 112 111 112 111 111 111 112 112 111 110 110 113 114 113 112 112 112 112 111 110 113 113 113 113 111 111 112 113 112 112 113 112 111 112 112 112 111 111 112 112 111 111 110 110 111 112 112 112 111 112 113 112 113 112 111 110 111 112 112 112 112 113 113 112 112 112 112 112 113 114 111 110 111 113 113 112 113 113 113 113 112 113 114 116 114 113 114 113 111 112 112 115 109 109 111 112 111 111 110 112 112 112 114 113 113 114 112 110 111 112 111 111 111 112 113 112 109 109 111 111 112 112 111 110 110 109 110 112 113 112 111 111 111 111 112 113 111 111 0
112 114 114 115 114 113 115 115 114 114 114 115 115 115 114 114 113 113 113 113 113 113 113 111 112 113 113 112 113 114 113 111 110 108 109 111 112 114 116 115 113 111 111 113 113 113 110 109 109 113 114 113 112 111 111 114 113 112 112 112 111 111 111 113 113 114 114 112 111 113 112 112 111 112 113 112 112 111 111 111 110 111 112 113 113 114 114 109 109 111 110 110 112 111 110 110 110 113 115 114 111 111 113 112 110 109 113 112 112 112 110 110 112 113 112 111 112 113 112 111 112 113 112 112 112 113 112 112 111 111 112 113 112 112 111 113 114 113 112 111 110 109 111 112 112 112 112 113 113 113 113 113 114 114 114 115 111 109 109 110 111 111 113 112 112 111 112 113 113 115 115 115 116 118 117 114 111 114 111 109 110 110 110 111 110 111 111 111 113 111 110 112 112 110 111 111 109 112 115 113 114 112 111 111 113 113 112 113 112 113 113 112 112 113 113 113 111 111 112 111 113 115 113 110 0
112 113 113 114 113 110 110 111 111 113 113 113 113 113 112 111 112 111 111 111 111 112 112 110 110 111 112 111 110 112 113 111 109 108 111 111 110 113 114 114 113 112 111 113 113 114 112 110 109 112 114 116 116 115 114 114 115 113 113 112 112 112 112 114 113 111 110 111 113 115 115 114 114 114 114 113 111 111 113 112 111 112 112 113 115 116 115 111 111 111 111 111 113 111 109 109 110 112 113 112 112 113 112 112 111 110 113 114 114 114 111 113 114 113 112 111 112 113 112 111 112 113 112 113 112 113 113 114 112 112 110 111 112 112 113 112 113 113 113 113 112 110 111 113 113 112 112 113 111 110 111 113 113 115 114 114 112 111 111 111 111 111 111 111 112 111 111 112 113 113 113 113 114 114 112 112 109 112 110 111 112 110 109 111 113 112 110 108 110 108 110 113 115 113 112 110 109 112 115 115 115 111 112 111 112 113 112 110 111 113 114 112 111 111 112 113 112 111 111 111 112 114 115 114 0
113 113 114 115 114 112 112 112 112 114 114 113 112 112 112 111 112 112 112 112 112 113 114 112 112 113 114 113 112 113 114 113 113 112 111 113 114 114 114 114 113 112 111 112 111 112 111 111 110 109 109 112 113 112 114 114 117 115 114 114 115 115 116 115 114 112 112 114 114 114 113 113 113 113 114 114 115 115 115 115 114 114 113 114 114 114 114 112 112 111 112 114 114 113 112 111 112 114 114 113 113 113 114 114 113 112 114 115 116 116 113 114 114 112 111 112 113 112 113 113 113 112 112 113 113 113 112 114 115 114 113 111 112 114 113 113 113 113 115 115 113 111 112 114 114 113 113 114 113 111 112 114 114 116 116 114 112 112 113 114 112 111 113 113 113 112 112 112 112 111 114 114 113 111 112 112 110 113 111 113 114 112 113 114 115 112 110 111 113 111 112 115 116 115 115 112 112 114 115 117 115 111 113 113 113 114 112 109 109 111 114 112 111 111 113 114 113 113 113 113 113 113 114 114 0
117 117 116 115 115 115 115 114 114 113 113 114 113 113 113 114 115 115 115 115 115 115 115 113 114 114 116 114 112 112 112 111 113 115 114 114 116 116 116 117 117 116 114 112 112 111 112 113 113 114 114 112 110 109 114 113 114 113 110 112 116 116 114 113 112 113 116 116 114 114 113 113 113 113 114 114 115 115 117 117 116 117 116 115 115 115 114 112 111 111 112 114 114 113 115 115 114 115 115 113 113 112 115 116 115 114 113 114 116 118 114 114 112 111 112 113 114 113 115 115 114 113 114 115 115 115 115 116 114 113 115 116 113 114 112 112 113 113 112 112 111 111 113 116 116 115 114 115 114 113 114 115 115 115 115 113 112 113 114 115 113 113 114 115 116 115 114 113 112 113 114 114 113 112 113 113 114 114 112 114 114 114 115 117 116 112 110 115 115 113 111 112 112 113 115 114 115 115 115 117 116 113 115 116 117 117 114 113 113 112 113 112 112 112 114 114 114 115 115 115 114 111 112 113 0
118 118 117 115 115 115 115 115 115 113 113 114 114 114 114 115 116 115 116 115 116 116 116 115 115 117 118 115 115 116 116 115 115 114 114 113 112 114 114 116 118 116 114 111 113 111 113 114 116 117 116 114 112 111 116 114 113 111 109 112 116 116 114 115 114 112 113 114 114 115 114 114 114 114 113 113 111 112 117 117 116 117 115 115 117 118 115 114 112 113 113 114 114 114 116 116 114 114 114 113 113 113 113 114 116 114 113 114 112 114 114 115 114 114 115 114 115 115 117 116 114 115 114 115 114 117 118 117 115 115 115 116 116 115 114 112 111 111 111 112 111 112 113 115 115 113 112 113 113 113 113 113 113 111 110 111 112 115 116 116 113 114 116 117 117 116 115 113 113 113 114 114 114 112 113 113 114 113 112 114 112 113 115 116 117 114 112 116 114 112 112 112 111 111 112 114 116 116 116 116 116 114 114 116 117 117 114 115 117 117 114 112 113 113 114 114 114 115 117 117 115 111 111 112 0
115 114 113 113 114 113 113 112 113 114 114 114 115 115 114 115 116 115 115 114 114 113 113 115 114 114 114 115 118 119 120 119 118 116 116 115 114 113 111 113 114 113 112 111 114 113 115 116 115 117 116 113 111 110 114 113 111 110 110 113 114 113 114 115 116 114 115 115 116 115 115 116 117 115 115 116 116 116 118 117 117 117 115 114 114 115 114 116 116 115 113 114 117 115 115 114 114 115 115 116 114 115 116 116 117 119 119 117 113 112 115 116 115 116 115 114 114 117 119 117 116 117 115 114 114 114 116 116 116 115 116 115 112 113 114 114 114 113 110 113 115 117 114 113 115 116 116 117 116 116 115 115 113 112 113 112 114 115 117 117 115 115 116 115 115 113 111 112 113 116 115 116 115 111 111 113 110 112 115 112 112 111 114 116 117 115 114 114 116 116 118 116 116 116 115 114 114 117 118 114 113 115 112 114 118 118 114 113 114 115 116 113 113 115 115 115 116 114 116 119 119 114 112 113 0
115 115 115 115 116 115 115 116 117 118 117 116 118 118 119 118 117 116 115 114 114 114 115 114 112 112 112 113 114 115 115 115 115 115 116 116 115 115 113 115 116 114 115 114 114 113 112 112 113 116 116 116 116 115 118 117 116 116 117 119 118 116 116 115 115 115 116 116 116 116 117 115 117 116 116 117 118 117 118 118 117 118 117 116 116 116 117 119 118 116 114 114 117 115 115 114 113 114 114 114 113 113 113 114 114 115 117 115 114 113 115 115 115 115 115 112 112 115 116 117 115 116 115 117 115 114 113 115 116 116 117 118 116 115 116 116 116 115 113 114 117 119 115 113 114 115 116 118 117 116 116 115 114 114 114 114 114 114 114 117 115 115 116 114 114 112 110 112 114 115 114 115 117 116 117 118 115 112 114 114 113 111 112 115 115 115 114 114 115 116 118 116 116 119 118 114 114 118 117 114 112 114 114 115 118 115 113 113 115 114 118 118 113 116 117 114 115 114 113 113 118 118 116 115 0
118 118 117 118 118 118 118 118 119 118 118 115 115 116 117 117 117 118 118 118 117 116 117 116 114 115 116 115 113 113 113 112 113 113 115 114 115 116 118 118 118 116 118 118 116 117 114 113 112 112 115 116 117 118 117 117 119 117 116 117 118 118 116 115 115 114 115 115 114 116 118 117 116 114 114 116 117 116 113 113 113 113 113 114 113 112 112 115 116 115 115 115 116 115 114 115 115 116 116 114 113 113 113 113 112 112 113 113 115 114 116 117 115 116 116 114 114 114 114 115 115 114 115 115 114 113 112 113 114 113 114 115 117 117 116 115 114 115 113 113 115 115 114 113 114 115 116 117 116 115 115 114 113 114 114 114 115 114 115 116 115 114 114 113 112 112 111 113 114 115 111 113 116 117 118 121 120 115 117 118 118 116 113 116 117 118 117 117 114 115 116 113 113 115 115 116 115 117 117 115 113 114 115 115 116 112 113 116 117 115 118 117 112 117 117 118 117 113 115 113 112 116 118 116 0
119 117 116 117 117 117 117 117 118 116 116 113 114 115 117 118 118 119 120 119 119 118 117 115 116 118 119 118 116 116 115 115 114 114 115 115 114 115 117 117 115 115 117 118 117 117 116 116 116 114 116 118 116 114 114 114 116 114 113 114 115 116 117 117 117 118 117 118 116 114 115 114 114 115 115 116 117 117 115 116 116 115 115 117 115 113 112 116 117 117 120 118 118 118 118 118 118 120 119 117 116 116 115 115 115 114 114 115 116 117 117 118 117 116 115 113 113 114 114 115 116 116 116 115 115 116 116 116 116 115 115 114 115 113 112 114 114 115 115 115 115 115 114 113 115 117 116 117 115 115 114 113 113 114 115 116 118 118 117 117 116 113 113 112 111 112 114 114 115 115 111 112 113 114 116 117 116 116 119 118 119 119 115 115 117 118 119 117 114 115 114 113 118 115 116 121 117 116 116 116 117 116 116 115 114 112 115 118 117 116 117 116 113 116 117 118 115 114 118 117 116 115 116 119 0
116 116 116 116 117 116 115 115 115 115 116 116 118 117 116 116 117 117 117 117 117 116 115 112 112 115 118 118 115 118 117 117 116 116 116 117 118 116 117 118 118 117 117 118 118 118 117 117 119 120 119 118 116 113 112 116 117 117 116 116 115 112 112 114 116 117 117 117 118 116 114 114 114 115 115 115 116 117 118 120 119 118 120 119 117 115 115 118 117 118 120 119 117 119 121 120 119 119 118 116 116 117 117 118 118 117 116 117 117 118 118 118 117 116 117 115 116 117 116 115 116 116 117 116 117 118 118 118 118 118 119 117 119 118 115 114 112 112 115 115 115 116 115 113 115 117 116 118 118 117 117 116 117 116 117 118 120 120 119 118 117 116 118 116 115 116 117 115 116 116 113 113 113 113 113 114 116 118 119 118 119 119 118 115 115 117 118 115 114 114 114 115 120 118 118 116 115 118 115 118 120 117 118 116 117 118 117 117 115 115 115 113 114 117 118 115 113 116 120 118 119 120 115 117 0
114 116 118 119 119 116 115 115 115 115 116 118 116 114 115 116 118 119 119 117 116 116 117 114 117 119 120 120 117 118 118 118 117 117 117 117 118 116 117 119 119 117 117 118 119 119 118 116 118 119 118 116 115 114 113 115 117 118 118 117 116 115 114 113 113 112 113 116 116 117 116 116 119 117 116 115 115 114 113 114 114 115 119 117 116 116 116 117 116 116 116 115 115 115 115 116 117 117 118 116 117 119 117 118 121 121 119 118 117 117 118 117 115 115 115 115 115 117 115 115 115 115 116 116 117 118 119 119 119 118 118 118 121 123 122 122 120 121 122 119 116 117 116 115 117 119 117 119 120 120 118 119 119 117 119 120 119 118 117 117 118 117 118 117 117 117 117 117 117 118 117 117 115 112 111 114 117 118 117 118 118 118 117 115 115 117 116 114 116 115 118 117 114 114 114 114 115 119 117 117 117 118 119 119 119 121 120 117 113 115 114 113 116 118 122 116 114 116 119 119 121 120 117 115 0
114 118 122 119 117 116 116 115 116 118 117 117 117 118 118 119 119 118 116 117 117 119 121 118 120 121 121 120 117 115 116 116 115 116 117 118 120 119 118 118 118 117 117 118 118 117 115 115 116 116 115 116 116 116 114 117 118 116 115 115 116 116 118 116 115 113 115 117 117 119 117 115 118 120 120 117 117 115 115 115 115 117 119 118 118 119 118 117 116 116 117 117 117 116 116 116 118 117 118 118 119 118 115 117 118 118 118 117 119 118 118 118 116 115 115 117 117 114 115 115 115 116 118 118 118 117 117 117 117 116 116 118 118 119 120 119 120 122 124 124 124 121 118 118 120 121 119 120 119 118 117 117 118 117 117 115 117 117 117 116 118 116 118 118 118 117 116 117 118 119 118 119 117 114 116 121 116 116 115 116 115 115 114 115 117 116 117 119 119 119 122 119 114 119 119 119 120 118 119 119 117 119 118 118 118 119 117 117 112 114 119 119 119 121 121 118 116 119 118 120 118 117 118 114 0
115 116 119 117 116 117 119 118 120 120 117 118 120 121 118 116 117 118 117 118 120 121 120 116 114 114 114 113 114 116 117 117 118 119 119 120 120 120 119 117 117 117 117 116 118 118 117 117 118 118 120 120 120 120 119 122 122 120 119 118 119 119 121 118 117 118 118 116 115 117 116 116 118 118 119 121 120 118 118 117 118 118 119 119 119 120 118 118 117 116 117 117 120 119 119 119 119 118 117 115 114 116 116 116 116 114 114 115 115 115 116 118 118 116 117 118 119 119 119 117 116 117 118 118 120 118 117 117 117 115 119 120 118 117 114 113 113 115 118 115 118 120 120 119 120 119 116 116 116 115 116 116 117 118 116 113 117 119 118 117 117 117 118 118 118 117 116 116 116 117 119 119 118 118 120 122 118 118 117 117 116 116 115 117 118 115 118 121 119 117 116 116 119 121 120 121 120 119 117 121 119 122 120 119 120 120 117 119 117 119 121 120 118 119 117 118 117 118 117 117 115 115 118 115 0
117 118 118 117 118 120 119 118 118 116 116 117 118 118 115 115 117 119 120 120 119 118 116 113 113 114 116 117 118 119 118 117 116 116 116 116 117 117 117 119 119 119 119 119 121 123 121 119 119 120 120 119 118 119 118 120 120 119 119 119 120 118 119 118 119 120 119 116 114 117 115 117 118 118 116 118 120 120 117 116 118 117 116 117 118 117 117 119 117 117 117 118 118 117 120 120 119 118 119 116 116 120 120 120 118 117 116 117 115 114 117 118 120 119 119 118 119 119 121 119 117 118 117 116 116 117 117 117 117 115 116 119 120 117 119 122 119 117 118 114 113 117 116 114 115 115 114 115 117 118 119 117 117 118 117 120 120 121 118 117 118 120 121 119 117 118 118 118 117 116 118 118 118 118 118 118 118 119 119 119 118 118 116 118 117 115 118 119 119 120 113 113 120 119 117 116 115 117 120 115 114 120 120 119 119 116 114 120 119 120 119 117 116 115 116 119 120 119 118 118 118 118 118 118 0
121 121 121 120 119 120 119 119 119 118 118 118 118 117 116 116 118 119 118 115 112 115 116 116 119 121 122 120 117 118 117 116 116 116 114 115 118 118 118 117 117 117 117 117 117 118 117 116 116 118 118 117 116 116 117 118 119 117 118 118 116 115 114 115 120 122 122 121 118 118 116 118 118 117 117 117 119 119 120 120 120 119 119 117 117 116 117 117 117 117 117 116 118 120 120 120 121 120 122 121 119 121 120 122 122 122 123 121 120 121 122 119 118 121 121 117 117 118 121 118 117 117 117 117 116 118 117 118 118 116 116 116 117 116 121 124 120 117 118 116 116 117 115 115 117 118 117 117 117 117 117 116 115 116 118 119 120 120 117 117 118 119 119 120 117 116 117 118 117 116 116 117 117 116 115 117 118 120 121 118 117 119 119 120 120 119 119 120 121 124 120 115 114 119 121 123 121 118 119 110 108 112 117 117 117 117 116 115 115 114 118 120 121 115 117 119 120 120 118 118 119 119 117 117 0
121 120 119 117 116 116 118 118 118 120 122 119 119 119 116 119 120 118 117 116 116 118 120 121 122 122 121 119 118 121 121 122 121 120 118 120 123 122 122 120 120 120 119 119 117 116 116 116 116 118 118 117 118 117 118 117 119 120 119 118 117 116 117 116 119 121 119 118 117 115 115 117 117 118 120 118 118 118 121 122 120 120 120 117 118 117 118 118 119 118 115 114 116 121 118 118 121 121 120 118 114 117 118 119 117 119 121 118 118 119 118 118 117 116 118 115 116 116 117 118 117 117 117 116 119 117 116 118 120 116 117 116 114 114 116 118 117 117 118 120 122 122 119 118 119 120 120 118 115 115 113 115 117 119 119 117 119 120 119 119 120 122 121 120 118 117 116 119 119 117 116 117 118 117 116 117 117 117 118 114 116 116 117 115 118 121 119 119 120 121 120 118 114 117 120 124 116 113 121 119 118 116 115 116 116 114 119 116 116 115 119 121 122 116 115 117 118 118 116 116 120 121 120 119 0
119 119 118 118 118 117 119 119 119 121 122 121 122 122 119 119 118 118 117 118 120 120 120 119 119 119 120 119 119 122 122 121 121 120 121 122 123 123 122 120 120 121 119 118 119 118 119 118 117 118 119 119 120 120 120 120 121 122 121 120 121 119 121 121 120 120 120 121 120 118 120 120 120 121 121 119 117 117 120 120 119 121 120 118 118 117 119 121 121 119 118 117 118 119 119 117 116 117 116 117 115 118 119 116 115 115 117 116 115 116 112 113 118 116 115 116 117 118 118 119 120 119 116 118 120 120 119 119 120 116 116 116 117 115 116 116 116 117 118 119 119 122 120 118 118 120 122 120 120 121 118 120 122 123 120 119 121 121 121 122 122 122 120 119 121 119 119 120 120 120 119 119 119 118 119 119 118 118 117 118 119 120 120 118 117 117 114 118 120 120 120 121 118 116 117 119 113 117 121 125 127 124 124 119 116 115 121 120 123 122 118 117 120 120 117 117 118 117 116 116 119 120 120 120 0
119 119 120 120 119 118 119 120 121 120 120 120 122 122 120 119 117 116 118 119 119 118 118 118 118 118 119 118 117 119 119 118 118 118 120 121 122 120 119 118 118 121 119 119 119 119 122 119 118 120 120 120 119 119 119 120 120 120 116 116 117 117 120 123 122 121 121 123 123 120 120 122 122 122 121 121 119 117 120 118 119 121 120 120 119 119 121 121 119 118 118 118 118 119 120 121 119 117 117 119 120 123 123 119 118 118 120 119 121 122 120 118 119 118 119 121 119 119 120 119 116 115 117 119 120 122 122 121 121 120 120 120 120 119 115 113 115 117 116 116 118 121 117 116 115 115 120 121 123 125 122 122 123 122 121 120 118 119 120 121 118 119 118 121 120 118 120 120 121 121 119 118 118 119 120 120 121 119 119 122 122 123 123 119 116 118 114 116 118 120 119 121 124 119 119 121 118 120 113 113 116 118 124 118 114 115 115 115 119 125 119 114 116 120 123 124 122 121 120 119 118 119 119 120 0
120 119 120 120 120 119 120 121 122 119 119 119 119 120 121 121 118 117 119 120 119 117 117 119 119 119 119 119 119 119 119 119 118 119 119 120 120 120 119 119 118 119 119 121 120 120 120 118 118 118 118 119 119 118 117 117 117 118 114 113 113 113 116 119 117 119 119 120 120 119 119 119 119 120 119 119 119 119 120 120 119 120 120 122 121 121 122 120 119 119 120 120 119 122 123 122 119 117 117 117 119 121 122 121 119 119 119 119 119 119 118 119 117 118 120 122 122 122 123 121 120 120 123 124 121 124 123 123 123 124 124 124 122 124 122 124 125 124 121 119 122 121 119 120 120 119 118 120 121 121 122 122 122 120 118 118 116 116 118 118 115 116 117 120 116 116 116 118 120 119 118 119 118 119 119 119 121 121 122 122 121 120 122 122 120 120 117 118 121 121 120 120 123 120 121 123 123 118 114 114 114 118 123 121 117 122 119 116 117 120 120 118 117 120 120 121 120 120 122 124 117 116 120 122 0
120 119 121 121 121 121 122 121 122 118 118 119 120 121 123 121 119 117 119 120 119 117 116 120 120 120 119 119 119 118 119 121 119 120 121 121 122 121 120 119 118 119 119 121 121 120 119 118 118 118 118 118 118 117 116 118 119 120 120 121 120 119 117 117 119 118 118 118 118 118 118 118 117 118 119 118 119 120 120 121 119 119 120 121 121 119 121 120 119 120 119 118 118 119 119 117 117 118 118 118 118 120 121 122 121 120 118 120 118 117 118 119 121 120 120 118 119 123 123 123 121 120 122 123 119 119 121 121 122 119 117 117 117 117 120 123 123 122 119 120 125 124 123 121 120 120 119 118 117 118 120 120 118 119 119 120 117 116 119 121 122 120 119 120 121 120 116 117 117 117 116 119 121 118 120 123 122 121 119 117 119 120 119 120 120 118 118 121 121 119 121 119 121 118 120 120 123 119 120 120 120 117 115 117 119 123 121 121 119 119 119 117 118 120 119 118 117 120 123 124 119 116 117 117 0
124 120 119 121 122 120 120 119 120 118 118 118 120 121 122 120 120 118 119 120 119 119 120 122 120 120 120 119 118 119 120 121 122 122 123 123 124 121 121 120 120 121 119 119 119 119 120 120 120 120 119 119 118 118 118 120 121 121 120 122 123 123 122 121 121 121 120 119 118 118 117 118 119 120 122 122 121 121 120 120 120 120 119 120 120 118 119 119 118 118 119 119 120 120 119 121 121 119 120 119 120 120 121 121 121 120 119 120 122 121 121 120 122 122 120 118 119 123 123 122 121 121 123 122 119 118 120 118 120 120 119 119 118 119 121 121 122 122 118 118 121 121 122 122 118 117 118 120 116 119 119 120 118 119 118 120 116 117 117 120 122 121 119 121 122 124 122 121 117 118 117 118 121 117 119 119 120 119 120 119 123 124 123 121 122 120 120 120 118 118 120 121 124 120 118 116 116 120 123 123 121 116 118 117 119 121 121 122 119 120 122 118 118 120 122 123 122 122 120 120 121 118 118 115 0
126 122 119 121 121 118 119 120 121 120 120 119 119 119 120 120 120 118 119 121 121 120 120 120 120 120 120 120 120 120 121 121 122 122 123 124 123 121 121 121 122 122 121 120 121 120 122 122 122 121 121 120 119 120 121 120 120 122 121 122 123 122 122 120 120 121 122 120 119 120 119 119 121 121 120 120 120 120 119 120 120 121 119 120 119 119 119 120 121 120 121 121 119 119 119 122 120 118 120 121 121 121 121 120 120 120 120 121 121 122 122 123 123 122 121 119 119 117 118 117 117 119 119 118 119 119 118 119 120 122 121 121 121 122 122 121 122 124 121 121 122 122 121 122 120 120 119 122 120 120 119 120 120 120 119 121 119 119 118 121 120 119 119 119 120 122 124 121 120 121 122 124 123 121 121 119 119 120 123 122 121 122 121 120 121 119 117 119 120 119 120 120 120 120 121 118 117 121 124 124 124 119 123 123 121 120 122 121 119 118 118 118 119 122 124 120 119 123 119 120 120 121 120 119 0
124 121 121 121 121 121 122 122 123 121 121 121 122 122 120 120 121 120 120 120 120 119 120 119 119 121 122 123 123 123 123 121 120 121 121 122 121 120 122 123 122 123 123 122 121 121 123 123 123 122 121 120 121 121 121 118 118 118 118 117 118 122 121 117 117 117 118 118 120 120 120 121 122 123 122 120 120 120 121 120 118 120 121 120 120 119 119 122 124 122 121 120 121 121 121 122 120 119 120 120 120 120 120 120 119 119 119 120 120 120 120 121 121 122 122 121 120 119 117 116 116 116 117 115 120 120 121 121 116 117 119 119 119 121 120 120 120 120 120 121 121 119 119 122 121 122 124 125 124 122 123 121 122 121 120 121 122 122 121 121 120 120 120 120 120 120 121 119 119 118 121 123 121 122 123 122 122 121 120 117 117 115 115 117 122 116 118 120 121 122 123 121 118 119 122 122 122 122 123 122 124 122 121 122 121 121 121 119 119 119 118 121 121 119 116 112 117 122 120 122 120 120 118 121 0
121 121 119 120 122 123 125 124 125 122 122 122 122 122 122 122 122 123 121 120 120 119 119 119 121 122 118 120 125 124 123 121 120 121 121 119 120 121 120 121 122 121 121 120 119 119 122 122 123 123 122 120 122 125 125 120 120 123 122 116 116 116 118 120 122 121 122 121 121 120 119 121 122 123 121 122 121 121 122 121 119 121 120 119 119 120 119 122 124 122 121 121 121 121 123 125 123 122 124 123 122 122 122 122 122 122 121 120 120 121 120 122 121 122 122 120 121 121 120 119 119 119 120 117 122 120 121 123 119 122 123 120 118 121 121 120 119 120 119 121 122 120 120 120 120 121 122 121 120 122 120 122 124 123 122 123 123 122 123 121 122 123 120 120 121 121 120 120 120 117 121 122 120 119 122 122 124 121 122 121 121 120 119 119 123 121 122 121 119 121 124 125 123 120 123 125 121 120 119 117 118 120 120 122 121 122 119 120 122 122 122 122 121 118 117 117 122 123 122 122 122 122 120 121 0
121 120 118 120 121 122 122 122 123 122 123 124 122 121 123 122 123 123 122 120 120 121 120 120 124 121 122 120 120 121 123 122 122 122 121 119 118 121 120 121 120 121 120 119 119 120 122 123 124 124 122 119 122 124 124 121 121 125 126 125 122 119 120 126 125 123 125 125 123 122 121 122 123 123 121 121 121 120 120 121 120 120 119 119 118 118 118 120 121 122 122 121 119 121 123 123 125 124 124 125 125 125 124 124 124 124 124 123 122 124 124 123 123 124 124 120 120 121 121 121 122 122 123 121 121 120 120 120 123 126 125 122 120 122 124 122 123 124 123 124 124 125 123 119 120 120 123 121 118 120 120 122 123 123 122 123 124 123 122 123 122 123 121 121 121 121 120 121 120 120 121 121 119 119 122 123 124 123 123 123 123 123 122 123 120 120 122 122 119 119 123 122 122 122 125 123 119 120 124 122 123 124 122 119 120 122 122 122 122 121 121 123 120 121 122 121 123 121 121 121 119 119 126 125 0
121 118 119 122 121 120 118 116 119 121 123 123 122 121 123 122 121 121 122 121 119 121 122 124 123 117 126 125 117 115 117 120 126 125 123 120 119 123 122 121 120 121 120 119 119 120 123 122 121 121 120 118 120 121 122 119 119 121 124 125 126 120 119 119 119 117 120 122 122 122 121 122 122 123 122 121 121 119 119 120 120 120 119 118 118 118 119 119 118 118 119 119 118 119 120 121 122 121 121 122 122 122 121 121 122 122 121 121 120 120 120 119 120 120 120 119 118 119 119 120 123 123 121 122 118 117 118 118 122 125 124 124 122 123 124 123 122 122 123 124 123 124 122 119 119 121 123 121 123 123 123 122 121 124 121 120 122 121 120 120 120 122 121 121 121 122 121 121 121 122 121 121 120 120 122 121 121 121 122 121 123 123 122 121 119 119 121 119 118 117 117 117 119 118 120 120 118 120 123 124 125 124 120 119 120 121 119 121 120 121 124 126 125 122 125 124 123 119 121 121 118 121 123 120 0
123 120 120 120 118 118 117 119 121 123 124 123 121 120 122 122 122 121 122 124 121 120 116 123 125 119 122 122 124 119 115 117 119 125 125 123 121 124 123 123 123 122 121 120 119 121 124 123 122 122 121 120 121 121 124 122 121 121 123 123 126 125 122 118 117 115 117 121 122 121 120 120 120 124 123 122 122 120 120 120 120 120 121 120 119 119 122 119 118 119 119 120 119 118 119 120 120 122 121 121 121 120 119 119 120 121 120 119 118 118 117 116 118 119 119 118 119 119 118 119 120 120 119 121 120 121 122 123 125 125 123 122 122 123 123 123 120 120 121 122 122 125 122 120 120 123 122 121 119 119 120 119 121 124 122 121 123 124 123 122 121 123 122 121 122 123 123 121 124 122 123 123 120 121 122 122 120 121 121 122 123 124 120 121 121 122 122 121 121 119 120 121 120 118 117 121 120 121 122 123 122 121 122 124 123 121 122 123 120 121 126 124 126 125 126 126 120 119 124 123 123 125 119 119 0
125 125 125 124 122 123 124 123 122 123 125 126 123 120 121 121 120 118 122 126 124 122 120 121 122 124 121 122 125 124 121 125 123 118 121 123 123 124 122 123 124 124 123 122 122 124 127 126 124 123 122 121 122 123 123 123 122 121 123 122 120 123 126 126 126 125 124 124 124 122 122 119 117 122 123 121 121 120 123 123 119 119 119 120 119 120 122 120 119 123 124 124 123 122 121 121 123 125 124 124 123 122 121 120 122 124 125 123 120 121 121 121 124 125 126 126 126 123 121 121 119 119 119 118 123 123 123 124 123 119 122 121 122 124 124 124 122 119 120 122 123 125 123 122 123 123 123 122 119 120 121 119 120 121 123 121 123 124 124 123 121 123 123 121 122 123 125 124 124 123 123 124 122 122 123 122 121 121 118 121 120 122 122 122 123 125 125 124 124 122 124 124 126 121 117 125 124 121 119 120 121 121 125 125 125 121 121 123 118 119 121 120 123 123 123 121 115 118 124 120 121 123 121 121 0
124 122 123 122 122 124 124 122 122 121 123 126 124 121 122 120 119 120 123 125 126 124 125 121 116 122 122 123 124 121 122 125 126 123 120 119 119 121 120 121 126 125 123 122 125 126 123 121 119 120 122 123 123 124 123 120 119 119 121 123 121 123 123 123 123 123 124 126 124 123 122 120 117 119 122 119 118 119 123 125 120 118 119 122 125 124 124 120 120 123 123 124 123 121 122 122 122 122 121 122 121 120 121 123 124 124 123 121 119 120 120 122 124 125 124 125 126 125 122 123 120 117 117 118 120 120 119 120 119 116 121 124 124 126 126 126 123 122 124 125 123 122 124 125 126 125 125 123 122 122 125 122 123 124 124 126 125 124 124 123 122 125 123 121 120 123 123 121 124 124 122 122 123 124 123 119 121 122 121 121 122 122 121 122 122 122 122 121 121 122 123 123 121 122 121 123 122 123 121 122 124 124 122 122 124 122 118 120 122 122 122 121 125 122 122 120 118 119 121 120 122 120 123 124 0
120 120 121 121 122 123 124 122 123 121 120 122 120 120 123 122 123 123 121 120 118 120 125 124 119 123 124 125 123 118 123 124 123 127 126 122 117 117 121 123 124 122 122 123 122 120 119 120 122 125 125 125 125 123 122 123 126 126 125 124 124 124 125 126 124 123 125 126 123 123 123 124 121 119 121 119 116 117 118 124 124 123 125 126 125 125 125 124 123 123 122 123 123 122 123 123 123 125 124 125 125 125 127 126 126 126 124 123 122 123 123 122 123 123 123 121 123 124 121 123 124 124 125 126 126 124 122 123 125 123 123 121 120 120 121 122 121 123 124 124 124 122 122 122 124 124 123 124 124 123 123 123 126 125 123 126 125 124 124 123 121 124 125 123 122 122 120 119 124 124 122 120 118 122 118 121 124 123 123 122 122 120 119 121 122 124 123 121 122 122 124 123 121 121 123 121 123 124 121 123 122 121 119 120 122 121 122 124 126 126 121 120 123 119 120 121 121 124 124 126 125 125 126 125 0
122 122 123 124 124 122 123 122 123 121 120 120 119 120 124 124 126 126 124 123 116 115 124 126 123 123 125 125 122 124 123 124 119 122 125 123 123 120 120 125 120 119 123 125 122 122 124 122 123 126 125 125 125 125 124 126 124 122 118 116 116 115 115 119 120 121 123 123 122 123 123 124 124 124 126 125 125 124 123 125 123 122 121 121 121 121 121 123 124 124 123 123 122 121 121 121 122 124 123 122 122 125 125 123 123 123 123 123 122 123 122 121 123 126 126 123 122 123 122 121 123 125 126 127 126 126 124 125 126 126 126 124 120 119 117 119 121 122 122 121 121 120 122 121 124 124 123 123 124 124 124 123 123 122 124 123 124 124 124 122 119 123 124 123 122 121 120 119 121 120 123 120 117 118 116 121 124 124 123 124 123 123 123 122 122 124 123 122 122 124 124 125 124 120 123 123 127 126 120 122 124 124 122 120 121 121 122 123 126 125 120 119 120 121 120 124 124 125 124 124 122 124 125 124 0
125 126 127 125 124 123 124 126 126 123 125 125 124 124 123 122 122 125 126 125 122 117 121 126 124 120 122 124 121 125 121 122 120 121 123 122 123 123 122 127 120 121 127 127 124 122 121 123 122 121 122 124 124 123 122 120 119 118 119 121 122 121 121 121 120 121 121 121 121 123 124 124 123 125 126 125 126 125 124 123 121 121 121 122 123 123 123 123 123 123 124 124 124 123 122 121 122 124 121 120 120 122 122 121 121 120 119 119 120 122 121 124 124 125 126 124 124 125 125 123 123 123 124 124 124 123 121 122 123 126 126 124 122 124 123 123 122 122 124 122 121 121 123 122 125 124 123 124 125 124 123 123 123 122 122 123 124 124 123 123 120 124 124 124 123 124 124 124 122 121 125 125 123 120 119 121 122 124 124 125 125 123 122 124 125 123 123 125 125 121 123 125 122 120 122 126 126 125 124 123 125 124 123 124 124 122 123 122 124 121 121 122 123 124 125 125 125 122 121 123 119 119 124 124 0
121 123 123 120 118 121 121 121 121 120 121 124 127 124 121 120 117 122 125 124 126 127 124 123 123 119 121 125 124 122 122 124 123 124 126 125 123 122 120 126 123 124 127 127 125 122 122 122 121 119 120 125 124 124 124 120 121 124 125 126 126 125 123 122 124 125 123 124 122 120 121 122 122 122 121 120 120 121 122 121 120 120 122 122 123 124 126 122 121 121 122 122 122 122 123 124 125 126 124 124 122 123 122 122 124 122 122 122 121 123 122 124 123 123 124 123 123 124 124 123 120 122 123 123 122 121 120 118 118 121 120 121 121 124 126 126 126 125 124 122 120 122 124 123 125 123 123 124 123 124 124 123 124 123 123 123 124 123 123 124 121 124 124 124 124 125 126 125 122 123 126 125 124 122 122 121 121 122 123 124 123 123 123 124 126 121 121 122 123 121 122 126 124 120 124 127 115 120 125 125 123 123 123 124 123 124 123 122 123 122 121 123 125 123 123 126 122 120 121 122 121 120 123 124 0
121 121 122 123 124 124 123 123 123 123 121 119 120 118 119 125 121 122 125 124 126 126 126 125 126 123 122 123 125 121 124 124 125 125 126 126 126 121 113 120 123 124 125 123 122 123 121 121 121 120 121 124 125 125 126 122 124 126 127 127 126 124 123 122 125 127 126 126 124 121 122 121 120 120 120 119 119 119 122 122 121 121 122 123 124 125 125 122 120 121 123 122 122 121 121 121 122 122 122 123 121 124 124 123 125 126 126 125 123 123 122 124 124 125 126 126 125 123 123 122 122 122 123 124 124 124 123 121 121 122 121 120 119 123 125 126 125 122 124 123 121 122 123 122 122 122 122 123 126 126 124 125 125 124 126 125 123 124 124 125 122 123 123 122 122 122 122 120 117 119 120 122 123 124 123 120 120 121 123 125 124 124 125 126 124 122 123 123 122 123 125 126 125 120 125 126 114 119 125 126 125 124 124 126 124 123 123 122 122 124 122 124 123 120 121 125 122 122 124 124 124 123 124 125 0
123 123 123 123 126 126 124 122 123 127 126 122 120 118 122 127 126 121 124 124 120 117 124 124 125 123 124 124 126 122 123 125 124 121 121 122 125 124 121 118 122 123 121 121 122 123 122 123 125 125 124 122 122 121 123 123 123 124 125 125 123 123 123 122 122 122 122 123 123 125 125 124 124 125 124 124 124 123 124 124 123 123 123 123 124 125 124 126 126 126 127 126 123 122 122 121 121 121 120 122 123 126 125 123 121 124 126 124 123 124 124 125 125 124 126 127 127 125 123 124 127 125 124 124 125 124 122 122 126 126 124 124 123 125 124 125 124 121 122 122 123 123 123 123 122 122 122 126 127 125 126 123 124 124 125 125 123 124 124 124 123 121 120 120 121 122 122 122 122 121 118 117 119 122 123 121 123 124 124 125 124 123 125 123 123 123 125 123 121 120 123 122 125 125 124 123 124 123 125 126 123 122 121 122 121 120 122 123 120 121 120 125 123 121 121 125 127 125 124 123 121 124 123 122 0
124 125 124 121 121 125 124 122 121 125 126 122 120 120 125 127 124 121 124 124 121 119 126 123 123 122 125 125 123 121 122 125 126 123 121 121 124 127 127 119 121 121 118 121 122 122 124 124 125 125 125 122 122 124 126 126 124 122 123 124 123 124 122 121 121 121 121 120 121 123 124 124 126 126 126 126 125 125 123 124 125 125 125 124 123 122 122 126 127 126 126 126 124 123 123 123 123 123 122 123 123 124 123 124 123 125 124 122 121 124 123 123 122 122 124 126 127 126 124 126 126 125 123 122 121 121 121 123 125 125 124 125 124 126 126 125 125 125 122 122 121 122 123 123 121 122 124 124 123 122 122 122 126 127 125 124 126 124 125 126 126 126 125 125 125 125 125 127 126 124 123 124 126 124 121 123 120 121 123 124 124 120 125 125 123 125 124 125 124 124 124 123 125 125 125 124 125 122 121 122 121 120 121 123 121 121 123 122 119 121 121 123 123 123 123 125 125 125 126 123 123 125 123 123 0
127 126 126 122 121 123 122 121 120 120 121 120 119 122 122 126 123 122 122 124 125 123 127 122 119 119 125 125 123 122 124 125 123 123 123 123 122 124 123 119 122 121 122 125 125 123 123 125 126 125 126 123 124 125 122 122 122 121 124 123 121 124 123 124 125 125 124 121 120 120 121 121 122 124 123 123 124 124 121 122 124 125 124 123 122 122 123 124 123 122 123 123 125 124 123 125 123 122 123 123 122 120 121 122 124 126 125 123 122 124 123 123 125 126 126 126 127 126 125 127 126 124 121 121 123 122 122 127 125 122 123 123 123 122 121 122 124 124 124 124 124 125 125 124 121 122 125 123 123 124 122 122 124 124 124 120 121 122 122 121 123 123 123 126 126 125 123 123 124 123 123 126 127 127 126 127 126 124 121 123 124 122 124 126 124 126 126 126 123 124 124 124 122 122 126 121 121 123 120 122 119 121 124 123 124 122 124 121 121 120 121 125 124 123 124 122 123 125 125 124 127 127 126 125 0
127 123 124 127 125 124 125 124 124 124 124 120 120 124 121 124 125 122 121 124 125 120 126 122 122 124 126 127 127 125 125 124 120 122 123 125 126 123 116 122 127 124 123 124 125 125 123 125 126 127 125 123 120 120 122 122 122 123 123 122 124 125 126 127 126 125 124 123 123 121 122 122 119 121 123 123 121 121 119 120 122 122 122 124 126 126 127 126 123 123 122 122 123 122 122 124 124 124 123 123 123 126 125 126 125 123 122 122 124 124 124 125 126 126 126 125 124 123 122 125 125 125 125 126 125 123 123 125 124 119 120 121 122 118 116 119 120 119 124 122 124 125 126 125 123 124 126 123 123 122 123 119 118 119 120 119 119 119 121 119 114 116 117 118 121 124 126 126 127 127 124 125 126 125 125 127 127 127 119 118 119 120 119 121 122 123 125 121 118 120 120 119 118 119 120 116 116 125 123 123 123 124 123 123 123 123 122 124 124 123 122 124 124 124 125 123 122 123 122 122 124 124 124 123 0
124 117 114 123 127 127 127 126 123 125 125 122 123 125 122 124 123 123 120 123 124 120 122 122 126 127 120 120 125 127 124 120 120 123 126 126 126 122 120 126 126 127 122 120 121 125 123 123 124 123 121 121 121 124 123 123 123 125 126 125 125 124 124 125 123 122 123 124 125 122 125 126 125 125 123 121 123 122 122 122 122 122 123 126 127 127 127 126 123 123 123 123 125 125 125 126 127 126 125 121 121 126 123 124 124 121 120 123 126 126 127 126 126 124 125 121 122 124 122 124 124 125 126 126 125 126 126 126 124 123 125 125 125 123 124 125 124 121 124 123 122 119 124 124 121 123 124 123 125 123 124 124 122 124 126 127 127 127 127 126 122 125 125 121 116 115 117 119 123 126 122 124 123 120 120 121 121 124 123 124 121 119 121 125 125 125 126 124 122 123 123 122 123 123 120 117 121 126 123 125 126 126 124 124 126 126 122 126 125 126 125 123 126 126 125 124 124 125 125 124 123 121 123 124 0
125 124 123 121 121 122 124 125 119 121 125 122 122 121 122 123 121 124 124 124 124 123 124 124 127 127 122 117 118 124 125 122 125 126 124 120 118 118 124 125 121 123 125 122 122 127 126 124 124 122 122 122 122 124 122 125 126 127 125 123 121 122 122 120 122 123 123 124 123 122 125 126 125 122 122 125 127 126 126 126 126 124 121 119 120 120 121 122 122 122 125 125 122 121 122 121 122 122 123 121 120 122 119 119 123 125 123 123 122 124 124 123 124 125 125 122 123 123 123 125 123 125 127 125 125 126 125 126 124 120 121 123 123 126 127 127 127 123 121 125 127 122 122 123 121 125 124 126 127 127 127 125 126 126 124 125 124 122 121 122 124 126 127 127 124 124 124 123 121 124 124 125 126 125 121 120 120 122 123 127 127 127 127 126 125 125 125 123 122 123 126 127 127 127 125 122 125 125 121 123 125 123 120 123 125 126 125 124 118 127 126 125 124 125 123 125 123 124 125 125 123 124 124 125 0
126 125 127 126 120 117 119 126 119 122 127 119 116 122 125 123 121 123 126 126 123 125 126 125 125 120 121 122 120 118 121 126 127 124 119 123 122 125 125 122 120 119 123 126 120 125 126 123 121 122 123 123 123 124 125 127 127 125 122 120 119 122 122 122 125 127 125 125 124 122 123 121 118 118 120 121 121 121 125 124 123 124 124 121 124 121 119 124 127 124 120 119 121 120 123 123 125 124 123 121 123 123 120 119 126 127 127 127 125 123 123 125 124 125 124 124 121 119 121 125 122 121 122 123 121 122 123 127 126 124 121 123 120 122 125 126 126 124 119 122 126 125 122 120 122 126 124 123 124 124 124 120 123 122 121 119 115 114 115 119 125 122 125 126 124 121 123 126 125 121 124 123 126 126 125 124 126 127 125 122 122 123 123 124 125 126 124 122 121 121 123 126 125 125 126 125 127 127 125 123 123 123 121 121 121 120 124 122 113 126 127 124 125 125 123 126 125 125 125 125 124 125 124 125 0
122 119 125 126 124 119 120 127 126 125 127 122 120 125 126 123 121 123 126 127 125 127 124 120 119 118 122 126 125 120 116 125 127 122 125 127 125 126 125 122 123 123 122 126 119 122 123 123 123 126 127 127 127 127 127 125 122 121 120 119 119 122 123 124 126 127 126 126 124 123 127 125 121 119 121 122 123 124 127 124 123 125 127 127 127 127 127 127 121 120 123 125 126 125 123 124 124 124 125 119 123 125 125 120 118 121 125 127 122 123 126 126 125 125 122 126 124 120 120 120 120 120 121 124 124 125 124 123 125 127 126 125 123 121 121 121 126 125 120 118 121 125 126 123 124 127 125 123 124 123 124 124 122 123 123 118 117 119 123 122 124 120 121 120 122 120 121 124 126 126 127 124 123 123 126 127 126 125 127 120 120 120 121 124 125 127 127 127 125 123 125 126 124 122 123 124 126 126 126 125 124 124 126 125 123 122 122 120 122 125 124 122 124 122 123 123 124 126 126 125 125 123 123 124 0
123 117 124 126 124 126 125 125 122 121 122 125 126 123 126 123 123 124 127 125 124 124 124 125 126 126 124 126 126 126 123 124 123 119 125 125 121 126 125 123 123 125 125 126 119 121 126 126 122 123 122 123 124 124 122 121 121 124 124 126 126 125 124 123 121 121 123 124 124 123 125 126 124 124 126 126 124 124 124 123 122 122 122 124 126 127 127 122 117 121 126 125 126 125 120 121 122 125 126 123 122 124 125 125 124 123 125 122 121 123 124 125 126 124 121 125 124 123 125 126 126 127 126 126 124 126 126 124 121 122 125 127 127 126 124 119 124 127 127 123 121 126 127 127 127 127 127 126 124 123 126 125 123 126 123 123 126 126 125 124 121 122 123 123 125 125 122 123 123 123 124 123 122 122 121 123 123 123 124 124 126 125 121 118 120 125 124 125 122 123 124 126 125 124 125 127 125 124 124 123 123 124 126 126 126 127 122 122 125 121 121 124 124 123 124 126 123 124 125 124 124 126 124 123 0
127 124 124 123 123 126 121 121 123 122 121 125 123 119 124 124 125 124 125 124 122 119 122 126 127 126 124 125 125 122 122 121 119 119 126 124 123 127 125 121 123 124 124 125 123 122 119 123 122 119 119 120 123 123 121 123 125 126 127 127 127 127 127 125 122 121 121 120 121 122 121 122 124 127 126 125 123 122 122 123 123 123 123 125 127 127 126 119 119 123 126 124 125 124 122 123 126 125 125 125 123 121 122 124 127 126 126 123 121 124 123 124 125 124 125 125 125 126 125 123 125 126 125 123 124 126 125 123 125 125 123 123 126 127 126 122 121 125 127 126 124 125 126 126 126 127 127 125 123 125 126 125 123 121 123 124 124 122 119 123 123 124 125 119 121 124 123 124 121 114 114 119 121 122 121 118 121 124 123 125 127 127 126 120 123 124 121 118 119 119 121 123 125 125 127 127 125 123 124 122 124 127 124 119 122 127 124 126 125 117 124 121 117 120 124 124 123 122 125 127 125 126 123 121 0
125 127 125 120 126 127 121 123 127 125 127 124 124 120 123 124 127 123 123 126 122 120 121 125 127 125 125 126 125 124 123 124 124 122 126 126 124 126 125 123 125 124 121 124 125 127 124 124 123 125 123 123 125 127 124 124 121 119 118 121 124 125 127 127 126 125 125 124 126 126 124 125 125 126 124 124 124 124 124 126 126 125 125 126 123 121 124 122 124 126 127 126 127 127 127 126 127 126 126 125 125 122 123 125 127 127 127 127 127 127 127 127 127 127 126 127 126 126 124 121 122 121 122 123 123 124 125 124 123 126 124 121 123 124 126 126 122 125 126 127 126 123 122 126 126 123 122 122 124 127 127 127 126 122 124 124 123 123 122 123 124 123 122 121 124 124 125 126 126 123 122 124 127 127 127 125 122 123 124 123 121 124 126 125 125 124 126 124 125 122 121 122 123 125 127 127 125 125 122 120 122 123 122 124 125 126 127 127 127 123 127 124 124 125 126 122 124 122 122 125 121 126 126 125 0
122 126 124 123 123 125 123 125 127 127 126 127 127 126 127 127 127 124 122 125 124 124 124 125 126 123 123 124 124 126 125 126 127 125 125 125 125 126 125 124 125 124 124 125 127 127 126 126 123 127 125 125 125 125 127 126 125 123 120 124 126 126 126 127 125 124 125 127 127 126 126 126 126 125 122 123 125 126 125 126 127 125 122 119 119 124 124 124 127 127 126 125 124 124 125 124 123 123 125 123 125 124 124 126 127 126 124 125 124 124 124 123 123 124 123 123 122 124 126 126 127 125 123 125 126 126 124 122 122 122 123 124 123 121 123 123 123 123 123 124 124 123 124 127 125 122 121 123 122 122 123 123 122 124 127 125 124 126 125 121 123 123 124 126 127 127 127 127 127 127 126 125 127 125 126 127 125 123 123 124 121 120 124 127 126 125 125 126 127 127 126 126 121 120 123 123 119 125 122 122 125 125 124 127 127 126 127 125 125 124 123 124 127 125 125 125 126 125 122 124 121 127 126 127 0
0 0 0 0 0 0 0 0 0 0 0 0 0 0 0 0 0 0 0 0 0 0 0 0 0 0 0 0 0 0 0 0 0 0 0 0 0 0 0 0 0 0 0 0 0 0 0 0 0 0 0 0 0 0 0 0 0 0 0 0 0 0 0 0 0 0 0 0 0 0 0 0 0 0 0 0 0 0 0 0 0 0 0 0 0 0 0 0 0 0 0 0 0 0 0 0 0 0 0 0 0 0 0 0 0 0 0 0 0 0 0 0 0 0 0 0 0 0 0 0 0 0 0 0 0 0 0 0 0 0 0 0 0 0 0 0 0 0 0 0 0 0 0 0 0 0 0 0 0 0 0 0 0 0 0 0 0 0 0 0 0 0 0 0 0 0 0 0 0 0 0 0 0 0 0 0 0 0 0 0 0 0 0 0 0 0 0 0 0 0 0 0 0 0 0 0 0 0 0 0 0 0 0 0 0 0 0 0 0 0 0 0 0 0 0 0 0 0 0 0 0 0 0 0 0