-56 -56 -57 -57 -57 -56 -56 -57 -57 -56 -56 -56 -56 -56 -56 -56 -56 -56 -56 -56 -56 -56 -56 -57 -57 -57 -56 -56 -56 -56 -56 -56 -56 -56 -56 -56 -56 -56 -56 -56 -56 -57 -57 -57 -56 -56 -56 -56 -56 -56 -57 -56 -56 -56 -56 -57 -57 -56 -56 -56 -56 -56 -56 -56 -56 -56 -56 -56 -56 -56 -56 -56 -56 -56 -56 -56 -56 -56 -56 -56 -57 -57 -57 -56 -56 -56 -56 -56 -56 -56 -56 -56 -56 -56 -56 -56 -56 -56 -56 -56 -56 -56 -56 -56 -56 -56 -56 -56 -56 -56 -56 -56 -56 -56 -56 -55 -55 -55 -55 -56 -57 -57 -56 -56 -56 -56 -56 -56 -56 -56 -57 -56 -56 -56 -56 -56 -56 -56 -56 -56 -56 -56 -56 -56 -56 -56 -56 -56 -56 -56 -56 -56 -56 -56 -57 -57 -56 -56 -56 -56 -56 -57 -57 -57 -57 -56 -56 -56 -57 -57 -56 -56 -56 -56 -56 -55 -55 -55 -55 -56 -56 -57 -57 -57 -56 -56 -56 -56 -56 -56 -56 -56 -56 -57 -57 -56 -56 -56 -56 -57 -57 -57 -56 -56 -56 -56 -56 -56 -56 -56 -56 -56 -56 -56 -56 -56 -56 -56 -57 -57 -57 -56 -56 -56 0
-56 -56 -57 -57 -57 -56 -56 -56 -56 -56 -56 -56 -56 -56 -56 -56 -56 -56 -56 -56 -56 -56 -56 -56 -56 -56 -56 -56 -56 -56 -56 -56 -56 -56 -56 -56 -56 -56 -56 -56 -56 -56 -56 -56 -56 -56 -56 -56 -56 -56 -57 -56 -56 -56 -56 -56 -56 -56 -56 -56 -56 -56 -56 -56 -56 -56 -56 -56 -56 -56 -56 -56 -56 -56 -56 -56 -56 -56 -56 -56 -56 -56 -56 -56 -56 -56 -56 -56 -56 -56 -56 -56 -56 -56 -56 -56 -56 -56 -56 -56 -56 -56 -56 -56 -56 -56 -56 -56 -56 -56 -56 -56 -56 -56 -56 -56 -56 -56 -56 -56 -56 -56 -56 -56 -56 -56 -56 -56 -56 -56 -56 -56 -56 -56 -56 -56 -56 -56 -56 -56 -56 -56 -56 -56 -56 -56 -56 -56 -56 -56 -56 -56 -56 -56 -56 -56 -56 -56 -56 -56 -56 -55 -55 -56 -56 -56 -56 -56 -56 -56 -56 -56 -56 -56 -56 -56 -56 -56 -56 -56 -56 -56 -56 -56 -56 -56 -56 -56 -56 -56 -56 -56 -56 -56 -56 -56 -56 -56 -56 -56 -56 -56 -56 -56 -56 -56 -56 -56 -56 -56 -56 -56 -56 -56 -56 -56 -56 -56 -56 -56 -56 -56 -56 -56 0
-56 -56 -57 -57 -57 -56 -56 -57 -57 -56 -56 -56 -56 -56 -56 -56 -56 -56 -56 -56 -56 -56 -56 -56 -57 -56 -56 -56 -56 -56 -56 -56 -56 -56 -56 -56 -56 -56 -56 -56 -56 -56 -56 -56 -56 -56 -56 -56 -56 -56 -57 -56 -56 -56 -56 -56 -56 -56 -56 -56 -56 -56 -56 -56 -56 -56 -56 -56 -56 -56 -56 -56 -56 -56 -56 -56 -56 -56 -56 -56 -56 -56 -56 -56 -56 -57 -57 -56 -56 -56 -56 -56 -56 -56 -56 -56 -56 -56 -56 -56 -56 -56 -56 -56 -56 -56 -56 -56 -56 -56 -56 -56 -56 -56 -56 -56 -56 -56 -56 -56 -56 -56 -56 -56 -56 -56 -56 -56 -56 -57 -56 -56 -56 -56 -56 -56 -56 -56 -56 -56 -56 -56 -56 -56 -56 -56 -56 -56 -56 -56 -56 -56 -56 -56 -56 -56 -56 -56 -56 -56 -56 -56 -56 -56 -56 -56 -56 -56 -56 -56 -56 -56 -56 -56 -56 -56 -56 -56 -56 -56 -56 -56 -56 -56 -56 -56 -56 -56 -56 -56 -56 -56 -56 -56 -56 -56 -56 -56 -56 -56 -56 -56 -56 -56 -56 -56 -56 -56 -56 -56 -56 -56 -56 -56 -56 -56 -56 -56 -56 -56 -56 -56 -56 -56 0
-56 -56 -57 -57 -57 -56 -56 -58 -58 -56 -56 -56 -56 -56 -56 -56 -56 -56 -56 -56 -56 -56 -56 -57 -58 -56 -56 -56 -56 -56 -56 -56 -56 -56 -56 -56 -56 -56 -56 -56 -56 -56 -56 -56 -56 -56 -56 -56 -56 -56 -57 -56 -56 -56 -56 -56 -56 -56 -56 -56 -56 -56 -56 -56 -56 -56 -56 -56 -56 -56 -56 -56 -56 -56 -56 -56 -56 -56 -56 -56 -56 -56 -56 -56 -56 -57 -57 -56 -56 -56 -56 -56 -56 -56 -56 -56 -56 -56 -56 -56 -56 -56 -56 -56 -56 -56 -56 -56 -56 -56 -56 -56 -56 -56 -56 -56 -56 -56 -56 -56 -56 -56 -56 -56 -56 -56 -56 -56 -56 -57 -56 -56 -56 -56 -56 -56 -56 -56 -56 -56 -56 -56 -56 -56 -56 -56 -56 -56 -56 -56 -56 -56 -56 -56 -56 -56 -56 -56 -56 -56 -56 -57 -57 -56 -56 -56 -56 -56 -56 -56 -56 -56 -56 -56 -56 -56 -56 -56 -56 -56 -56 -56 -56 -56 -56 -56 -56 -56 -56 -56 -56 -56 -56 -56 -56 -56 -56 -56 -57 -56 -56 -56 -56 -56 -56 -56 -56 -56 -56 -56 -56 -56 -56 -56 -56 -56 -56 -56 -56 -56 -56 -56 -56 -56 0
-58 -58 -58 -58 -58 -58 -58 -58 -58 -58 -58 -57 -56 -56 -56 -56 -57 -57 -56 -56 -57 -58 -58 -57 -57 -57 -57 -57 -58 -58 -56 -56 -57 -57 -57 -57 -57 -56 -56 -58 -58 -57 -57 -57 -57 -57 -56 -56 -58 -58 -58 -57 -57 -57 -57 -57 -57 -57 -57 -57 -57 -57 -57 -57 -57 -57 -57 -58 -58 -57 -57 -57 -57 -57 -56 -56 -56 -56 -56 -56 -57 -57 -57 -58 -58 -57 -57 -57 -57 -57 -56 -56 -56 -56 -57 -57 -57 -57 -57 -58 -58 -58 -58 -57 -57 -57 -56 -56 -56 -56 -56 -56 -56 -57 -57 -57 -57 -57 -57 -57 -57 -57 -57 -57 -57 -57 -56 -56 -56 -57 -56 -57 -57 -57 -57 -57 -57 -57 -56 -56 -58 -58 -57 -56 -56 -57 -57 -57 -57 -57 -57 -57 -57 -57 -57 -57 -57 -57 -57 -56 -57 -58 -58 -57 -57 -58 -58 -58 -57 -57 -57 -57 -57 -57 -57 -57 -57 -56 -56 -57 -57 -57 -57 -57 -57 -57 -56 -56 -56 -56 -56 -56 -56 -57 -57 -57 -57 -57 -58 -58 -57 -57 -56 -56 -56 -56 -56 -57 -57 -57 -57 -58 -58 -58 -57 -57 -57 -57 -56 -56 -56 -56 -56 -56 0
-57 -57 -57 -57 -57 -57 -57 -57 -57 -57 -57 -56 -56 -56 -56 -56 -57 -57 -56 -56 -56 -57 -57 -57 -57 -56 -56 -56 -57 -57 -56 -56 -57 -57 -56 -56 -56 -56 -56 -57 -57 -56 -56 -56 -56 -56 -56 -56 -57 -57 -57 -56 -56 -57 -57 -56 -56 -56 -56 -56 -56 -56 -56 -56 -56 -56 -56 -57 -57 -56 -56 -56 -56 -56 -56 -56 -56 -56 -56 -56 -56 -56 -56 -57 -57 -56 -56 -56 -56 -56 -56 -56 -56 -56 -56 -56 -56 -56 -56 -57 -57 -57 -57 -57 -57 -57 -56 -56 -56 -56 -56 -56 -56 -56 -56 -56 -56 -56 -56 -56 -56 -56 -56 -56 -56 -56 -56 -56 -56 -57 -56 -56 -56 -56 -56 -56 -57 -57 -56 -56 -57 -57 -56 -56 -56 -57 -57 -56 -56 -56 -56 -56 -56 -56 -56 -56 -56 -56 -56 -56 -57 -57 -57 -56 -56 -57 -57 -57 -56 -56 -56 -56 -56 -56 -56 -56 -56 -56 -56 -56 -56 -56 -56 -56 -56 -56 -56 -56 -56 -56 -56 -56 -56 -56 -56 -56 -56 -56 -57 -57 -56 -56 -56 -56 -56 -56 -56 -56 -56 -56 -56 -57 -57 -57 -56 -56 -57 -57 -56 -56 -56 -56 -56 -56 0
-57 -57 -57 -57 -57 -57 -57 -57 -57 -57 -57 -56 -56 -56 -56 -56 -57 -57 -56 -56 -56 -57 -57 -57 -57 -56 -56 -56 -57 -57 -56 -56 -57 -57 -56 -56 -56 -56 -56 -57 -57 -56 -56 -56 -56 -56 -56 -56 -57 -57 -57 -56 -56 -57 -57 -56 -56 -56 -56 -56 -56 -56 -56 -56 -56 -56 -56 -57 -57 -56 -56 -56 -56 -56 -56 -56 -56 -56 -56 -56 -56 -56 -56 -57 -57 -56 -56 -56 -56 -56 -56 -56 -56 -56 -56 -56 -56 -56 -56 -57 -57 -57 -57 -57 -57 -57 -56 -56 -56 -56 -56 -56 -56 -56 -56 -56 -56 -56 -56 -56 -56 -56 -56 -56 -56 -56 -56 -56 -56 -57 -56 -56 -56 -56 -56 -56 -57 -57 -56 -56 -57 -57 -56 -56 -56 -57 -57 -56 -56 -56 -56 -56 -56 -56 -56 -56 -56 -56 -56 -56 -57 -57 -57 -56 -56 -57 -57 -57 -56 -56 -56 -56 -56 -56 -56 -56 -56 -56 -56 -56 -56 -56 -56 -56 -56 -56 -56 -56 -56 -56 -56 -56 -56 -56 -56 -56 -56 -56 -57 -57 -56 -56 -56 -56 -56 -56 -56 -56 -56 -56 -56 -57 -57 -57 -56 -56 -57 -57 -56 -56 -56 -56 -56 -56 0
-56 -56 -56 -56 -56 -56 -56 -56 -56 -56 -56 -56 -56 -56 -56 -56 -57 -57 -56 -56 -56 -56 -56 -57 -57 -56 -56 -56 -56 -56 -56 -56 -57 -57 -56 -56 -56 -56 -56 -56 -56 -56 -56 -56 -56 -56 -56 -56 -56 -56 -56 -56 -56 -57 -57 -56 -56 -56 -56 -56 -56 -56 -56 -56 -56 -56 -56 -56 -56 -56 -56 -56 -56 -56 -56 -56 -56 -56 -56 -56 -56 -56 -56 -56 -56 -56 -56 -56 -56 -56 -56 -56 -56 -56 -56 -56 -56 -56 -56 -56 -56 -56 -56 -57 -57 -57 -56 -56 -56 -56 -56 -56 -56 -56 -56 -57 -57 -57 -57 -56 -56 -56 -56 -56 -56 -56 -56 -56 -56 -57 -56 -56 -56 -56 -56 -56 -57 -57 -56 -56 -56 -56 -56 -56 -56 -57 -57 -56 -56 -56 -56 -56 -56 -56 -56 -56 -56 -56 -56 -56 -57 -56 -56 -56 -56 -56 -56 -56 -56 -56 -56 -56 -56 -56 -56 -57 -57 -57 -57 -57 -57 -56 -56 -56 -56 -56 -56 -56 -56 -56 -56 -56 -56 -56 -56 -56 -56 -56 -56 -56 -56 -56 -56 -56 -56 -56 -56 -56 -56 -56 -56 -56 -56 -56 -56 -56 -57 -57 -56 -56 -56 -56 -56 -56 0
-56 -56 -56 -56 -56 -56 -56 -56 -56 -56 -56 -56 -56 -56 -56 -56 -56 -56 -56 -56 -56 -56 -56 -57 -57 -56 -56 -56 -56 -56 -56 -56 -57 -56 -56 -56 -56 -56 -56 -56 -57 -56 -56 -56 -56 -56 -56 -56 -56 -56 -56 -56 -56 -57 -57 -56 -56 -56 -56 -56 -56 -56 -56 -56 -56 -56 -56 -56 -56 -56 -56 -56 -56 -56 -56 -56 -56 -56 -56 -57 -56 -56 -56 -56 -56 -56 -56 -56 -56 -56 -56 -56 -56 -56 -56 -56 -56 -56 -56 -56 -56 -56 -56 -56 -56 -56 -56 -56 -56 -56 -56 -56 -56 -56 -56 -56 -56 -56 -56 -56 -56 -56 -56 -56 -56 -56 -56 -56 -56 -56 -56 -56 -56 -56 -56 -56 -56 -56 -56 -56 -56 -56 -55 -55 -56 -56 -56 -56 -56 -56 -56 -56 -56 -56 -56 -56 -56 -56 -56 -56 -56 -56 -56 -56 -56 -56 -56 -56 -56 -56 -56 -56 -56 -56 -56 -56 -56 -56 -56 -58 -58 -57 -57 -57 -56 -56 -56 -56 -56 -56 -56 -55 -56 -56 -56 -56 -56 -56 -56 -56 -56 -56 -56 -56 -56 -56 -56 -56 -56 -56 -56 -56 -56 -56 -56 -56 -56 -56 -56 -56 -56 -56 -56 -56 0
-56 -56 -56 -56 -56 -56 -56 -56 -56 -56 -56 -57 -57 -57 -56 -56 -56 -56 -56 -56 -56 -56 -56 -57 -57 -56 -56 -56 -56 -56 -56 -56 -56 -56 -56 -56 -56 -56 -56 -56 -57 -56 -56 -56 -56 -56 -56 -56 -56 -56 -56 -56 -56 -57 -57 -56 -56 -56 -56 -56 -56 -56 -56 -56 -56 -56 -56 -56 -56 -56 -56 -56 -56 -56 -56 -56 -56 -56 -57 -57 -56 -56 -56 -56 -56 -56 -56 -56 -56 -56 -56 -56 -56 -56 -56 -56 -56 -56 -56 -56 -56 -57 -57 -57 -57 -57 -56 -56 -56 -56 -56 -56 -56 -56 -56 -56 -56 -56 -56 -56 -56 -56 -56 -56 -56 -56 -56 -56 -56 -56 -56 -56 -56 -56 -56 -56 -57 -57 -56 -56 -56 -56 -56 -56 -56 -56 -56 -56 -56 -56 -56 -56 -56 -56 -56 -56 -56 -56 -56 -56 -56 -56 -56 -56 -56 -57 -57 -57 -56 -56 -56 -56 -56 -56 -56 -56 -56 -56 -56 -57 -57 -56 -56 -56 -56 -56 -56 -56 -56 -56 -56 -56 -56 -56 -56 -56 -56 -56 -57 -57 -56 -56 -56 -56 -56 -56 -56 -56 -56 -56 -56 -56 -56 -56 -56 -56 -57 -57 -56 -56 -56 -56 -56 -56 0
-57 -57 -56 -56 -56 -57 -57 -57 -57 -56 -56 -57 -58 -58 -57 -57 -56 -56 -57 -57 -57 -57 -57 -57 -57 -57 -57 -57 -57 -57 -57 -57 -56 -56 -57 -57 -57 -57 -57 -56 -56 -57 -57 -57 -57 -57 -57 -57 -56 -56 -56 -57 -57 -57 -57 -57 -57 -57 -57 -57 -57 -57 -57 -57 -57 -57 -57 -56 -56 -56 -56 -57 -57 -57 -57 -57 -57 -57 -58 -57 -57 -57 -57 -57 -57 -57 -57 -57 -57 -57 -57 -57 -57 -57 -56 -56 -56 -56 -56 -57 -57 -58 -58 -58 -58 -58 -57 -57 -57 -57 -56 -56 -56 -57 -57 -57 -57 -57 -57 -57 -57 -57 -57 -57 -57 -57 -56 -56 -56 -57 -57 -57 -57 -57 -57 -57 -58 -58 -57 -57 -57 -57 -57 -57 -56 -57 -57 -57 -57 -57 -57 -57 -57 -57 -57 -57 -57 -57 -57 -56 -56 -57 -57 -57 -57 -58 -58 -57 -56 -56 -57 -57 -57 -57 -57 -57 -57 -57 -57 -57 -57 -56 -56 -56 -57 -57 -57 -57 -57 -57 -57 -57 -56 -57 -57 -57 -57 -57 -58 -58 -57 -57 -57 -57 -57 -57 -57 -56 -56 -57 -57 -56 -56 -56 -57 -57 -58 -58 -57 -57 -57 -56 -56 -56 0
-57 -57 -56 -56 -56 -57 -56 -56 -56 -56 -56 -57 -58 -58 -57 -57 -57 -57 -57 -56 -56 -56 -56 -56 -56 -57 -57 -57 -57 -57 -57 -57 -57 -57 -57 -56 -56 -56 -56 -56 -56 -56 -56 -56 -57 -57 -57 -57 -56 -56 -56 -56 -56 -56 -57 -56 -56 -57 -57 -57 -57 -57 -56 -56 -56 -56 -56 -57 -57 -57 -57 -58 -58 -58 -58 -58 -57 -56 -57 -57 -56 -56 -56 -56 -56 -56 -56 -56 -56 -56 -56 -56 -56 -56 -56 -56 -57 -56 -56 -57 -56 -58 -58 -57 -56 -56 -56 -56 -57 -57 -56 -57 -57 -57 -56 -56 -56 -56 -56 -56 -56 -56 -56 -56 -57 -57 -57 -57 -57 -57 -57 -56 -56 -56 -56 -56 -57 -57 -57 -57 -58 -58 -58 -58 -57 -58 -58 -56 -56 -56 -56 -56 -56 -56 -56 -56 -57 -57 -57 -56 -56 -56 -56 -56 -56 -57 -57 -56 -56 -56 -57 -57 -57 -57 -57 -56 -56 -56 -56 -57 -57 -57 -57 -57 -58 -58 -58 -58 -57 -56 -56 -57 -57 -56 -56 -57 -57 -57 -57 -57 -56 -56 -56 -56 -57 -56 -56 -57 -57 -57 -57 -57 -56 -57 -57 -57 -56 -56 -57 -57 -57 -56 -56 -57 0
-57 -57 -56 -56 -56 -56 -56 -56 -56 -56 -56 -57 -57 -57 -57 -57 -57 -57 -56 -56 -56 -56 -56 -56 -56 -57 -57 -57 -57 -57 -57 -57 -57 -57 -56 -56 -56 -56 -56 -56 -56 -56 -56 -56 -57 -57 -57 -57 -56 -56 -56 -56 -56 -56 -57 -56 -56 -57 -57 -57 -57 -57 -56 -56 -56 -56 -56 -57 -56 -57 -57 -57 -57 -57 -57 -57 -57 -56 -57 -57 -56 -56 -56 -56 -56 -56 -56 -56 -56 -56 -56 -56 -56 -56 -56 -56 -57 -56 -56 -57 -56 -57 -57 -57 -56 -56 -56 -56 -57 -57 -56 -57 -57 -57 -56 -56 -56 -56 -56 -56 -56 -56 -56 -56 -57 -57 -57 -57 -57 -57 -57 -56 -56 -56 -56 -56 -56 -56 -57 -57 -57 -57 -57 -57 -57 -57 -57 -56 -56 -56 -56 -56 -56 -56 -56 -56 -57 -57 -57 -56 -56 -56 -56 -56 -56 -56 -56 -56 -56 -56 -57 -57 -57 -57 -57 -56 -56 -56 -56 -57 -57 -57 -57 -57 -57 -57 -57 -57 -56 -56 -56 -57 -57 -56 -56 -57 -57 -57 -56 -56 -56 -56 -56 -56 -57 -56 -56 -57 -57 -57 -57 -57 -56 -57 -57 -57 -56 -56 -57 -57 -57 -56 -56 -57 0
-57 -57 -56 -56 -56 -56 -56 -56 -56 -56 -56 -56 -56 -56 -56 -56 -57 -57 -56 -56 -56 -56 -56 -56 -56 -56 -56 -56 -56 -56 -56 -56 -57 -57 -56 -56 -56 -56 -56 -56 -56 -56 -56 -56 -56 -56 -56 -56 -56 -56 -56 -56 -56 -56 -57 -56 -56 -56 -56 -56 -56 -56 -56 -56 -56 -56 -56 -57 -56 -57 -57 -57 -57 -57 -57 -57 -57 -56 -56 -56 -56 -56 -56 -56 -56 -56 -56 -56 -56 -56 -56 -56 -56 -56 -56 -56 -57 -56 -56 -57 -56 -57 -57 -57 -57 -57 -56 -56 -56 -56 -56 -56 -57 -57 -56 -56 -56 -56 -56 -56 -56 -56 -56 -56 -56 -56 -56 -56 -56 -57 -57 -56 -56 -56 -56 -56 -56 -56 -56 -56 -57 -57 -57 -57 -57 -57 -57 -56 -56 -56 -56 -56 -56 -56 -56 -56 -56 -56 -56 -56 -56 -56 -56 -56 -56 -56 -56 -56 -56 -56 -56 -56 -56 -56 -56 -56 -56 -56 -56 -57 -57 -57 -57 -57 -57 -57 -57 -57 -56 -56 -56 -56 -56 -56 -56 -56 -56 -56 -56 -56 -56 -56 -56 -56 -57 -56 -56 -57 -57 -58 -58 -57 -56 -57 -56 -56 -56 -56 -56 -56 -56 -56 -56 -57 0
-57 -57 -56 -56 -56 -56 -57 -56 -56 -56 -56 -56 -56 -56 -56 -56 -56 -56 -56 -56 -56 -56 -56 -56 -56 -56 -56 -56 -56 -56 -56 -56 -56 -56 -56 -56 -56 -56 -56 -56 -56 -56 -56 -56 -56 -56 -56 -56 -56 -56 -56 -56 -56 -56 -57 -56 -56 -56 -56 -56 -56 -56 -56 -56 -56 -56 -56 -57 -56 -56 -56 -56 -56 -56 -56 -56 -57 -56 -56 -56 -56 -56 -56 -56 -56 -56 -56 -56 -56 -56 -56 -56 -56 -56 -56 -56 -57 -56 -56 -57 -56 -56 -56 -56 -56 -56 -56 -56 -56 -56 -55 -56 -57 -57 -56 -56 -56 -56 -56 -56 -56 -56 -56 -56 -56 -56 -56 -56 -56 -57 -57 -56 -56 -56 -56 -56 -56 -56 -56 -56 -56 -56 -56 -56 -56 -56 -56 -56 -56 -56 -56 -56 -56 -56 -56 -56 -56 -56 -56 -56 -56 -56 -56 -56 -56 -56 -56 -56 -56 -56 -56 -56 -56 -56 -56 -56 -56 -56 -56 -56 -57 -56 -56 -56 -56 -56 -56 -56 -56 -56 -56 -56 -56 -56 -56 -56 -56 -56 -56 -56 -56 -56 -56 -56 -57 -56 -56 -57 -57 -57 -57 -57 -56 -57 -56 -56 -56 -56 -56 -56 -56 -56 -56 -56 0
-56 -56 -56 -56 -56 -56 -56 -57 -57 -56 -56 -56 -56 -56 -56 -56 -56 -56 -56 -56 -56 -57 -57 -56 -56 -56 -56 -57 -58 -58 -56 -56 -57 -57 -56 -56 -56 -57 -56 -56 -56 -57 -57 -57 -57 -57 -56 -56 -56 -56 -56 -56 -56 -56 -56 -57 -57 -56 -56 -57 -58 -58 -56 -56 -56 -56 -56 -56 -56 -57 -57 -56 -56 -56 -57 -57 -57 -57 -56 -56 -56 -56 -56 -57 -57 -56 -56 -56 -56 -56 -56 -56 -56 -56 -56 -56 -57 -57 -57 -56 -56 -56 -56 -56 -56 -56 -56 -56 -56 -56 -56 -56 -56 -57 -57 -56 -56 -56 -56 -56 -56 -56 -56 -56 -56 -56 -56 -56 -56 -56 -56 -57 -57 -56 -56 -56 -56 -56 -56 -56 -56 -56 -56 -56 -56 -57 -57 -57 -57 -56 -56 -56 -56 -56 -57 -57 -57 -57 -57 -57 -57 -56 -56 -56 -56 -57 -57 -57 -57 -57 -56 -56 -57 -58 -57 -56 -56 -56 -56 -56 -56 -57 -56 -57 -56 -57 -56 -56 -57 -57 -57 -56 -56 -57 -57 -57 -57 -57 -56 -56 -56 -56 -57 -57 -57 -57 -57 -56 -56 -57 -57 -56 -56 -56 -57 -57 -56 -56 -57 -57 -57 -56 -56 -56 0
-56 -56 -56 -56 -56 -56 -56 -57 -57 -56 -56 -56 -56 -56 -56 -56 -56 -56 -56 -56 -56 -57 -57 -57 -57 -56 -56 -56 -57 -57 -56 -56 -57 -57 -56 -56 -56 -57 -56 -56 -56 -57 -57 -57 -57 -57 -56 -56 -56 -56 -56 -56 -56 -56 -56 -57 -57 -56 -56 -56 -57 -57 -56 -56 -56 -56 -56 -56 -56 -57 -57 -56 -56 -57 -58 -58 -57 -57 -56 -56 -57 -57 -57 -58 -58 -56 -56 -56 -56 -56 -57 -57 -56 -56 -56 -56 -57 -57 -57 -56 -56 -56 -56 -56 -56 -56 -56 -56 -56 -56 -56 -56 -56 -57 -57 -56 -56 -57 -57 -56 -56 -56 -56 -56 -57 -57 -56 -56 -56 -56 -56 -57 -57 -57 -57 -57 -57 -57 -56 -56 -57 -57 -56 -56 -57 -58 -58 -57 -57 -56 -56 -56 -56 -56 -57 -57 -57 -57 -57 -57 -57 -56 -56 -56 -56 -57 -57 -57 -57 -57 -56 -56 -57 -57 -57 -56 -56 -56 -56 -56 -56 -57 -57 -57 -56 -57 -57 -57 -57 -57 -57 -56 -56 -58 -58 -57 -57 -57 -56 -56 -56 -56 -57 -57 -57 -58 -58 -56 -56 -57 -57 -56 -56 -56 -57 -57 -56 -56 -57 -57 -57 -56 -56 -56 0
-56 -56 -56 -56 -56 -56 -56 -57 -57 -56 -56 -56 -56 -56 -56 -56 -56 -56 -56 -56 -56 -56 -56 -57 -57 -56 -56 -56 -57 -57 -56 -56 -57 -57 -56 -56 -56 -57 -56 -56 -56 -56 -56 -56 -56 -56 -56 -56 -56 -56 -56 -56 -56 -56 -56 -56 -56 -56 -56 -56 -57 -57 -56 -56 -56 -56 -56 -56 -56 -56 -56 -56 -56 -57 -58 -58 -57 -57 -56 -56 -57 -57 -57 -58 -58 -56 -56 -56 -56 -56 -57 -57 -56 -56 -56 -56 -56 -56 -56 -56 -56 -56 -56 -56 -56 -56 -56 -56 -56 -56 -56 -56 -56 -56 -56 -56 -56 -58 -58 -57 -56 -56 -56 -56 -57 -57 -56 -56 -56 -56 -56 -56 -56 -57 -58 -58 -58 -58 -56 -56 -57 -57 -56 -56 -57 -58 -58 -56 -56 -56 -56 -56 -56 -56 -56 -56 -56 -56 -56 -56 -56 -56 -56 -56 -56 -56 -56 -56 -56 -56 -56 -56 -57 -57 -57 -56 -56 -56 -56 -56 -56 -56 -56 -56 -56 -57 -58 -58 -57 -57 -57 -56 -56 -58 -58 -57 -57 -57 -56 -56 -56 -56 -56 -56 -57 -58 -58 -56 -56 -56 -56 -56 -56 -56 -56 -56 -56 -56 -56 -56 -56 -56 -56 -56 0
-56 -56 -56 -56 -56 -56 -56 -57 -57 -56 -56 -56 -56 -56 -56 -56 -56 -56 -56 -56 -56 -56 -56 -56 -56 -56 -56 -56 -56 -56 -56 -56 -57 -57 -56 -56 -56 -57 -56 -56 -56 -56 -56 -56 -56 -56 -56 -56 -56 -56 -56 -56 -56 -56 -56 -56 -56 -56 -56 -56 -56 -56 -56 -56 -56 -56 -56 -56 -56 -56 -56 -56 -56 -56 -56 -56 -57 -57 -56 -56 -55 -55 -55 -56 -56 -56 -56 -56 -56 -56 -55 -55 -56 -56 -56 -56 -56 -56 -56 -56 -56 -56 -56 -56 -56 -56 -56 -56 -56 -56 -56 -56 -56 -56 -56 -56 -56 -57 -57 -56 -56 -56 -56 -56 -56 -56 -56 -56 -56 -56 -56 -56 -56 -57 -57 -57 -57 -57 -56 -56 -55 -55 -56 -56 -56 -56 -56 -56 -56 -56 -56 -56 -56 -56 -56 -56 -56 -56 -56 -56 -56 -56 -56 -56 -56 -56 -56 -56 -56 -56 -56 -56 -56 -56 -56 -56 -56 -56 -56 -56 -56 -56 -56 -56 -56 -57 -57 -57 -57 -57 -57 -56 -56 -56 -56 -57 -57 -57 -56 -56 -56 -56 -56 -56 -56 -56 -56 -56 -56 -56 -56 -56 -56 -56 -56 -56 -56 -56 -56 -56 -56 -56 -56 -56 0
-56 -56 -56 -56 -56 -56 -56 -56 -56 -57 -57 -56 -56 -56 -56 -57 -56 -57 -56 -56 -56 -56 -56 -57 -57 -56 -56 -56 -56 -57 -56 -56 -57 -57 -57 -57 -57 -57 -56 -56 -56 -57 -57 -57 -56 -56 -57 -57 -56 -56 -57 -56 -56 -56 -56 -56 -56 -56 -56 -56 -56 -56 -57 -57 -56 -56 -56 -56 -56 -56 -56 -56 -56 -56 -56 -56 -56 -56 -56 -56 -56 -56 -56 -56 -56 -56 -56 -56 -56 -56 -56 -56 -56 -56 -56 -56 -56 -56 -56 -56 -56 -56 -56 -56 -56 -56 -56 -56 -56 -56 -56 -56 -56 -56 -56 -56 -56 -56 -56 -56 -56 -57 -57 -56 -56 -56 -56 -56 -56 -57 -56 -56 -56 -56 -56 -56 -56 -56 -57 -57 -56 -56 -56 -56 -56 -57 -57 -56 -56 -56 -56 -56 -56 -56 -56 -56 -56 -56 -57 -56 -56 -56 -56 -56 -56 -56 -56 -56 -56 -57 -56 -56 -57 -56 -55 -56 -56 -56 -56 -56 -56 -56 -56 -56 -56 -57 -56 -56 -56 -56 -56 -56 -56 -56 -56 -56 -56 -56 -56 -56 -56 -56 -56 -56 -56 -56 -56 -56 -56 -56 -56 -56 -56 -56 -56 -56 -56 -56 -56 -56 -56 -56 -56 -56 0
-56 -56 -56 -56 -56 -56 -56 -56 -56 -57 -57 -56 -56 -56 -56 -57 -56 -57 -56 -56 -56 -56 -56 -57 -57 -56 -56 -56 -56 -57 -56 -56 -57 -57 -57 -57 -57 -57 -56 -56 -56 -57 -57 -57 -56 -56 -57 -57 -56 -56 -57 -56 -56 -56 -56 -56 -56 -56 -56 -56 -56 -56 -57 -57 -56 -56 -56 -56 -56 -56 -56 -56 -56 -56 -56 -56 -56 -56 -56 -56 -57 -58 -57 -56 -56 -56 -56 -56 -56 -56 -56 -56 -56 -56 -56 -56 -56 -56 -56 -56 -56 -56 -56 -56 -56 -56 -56 -56 -56 -56 -56 -56 -56 -56 -56 -56 -56 -56 -56 -56 -56 -57 -57 -56 -56 -56 -56 -56 -56 -57 -56 -56 -56 -56 -56 -56 -56 -56 -57 -57 -56 -56 -56 -56 -56 -57 -57 -58 -58 -57 -56 -56 -56 -56 -56 -56 -56 -56 -57 -56 -56 -56 -56 -56 -56 -56 -56 -56 -56 -57 -56 -56 -57 -56 -57 -58 -58 -56 -56 -56 -56 -56 -56 -56 -56 -57 -56 -56 -56 -56 -56 -56 -56 -58 -58 -57 -56 -56 -56 -56 -57 -57 -56 -56 -56 -56 -56 -56 -56 -56 -56 -56 -56 -56 -56 -56 -56 -56 -57 -57 -57 -56 -56 -57 0
-56 -56 -56 -56 -56 -56 -56 -56 -56 -57 -57 -56 -56 -56 -56 -57 -56 -57 -56 -56 -56 -56 -56 -57 -57 -56 -56 -56 -56 -57 -56 -56 -57 -57 -57 -57 -57 -57 -56 -56 -56 -57 -57 -57 -56 -56 -57 -57 -56 -56 -57 -56 -56 -56 -56 -56 -56 -56 -56 -56 -56 -56 -57 -57 -56 -56 -56 -56 -56 -56 -56 -56 -56 -56 -56 -56 -56 -56 -56 -56 -57 -58 -57 -56 -56 -56 -56 -56 -56 -56 -56 -56 -56 -56 -56 -56 -56 -56 -56 -56 -56 -56 -56 -56 -56 -56 -56 -56 -56 -56 -56 -56 -56 -56 -56 -56 -56 -56 -56 -56 -56 -57 -57 -56 -56 -56 -56 -56 -56 -57 -56 -56 -56 -56 -56 -56 -56 -56 -57 -57 -56 -56 -56 -56 -56 -57 -57 -58 -58 -56 -56 -56 -56 -56 -56 -56 -56 -56 -57 -56 -56 -56 -56 -56 -56 -56 -56 -56 -56 -57 -56 -56 -56 -56 -57 -58 -58 -56 -56 -56 -56 -56 -56 -56 -56 -57 -56 -56 -56 -56 -56 -56 -56 -58 -58 -56 -56 -56 -56 -56 -57 -57 -56 -56 -56 -56 -56 -56 -56 -56 -56 -56 -56 -56 -56 -56 -56 -56 -57 -57 -57 -56 -56 -57 0
-56 -56 -56 -56 -56 -56 -56 -56 -56 -57 -57 -56 -56 -56 -56 -57 -56 -57 -56 -56 -56 -56 -56 -57 -57 -56 -56 -56 -56 -57 -56 -56 -57 -57 -57 -57 -57 -57 -56 -56 -56 -57 -57 -57 -56 -56 -57 -57 -56 -56 -57 -56 -56 -56 -56 -56 -56 -56 -56 -56 -56 -56 -57 -57 -56 -56 -56 -56 -56 -56 -56 -56 -56 -56 -56 -56 -56 -56 -56 -56 -56 -56 -56 -56 -56 -56 -56 -56 -56 -56 -56 -56 -56 -56 -56 -56 -56 -56 -56 -56 -56 -56 -56 -56 -56 -56 -56 -56 -56 -56 -56 -56 -56 -56 -56 -56 -56 -56 -56 -56 -56 -57 -57 -56 -56 -56 -56 -56 -56 -57 -56 -56 -56 -56 -56 -56 -56 -56 -57 -57 -56 -56 -56 -56 -56 -57 -57 -56 -56 -56 -56 -56 -56 -56 -56 -56 -56 -56 -57 -56 -56 -56 -56 -56 -56 -56 -56 -56 -56 -57 -56 -56 -56 -56 -57 -56 -56 -56 -56 -56 -56 -56 -56 -56 -56 -57 -56 -56 -56 -56 -56 -56 -56 -56 -56 -56 -56 -56 -56 -56 -56 -56 -56 -56 -56 -56 -56 -56 -56 -56 -56 -56 -56 -56 -56 -56 -56 -56 -55 -55 -56 -56 -56 -56 0
-56 -56 -56 -56 -56 -56 -56 -56 -56 -56 -56 -56 -56 -56 -56 -56 -56 -56 -56 -56 -56 -56 -56 -56 -56 -56 -56 -56 -56 -56 -56 -56 -56 -57 -57 -56 -56 -56 -56 -56 -56 -57 -57 -56 -56 -56 -56 -56 -56 -56 -56 -56 -56 -56 -56 -56 -56 -56 -56 -56 -56 -56 -57 -57 -56 -56 -56 -56 -56 -56 -56 -56 -56 -56 -56 -56 -56 -56 -57 -56 -56 -56 -56 -57 -57 -56 -56 -56 -56 -56 -56 -56 -56 -56 -56 -56 -56 -56 -56 -56 -56 -56 -56 -56 -56 -56 -56 -56 -56 -56 -56 -56 -56 -56 -56 -56 -56 -56 -56 -56 -56 -56 -56 -56 -56 -56 -56 -56 -56 -56 -56 -56 -56 -56 -56 -56 -56 -56 -56 -56 -56 -56 -56 -56 -56 -57 -57 -56 -56 -56 -56 -56 -56 -56 -56 -56 -56 -56 -56 -56 -56 -56 -56 -56 -56 -56 -56 -56 -56 -56 -56 -56 -56 -56 -56 -57 -57 -56 -56 -56 -56 -56 -56 -56 -56 -56 -56 -56 -56 -56 -56 -56 -56 -56 -56 -57 -57 -57 -56 -56 -56 -56 -56 -56 -56 -56 -56 -56 -56 -56 -56 -56 -56 -56 -56 -56 -56 -56 -56 -56 -56 -56 -56 -56 0
-57 -57 -57 -57 -57 -57 -57 -57 -57 -56 -56 -56 -56 -56 -56 -56 -57 -57 -56 -56 -56 -57 -57 -57 -57 -56 -56 -56 -57 -57 -57 -57 -56 -57 -57 -57 -57 -57 -57 -57 -57 -58 -57 -56 -57 -57 -56 -56 -57 -57 -57 -57 -57 -58 -58 -57 -57 -57 -57 -57 -57 -57 -57 -57 -57 -57 -57 -57 -57 -57 -57 -57 -57 -57 -56 -56 -57 -57 -57 -57 -57 -56 -57 -58 -58 -56 -56 -57 -57 -57 -57 -57 -57 -57 -57 -57 -57 -57 -57 -58 -58 -57 -57 -57 -57 -57 -58 -58 -57 -57 -57 -57 -57 -57 -57 -57 -57 -58 -58 -58 -58 -58 -57 -57 -58 -58 -57 -56 -56 -57 -57 -57 -57 -57 -57 -57 -57 -57 -57 -57 -57 -57 -56 -56 -56 -57 -57 -57 -57 -57 -57 -57 -56 -56 -57 -57 -57 -57 -57 -56 -56 -57 -57 -57 -57 -58 -58 -58 -57 -57 -57 -57 -56 -56 -56 -57 -57 -57 -57 -57 -57 -57 -57 -57 -58 -58 -57 -57 -57 -57 -57 -57 -57 -56 -56 -57 -57 -57 -58 -58 -57 -57 -57 -57 -57 -57 -57 -57 -57 -57 -57 -57 -57 -57 -57 -57 -56 -56 -57 -58 -58 -57 -57 -57 0
-57 -57 -57 -57 -57 -57 -57 -57 -57 -57 -57 -58 -58 -58 -56 -56 -57 -57 -57 -57 -57 -57 -57 -57 -57 -58 -58 -58 -57 -57 -57 -57 -56 -57 -57 -57 -57 -57 -57 -57 -57 -58 -57 -56 -57 -57 -56 -56 -57 -57 -57 -57 -57 -58 -58 -57 -57 -57 -57 -57 -57 -57 -57 -57 -57 -57 -57 -57 -57 -57 -57 -57 -57 -57 -57 -57 -57 -57 -58 -57 -57 -57 -57 -57 -57 -57 -57 -57 -57 -57 -57 -57 -57 -57 -57 -57 -57 -57 -57 -58 -58 -57 -57 -57 -57 -57 -58 -58 -57 -57 -57 -57 -57 -57 -57 -57 -57 -58 -58 -58 -58 -58 -57 -57 -58 -58 -57 -57 -57 -57 -57 -57 -57 -57 -57 -58 -58 -58 -58 -58 -57 -57 -56 -56 -56 -57 -57 -57 -57 -57 -57 -57 -58 -58 -57 -57 -57 -57 -57 -56 -56 -57 -57 -57 -57 -58 -58 -58 -57 -57 -57 -57 -56 -56 -56 -57 -57 -57 -57 -57 -57 -57 -57 -57 -58 -58 -57 -57 -57 -57 -57 -57 -57 -56 -56 -57 -57 -57 -58 -58 -57 -57 -57 -57 -57 -57 -57 -57 -57 -57 -57 -57 -57 -57 -57 -57 -57 -57 -57 -58 -58 -57 -57 -57 0
-58 -57 -57 -57 -57 -57 -57 -57 -57 -57 -57 -57 -57 -57 -56 -56 -57 -58 -57 -57 -57 -58 -58 -58 -57 -57 -57 -57 -57 -57 -57 -57 -57 -57 -58 -58 -57 -57 -57 -57 -57 -57 -57 -57 -57 -57 -56 -56 -57 -57 -57 -58 -58 -57 -57 -57 -57 -58 -58 -58 -57 -57 -57 -57 -57 -57 -57 -57 -57 -57 -57 -58 -58 -58 -57 -57 -57 -57 -58 -57 -57 -57 -57 -56 -56 -57 -57 -58 -58 -58 -58 -58 -58 -58 -57 -57 -58 -57 -57 -57 -57 -58 -58 -58 -57 -57 -57 -57 -57 -57 -57 -57 -57 -57 -57 -57 -58 -57 -57 -57 -57 -57 -57 -57 -57 -57 -57 -57 -57 -58 -58 -57 -57 -58 -58 -57 -56 -56 -56 -56 -57 -57 -57 -56 -56 -57 -57 -57 -57 -57 -57 -57 -57 -57 -57 -57 -57 -57 -57 -56 -56 -58 -57 -58 -58 -57 -57 -57 -57 -57 -57 -57 -57 -56 -56 -57 -57 -57 -57 -58 -58 -57 -57 -57 -57 -57 -57 -57 -57 -57 -58 -58 -58 -56 -56 -57 -57 -57 -57 -57 -57 -57 -58 -58 -57 -57 -57 -57 -57 -57 -57 -57 -57 -57 -58 -58 -57 -57 -57 -57 -57 -57 -57 -58 0
-57 -56 -56 -56 -56 -56 -56 -56 -56 -57 -57 -56 -56 -56 -56 -56 -56 -57 -57 -56 -57 -58 -58 -57 -56 -56 -56 -56 -56 -56 -56 -56 -56 -56 -57 -57 -56 -56 -56 -56 -56 -56 -56 -56 -56 -56 -56 -56 -56 -56 -56 -57 -57 -57 -57 -56 -56 -57 -57 -57 -56 -56 -56 -56 -56 -56 -56 -56 -56 -56 -56 -57 -57 -57 -56 -56 -56 -56 -58 -58 -57 -56 -56 -56 -56 -56 -56 -57 -57 -57 -57 -57 -57 -57 -56 -56 -57 -56 -56 -56 -56 -58 -58 -57 -56 -56 -57 -57 -56 -56 -56 -56 -56 -56 -56 -56 -57 -56 -56 -56 -56 -57 -56 -56 -56 -56 -56 -56 -56 -57 -57 -56 -56 -57 -57 -57 -56 -56 -56 -56 -56 -56 -56 -56 -56 -56 -56 -56 -56 -56 -56 -56 -56 -56 -56 -56 -56 -56 -56 -56 -56 -57 -56 -57 -57 -56 -56 -56 -56 -56 -56 -56 -56 -56 -56 -56 -56 -56 -56 -57 -57 -56 -56 -56 -57 -56 -56 -56 -56 -56 -57 -58 -58 -56 -56 -56 -56 -56 -56 -56 -56 -56 -57 -57 -56 -56 -56 -56 -56 -56 -56 -56 -56 -56 -57 -57 -56 -56 -57 -57 -57 -56 -56 -57 0
-57 -56 -56 -56 -56 -56 -56 -56 -56 -56 -56 -56 -56 -56 -56 -56 -56 -57 -57 -56 -56 -57 -57 -56 -56 -57 -56 -56 -56 -56 -56 -56 -56 -56 -57 -57 -57 -56 -56 -56 -56 -56 -56 -56 -56 -56 -56 -56 -56 -56 -56 -56 -57 -57 -57 -56 -56 -56 -56 -56 -56 -56 -56 -56 -56 -56 -56 -56 -56 -57 -57 -57 -57 -57 -56 -56 -56 -56 -57 -57 -56 -56 -56 -56 -56 -56 -56 -56 -56 -56 -56 -56 -56 -56 -56 -56 -57 -56 -56 -56 -56 -57 -57 -56 -56 -57 -58 -58 -56 -56 -56 -56 -56 -56 -56 -56 -57 -56 -56 -56 -56 -57 -56 -56 -56 -56 -56 -56 -56 -57 -57 -56 -56 -56 -56 -56 -56 -56 -56 -56 -56 -56 -56 -56 -56 -56 -56 -56 -56 -56 -56 -56 -56 -56 -57 -57 -56 -56 -56 -56 -56 -57 -56 -57 -57 -56 -56 -56 -56 -56 -56 -56 -56 -56 -56 -56 -56 -56 -56 -56 -56 -56 -56 -56 -57 -56 -56 -56 -56 -56 -56 -57 -57 -56 -56 -56 -56 -56 -56 -56 -56 -56 -56 -56 -56 -56 -56 -56 -56 -56 -56 -56 -56 -56 -56 -56 -56 -56 -57 -57 -57 -56 -56 -56 0
-57 -56 -56 -56 -56 -56 -56 -56 -56 -56 -56 -56 -56 -56 -56 -56 -56 -57 -57 -56 -56 -57 -57 -56 -57 -57 -56 -56 -56 -56 -56 -56 -56 -56 -56 -57 -57 -56 -56 -56 -56 -56 -56 -56 -56 -56 -56 -56 -56 -56 -56 -56 -56 -57 -57 -56 -56 -56 -56 -56 -56 -56 -56 -56 -56 -56 -56 -56 -56 -56 -56 -57 -57 -57 -56 -56 -56 -56 -57 -57 -56 -56 -56 -56 -56 -56 -56 -56 -56 -56 -56 -56 -56 -56 -56 -56 -57 -56 -56 -56 -56 -57 -57 -56 -56 -56 -57 -57 -56 -56 -56 -56 -56 -56 -56 -56 -57 -56 -56 -56 -56 -57 -56 -56 -56 -56 -56 -56 -56 -57 -57 -56 -56 -56 -56 -56 -56 -56 -56 -56 -56 -56 -56 -56 -56 -56 -56 -56 -56 -56 -56 -56 -56 -56 -56 -56 -56 -56 -56 -56 -56 -57 -56 -57 -57 -56 -56 -56 -56 -56 -56 -56 -56 -56 -56 -56 -56 -56 -56 -56 -56 -56 -56 -56 -57 -56 -56 -56 -56 -56 -56 -57 -57 -56 -56 -56 -56 -56 -56 -56 -56 -56 -56 -56 -56 -56 -56 -56 -56 -56 -56 -56 -56 -56 -56 -56 -56 -56 -57 -57 -57 -56 -56 -56 0
-57 -56 -56 -56 -56 -56 -56 -56 -56 -56 -56 -56 -56 -56 -56 -56 -56 -57 -57 -56 -56 -56 -56 -56 -57 -56 -56 -56 -56 -56 -56 -56 -56 -56 -56 -57 -57 -56 -56 -56 -56 -56 -56 -56 -56 -56 -56 -56 -56 -56 -56 -56 -56 -57 -57 -56 -56 -56 -56 -56 -56 -56 -56 -56 -56 -56 -56 -56 -56 -56 -56 -56 -56 -56 -56 -56 -56 -56 -56 -56 -56 -56 -56 -56 -56 -56 -56 -56 -56 -56 -56 -56 -56 -56 -56 -56 -57 -56 -56 -56 -56 -56 -56 -56 -56 -56 -56 -56 -56 -56 -56 -56 -56 -56 -56 -56 -57 -56 -56 -56 -56 -56 -56 -56 -56 -56 -56 -56 -56 -57 -57 -56 -56 -56 -56 -56 -56 -56 -56 -56 -56 -56 -56 -56 -56 -56 -56 -56 -56 -56 -56 -56 -56 -56 -56 -56 -56 -56 -56 -56 -57 -57 -56 -57 -57 -56 -56 -56 -56 -56 -56 -56 -56 -56 -56 -56 -56 -56 -56 -56 -56 -56 -56 -56 -56 -56 -56 -56 -56 -56 -56 -56 -56 -56 -56 -56 -56 -56 -56 -56 -56 -56 -56 -56 -56 -56 -56 -56 -56 -56 -56 -56 -56 -56 -56 -56 -56 -56 -56 -56 -56 -56 -56 -56 0
-56 -56 -56 -57 -57 -56 -56 -57 -57 -57 -57 -57 -55 -56 -56 -56 -57 -57 -57 -57 -57 -57 -57 -56 -56 -57 -57 -57 -57 -57 -56 -56 -56 -56 -56 -56 -56 -57 -57 -57 -57 -57 -57 -57 -57 -57 -56 -56 -56 -56 -56 -57 -57 -56 -56 -57 -57 -57 -57 -57 -57 -57 -57 -57 -57 -57 -57 -56 -56 -56 -56 -57 -57 -57 -57 -57 -57 -57 -57 -57 -57 -56 -56 -57 -57 -56 -56 -57 -57 -57 -56 -56 -57 -57 -56 -56 -56 -56 -56 -57 -57 -56 -56 -56 -56 -56 -57 -57 -56 -56 -57 -57 -57 -56 -56 -57 -57 -56 -56 -57 -57 -57 -57 -57 -56 -56 -56 -56 -56 -57 -57 -57 -57 -57 -57 -57 -56 -56 -57 -57 -57 -57 -56 -56 -56 -57 -57 -56 -56 -57 -57 -57 -57 -57 -57 -57 -56 -56 -56 -56 -57 -56 -56 -57 -57 -56 -56 -56 -57 -57 -57 -57 -57 -57 -57 -57 -57 -56 -56 -56 -56 -56 -56 -56 -57 -57 -57 -57 -57 -57 -57 -57 -57 -56 -56 -57 -57 -57 -56 -56 -57 -57 -56 -56 -56 -56 -56 -56 -56 -56 -56 -56 -57 -57 -56 -56 -56 -56 -57 -57 -57 -56 -56 -57 0
-56 -56 -57 -57 -57 -56 -56 -57 -57 -57 -57 -57 -56 -57 -56 -56 -57 -57 -57 -57 -57 -57 -57 -56 -56 -57 -57 -57 -57 -57 -56 -56 -56 -56 -56 -56 -56 -57 -57 -57 -57 -57 -57 -57 -57 -57 -56 -56 -56 -56 -56 -57 -57 -56 -56 -57 -57 -57 -57 -57 -57 -57 -57 -57 -57 -57 -57 -56 -56 -56 -56 -57 -57 -57 -57 -57 -57 -57 -57 -57 -57 -56 -56 -57 -57 -56 -56 -57 -57 -57 -56 -56 -57 -57 -56 -56 -56 -56 -56 -57 -57 -56 -56 -56 -56 -56 -57 -57 -56 -56 -57 -57 -57 -56 -56 -57 -57 -56 -56 -57 -57 -57 -57 -57 -56 -56 -56 -56 -56 -57 -57 -57 -57 -57 -57 -57 -56 -56 -57 -57 -57 -57 -56 -56 -56 -57 -57 -56 -56 -57 -57 -57 -57 -57 -57 -57 -56 -56 -56 -56 -56 -56 -56 -57 -57 -56 -56 -56 -57 -57 -57 -57 -57 -57 -57 -57 -57 -56 -56 -56 -56 -56 -56 -56 -57 -57 -57 -57 -57 -57 -57 -57 -57 -56 -56 -57 -57 -57 -56 -56 -57 -57 -56 -56 -56 -56 -56 -56 -56 -56 -56 -57 -57 -57 -56 -56 -56 -56 -57 -57 -57 -56 -56 -57 0
-56 -56 -57 -57 -56 -56 -56 -57 -57 -58 -58 -58 -56 -57 -56 -56 -57 -57 -57 -57 -57 -57 -57 -56 -56 -57 -58 -58 -58 -58 -56 -56 -56 -56 -56 -56 -56 -58 -58 -57 -57 -58 -58 -58 -57 -57 -57 -57 -56 -56 -56 -57 -57 -56 -56 -58 -58 -58 -58 -58 -58 -58 -57 -57 -57 -57 -57 -56 -56 -56 -56 -58 -58 -58 -58 -58 -57 -57 -58 -58 -57 -56 -56 -57 -57 -56 -56 -57 -58 -57 -56 -56 -58 -58 -56 -56 -56 -56 -56 -58 -58 -56 -56 -56 -56 -57 -58 -58 -56 -56 -57 -58 -57 -56 -56 -57 -57 -56 -56 -57 -58 -58 -58 -58 -56 -56 -56 -56 -56 -57 -57 -57 -57 -57 -57 -57 -56 -56 -58 -58 -58 -58 -57 -56 -57 -58 -58 -56 -56 -57 -58 -58 -58 -58 -57 -57 -57 -57 -57 -56 -56 -56 -56 -57 -57 -56 -56 -57 -58 -58 -58 -58 -58 -58 -58 -57 -57 -56 -56 -56 -56 -56 -56 -56 -58 -58 -58 -58 -58 -58 -58 -58 -58 -56 -56 -57 -57 -57 -56 -56 -57 -57 -57 -57 -57 -57 -57 -56 -56 -56 -56 -57 -57 -56 -56 -56 -56 -56 -57 -58 -57 -56 -56 -58 0
-56 -56 -56 -56 -56 -56 -56 -56 -56 -57 -57 -57 -56 -56 -56 -56 -57 -57 -56 -56 -56 -56 -56 -57 -57 -56 -57 -57 -57 -57 -56 -56 -56 -56 -57 -57 -57 -57 -57 -56 -56 -57 -57 -57 -56 -56 -56 -56 -57 -57 -57 -56 -56 -56 -56 -57 -57 -57 -57 -57 -57 -57 -56 -56 -57 -57 -57 -56 -56 -56 -56 -58 -58 -58 -57 -57 -57 -57 -57 -57 -57 -57 -57 -56 -56 -56 -56 -57 -57 -57 -56 -56 -57 -57 -56 -56 -56 -56 -56 -57 -57 -57 -57 -57 -57 -57 -57 -57 -56 -56 -56 -57 -57 -57 -57 -57 -56 -56 -56 -56 -57 -57 -57 -57 -56 -56 -56 -56 -56 -57 -57 -57 -57 -57 -57 -57 -57 -57 -57 -57 -57 -57 -56 -56 -56 -57 -57 -57 -57 -56 -57 -57 -57 -57 -56 -56 -56 -56 -57 -57 -57 -56 -56 -56 -56 -56 -56 -56 -57 -57 -57 -57 -57 -57 -57 -56 -56 -56 -56 -56 -56 -56 -56 -56 -57 -57 -57 -57 -57 -57 -57 -57 -57 -56 -56 -56 -56 -56 -56 -56 -56 -56 -56 -56 -56 -56 -56 -56 -56 -56 -56 -56 -56 -56 -56 -56 -57 -57 -57 -57 -57 -56 -56 -57 0
-56 -56 -56 -56 -56 -56 -56 -56 -56 -56 -56 -56 -56 -56 -56 -56 -56 -56 -56 -56 -56 -56 -56 -56 -56 -56 -56 -56 -56 -56 -56 -56 -56 -56 -57 -57 -57 -57 -57 -56 -56 -56 -56 -56 -56 -56 -56 -56 -57 -57 -57 -56 -56 -56 -56 -56 -56 -56 -56 -56 -56 -56 -56 -56 -56 -56 -56 -56 -56 -56 -56 -57 -57 -57 -56 -56 -56 -56 -56 -56 -56 -56 -56 -56 -56 -56 -56 -56 -56 -56 -56 -56 -56 -56 -56 -56 -56 -56 -56 -56 -56 -56 -56 -56 -56 -56 -56 -56 -56 -56 -56 -56 -56 -57 -57 -56 -56 -56 -56 -56 -56 -56 -56 -56 -56 -56 -56 -56 -56 -56 -56 -57 -57 -56 -56 -56 -56 -56 -56 -56 -56 -56 -56 -56 -56 -56 -56 -57 -57 -56 -56 -56 -56 -56 -56 -56 -56 -56 -56 -57 -57 -56 -56 -56 -56 -56 -56 -56 -56 -56 -56 -56 -56 -56 -56 -56 -56 -56 -56 -56 -56 -56 -56 -56 -56 -56 -56 -56 -56 -56 -56 -56 -56 -56 -56 -56 -56 -56 -56 -56 -56 -56 -56 -56 -56 -56 -56 -56 -56 -56 -56 -56 -56 -56 -56 -56 -56 -56 -56 -56 -56 -56 -56 -56 0
-56 -56 -56 -56 -56 -56 -56 -56 -56 -56 -56 -56 -56 -56 -56 -56 -55 -55 -56 -56 -56 -56 -56 -55 -55 -56 -56 -56 -56 -56 -56 -56 -56 -56 -57 -57 -57 -57 -57 -56 -56 -56 -56 -56 -56 -56 -56 -56 -57 -57 -57 -56 -56 -56 -56 -55 -55 -56 -56 -56 -55 -55 -56 -56 -55 -55 -55 -56 -56 -56 -56 -56 -56 -56 -55 -55 -55 -55 -55 -55 -55 -55 -55 -56 -56 -56 -56 -55 -55 -55 -56 -56 -56 -56 -56 -56 -56 -56 -56 -56 -56 -55 -55 -55 -55 -55 -55 -55 -56 -56 -56 -56 -56 -56 -56 -56 -56 -56 -56 -56 -56 -56 -56 -56 -56 -56 -56 -56 -56 -55 -55 -57 -57 -56 -55 -55 -55 -55 -56 -56 -55 -55 -56 -56 -56 -55 -55 -57 -57 -56 -56 -56 -56 -56 -56 -56 -56 -56 -56 -56 -56 -56 -56 -56 -56 -56 -56 -56 -56 -56 -56 -56 -56 -56 -56 -56 -56 -56 -56 -56 -56 -56 -56 -56 -56 -56 -56 -56 -55 -55 -55 -56 -56 -56 -56 -56 -56 -56 -56 -56 -56 -56 -56 -56 -56 -56 -56 -56 -56 -56 -56 -56 -56 -56 -56 -56 -55 -55 -55 -55 -55 -56 -56 -55 0
-56 -56 -56 -56 -56 -56 -56 -56 -56 -56 -56 -56 -56 -56 -56 -56 -57 -57 -56 -56 -56 -56 -56 -57 -57 -56 -56 -56 -56 -56 -56 -56 -56 -56 -57 -57 -57 -57 -57 -56 -56 -56 -56 -56 -56 -56 -56 -56 -57 -57 -57 -56 -56 -56 -56 -57 -57 -56 -56 -56 -57 -57 -56 -56 -57 -57 -57 -56 -56 -56 -56 -57 -57 -57 -57 -57 -57 -57 -57 -57 -57 -57 -57 -56 -56 -56 -56 -57 -57 -57 -56 -56 -56 -56 -56 -56 -56 -56 -56 -56 -56 -57 -57 -57 -57 -57 -57 -57 -56 -56 -56 -56 -56 -57 -57 -56 -56 -56 -56 -56 -56 -56 -56 -56 -56 -56 -56 -56 -56 -57 -57 -57 -57 -57 -57 -57 -57 -57 -56 -56 -57 -57 -56 -56 -56 -57 -57 -57 -57 -56 -56 -56 -56 -56 -56 -56 -56 -56 -56 -57 -57 -56 -56 -56 -56 -56 -56 -56 -56 -56 -56 -56 -56 -56 -56 -56 -56 -56 -56 -56 -56 -56 -56 -56 -56 -56 -56 -56 -57 -57 -57 -56 -56 -56 -56 -56 -56 -56 -56 -56 -56 -56 -56 -56 -56 -56 -56 -56 -56 -56 -56 -56 -56 -56 -56 -56 -57 -57 -57 -57 -57 -56 -56 -57 0
-56 -57 -57 -56 -56 -56 -56 -56 -56 -56 -56 -56 -56 -56 -54 -54 -59 -58 -58 -57 -57 -57 -57 -57 -57 -56 -56 -57 -57 -57 -57 -57 -57 -57 -56 -56 -57 -57 -57 -56 -56 -56 -56 -56 -56 -56 -57 -57 -56 -56 -56 -56 -56 -56 -56 -57 -57 -56 -56 -56 -57 -57 -56 -56 -56 -56 -56 -57 -57 -57 -57 -57 -57 -57 -56 -56 -58 -58 -57 -57 -58 -58 -57 -56 -56 -57 -57 -56 -56 -56 -56 -56 -56 -56 -56 -56 -56 -56 -56 -56 -57 -57 -57 -57 -57 -57 -57 -57 -57 -56 -56 -56 -56 -58 -58 -56 -56 -56 -56 -56 -56 -56 -56 -56 -56 -56 -57 -57 -57 -57 -56 -57 -57 -57 -57 -57 -58 -58 -56 -56 -57 -57 -57 -57 -57 -56 -56 -57 -57 -56 -56 -56 -56 -56 -56 -56 -57 -57 -57 -58 -58 -56 -56 -56 -56 -56 -56 -56 -56 -56 -56 -56 -56 -56 -56 -56 -56 -56 -56 -56 -56 -57 -57 -57 -57 -57 -56 -56 -57 -58 -58 -57 -57 -57 -57 -56 -56 -56 -57 -56 -57 -57 -56 -56 -56 -56 -56 -56 -56 -56 -56 -56 -56 -56 -57 -57 -56 -56 -57 -58 -57 -56 -56 -56 0
-56 -57 -57 -56 -56 -56 -56 -56 -56 -56 -56 -56 -56 -57 -55 -54 -58 -56 -54 -53 -53 -53 -54 -56 -57 -55 -55 -57 -56 -56 -57 -57 -57 -57 -56 -56 -57 -57 -57 -56 -56 -56 -56 -56 -57 -57 -56 -56 -56 -56 -56 -56 -56 -56 -56 -56 -56 -56 -56 -56 -56 -56 -56 -56 -56 -56 -56 -56 -56 -56 -56 -56 -56 -56 -56 -56 -56 -56 -56 -56 -56 -56 -57 -57 -57 -57 -57 -56 -56 -56 -56 -56 -56 -56 -57 -57 -56 -56 -56 -56 -57 -56 -56 -57 -57 -57 -56 -56 -57 -56 -56 -56 -56 -56 -57 -57 -57 -56 -56 -56 -56 -56 -56 -56 -57 -57 -56 -56 -57 -57 -57 -56 -56 -57 -57 -57 -56 -56 -56 -56 -56 -56 -57 -57 -57 -56 -56 -57 -57 -57 -57 -57 -56 -56 -56 -56 -56 -56 -56 -56 -56 -56 -56 -56 -56 -56 -56 -56 -56 -56 -56 -56 -56 -56 -56 -56 -56 -56 -56 -57 -57 -57 -57 -57 -56 -56 -56 -56 -57 -56 -56 -56 -56 -57 -57 -56 -56 -56 -57 -56 -56 -56 -56 -56 -56 -56 -56 -57 -57 -56 -56 -56 -56 -56 -57 -57 -56 -56 -57 -56 -57 -56 -56 -56 0
-58 -57 -56 -56 -57 -56 -56 -57 -57 -56 -56 -57 -57 -57 -56 -55 -56 -54 -55 -55 -56 -56 -57 -56 -56 -54 -54 -56 -57 -57 -57 -57 -57 -57 -56 -56 -57 -57 -57 -57 -57 -56 -56 -56 -57 -57 -57 -57 -56 -56 -56 -56 -56 -56 -56 -57 -57 -56 -56 -56 -57 -57 -57 -57 -56 -56 -56 -57 -57 -56 -56 -57 -57 -56 -56 -56 -56 -56 -57 -57 -56 -56 -56 -57 -57 -57 -57 -56 -56 -56 -56 -56 -57 -57 -57 -57 -56 -56 -56 -57 -58 -57 -57 -57 -57 -56 -56 -56 -57 -58 -56 -57 -57 -58 -57 -57 -57 -56 -56 -57 -57 -57 -57 -57 -57 -57 -57 -57 -56 -57 -57 -57 -57 -57 -57 -57 -56 -56 -56 -56 -57 -57 -57 -57 -57 -56 -56 -57 -57 -57 -57 -57 -56 -56 -56 -56 -57 -57 -57 -56 -56 -56 -56 -56 -56 -56 -56 -56 -56 -56 -57 -57 -56 -56 -56 -56 -56 -57 -57 -57 -57 -56 -56 -56 -57 -57 -56 -56 -56 -56 -56 -57 -57 -56 -56 -57 -58 -58 -57 -58 -57 -57 -56 -56 -57 -57 -57 -57 -57 -56 -56 -56 -57 -57 -57 -57 -56 -56 -56 -56 -56 -57 -57 -56 0
-57 -57 -56 -56 -57 -56 -56 -57 -57 -57 -57 -57 -57 -57 -57 -56 -56 -60 -65 -64 -61 -58 -56 -54 -57 -57 -56 -57 -58 -58 -57 -57 -57 -57 -56 -56 -57 -57 -57 -57 -57 -56 -56 -57 -58 -58 -58 -58 -57 -56 -56 -56 -56 -56 -56 -58 -58 -57 -56 -57 -58 -58 -57 -57 -56 -56 -57 -58 -58 -57 -57 -58 -58 -57 -56 -56 -58 -58 -58 -58 -57 -57 -57 -58 -58 -57 -57 -57 -57 -57 -57 -57 -57 -57 -58 -58 -57 -57 -57 -57 -58 -57 -57 -57 -57 -57 -57 -57 -57 -58 -57 -57 -57 -57 -56 -58 -58 -56 -56 -57 -57 -57 -57 -57 -58 -58 -58 -58 -57 -56 -58 -58 -58 -57 -57 -57 -57 -57 -56 -56 -58 -58 -57 -57 -57 -56 -56 -57 -57 -58 -58 -57 -56 -56 -56 -56 -58 -58 -58 -58 -58 -56 -56 -56 -56 -56 -56 -57 -58 -58 -57 -57 -57 -57 -57 -56 -56 -57 -57 -58 -58 -57 -57 -57 -58 -58 -56 -56 -57 -58 -58 -58 -58 -57 -57 -57 -57 -57 -57 -58 -58 -58 -57 -57 -57 -57 -57 -58 -58 -57 -57 -57 -57 -57 -57 -57 -56 -56 -57 -57 -57 -57 -57 -57 0
-57 -56 -56 -56 -56 -56 -56 -56 -56 -56 -56 -56 -56 -55 -55 -55 -59 -15 28 46 56 65 73 72 47 -51 -59 -55 -57 -57 -56 -56 -56 -56 -56 -56 -56 -56 -56 -56 -56 -56 -56 -56 -57 -57 -56 -56 -56 -56 -56 -56 -56 -56 -56 -57 -57 -57 -57 -57 -56 -56 -56 -56 -57 -57 -57 -57 -57 -56 -56 -56 -56 -56 -57 -57 -56 -56 -56 -56 -56 -56 -56 -56 -56 -57 -57 -56 -56 -56 -56 -56 -56 -56 -56 -56 -57 -57 -57 -56 -56 -56 -56 -57 -57 -57 -56 -56 -57 -57 -56 -56 -56 -56 -56 -56 -56 -56 -56 -56 -56 -56 -57 -57 -56 -56 -56 -56 -56 -56 -56 -57 -57 -56 -56 -56 -57 -57 -57 -57 -56 -56 -56 -56 -56 -56 -56 -56 -56 -57 -57 -57 -57 -57 -56 -56 -56 -56 -56 -56 -56 -57 -57 -56 -56 -56 -56 -56 -57 -57 -55 -55 -56 -56 -56 -56 -56 -56 -56 -56 -56 -56 -56 -56 -56 -56 -57 -57 -56 -56 -56 -57 -57 -56 -56 -56 -56 -56 -56 -56 -56 -56 -57 -57 -57 -57 -57 -56 -56 -57 -57 -56 -56 -56 -56 -56 -57 -57 -56 -56 -56 -56 -56 -57 0
-58 -58 -57 -57 -57 -57 -57 -58 -58 -57 -57 -58 -58 -57 -56 -57 -63 37 127 124 123 121 121 121 127 20 -65 -57 -58 -58 -58 -58 -57 -57 -56 -56 -56 -57 -57 -57 -57 -57 -57 -57 -57 -57 -57 -57 -57 -57 -57 -58 -58 -57 -57 -56 -56 -57 -58 -58 -58 -58 -57 -57 -58 -58 -58 -57 -57 -57 -57 -57 -57 -57 -58 -58 -57 -57 -57 -57 -56 -56 -56 -57 -57 -58 -58 -58 -58 -58 -57 -57 -56 -56 -58 -58 -57 -56 -56 -56 -56 -58 -58 -58 -58 -58 -58 -58 -58 -58 -57 -56 -56 -56 -56 -58 -58 -57 -57 -57 -57 -57 -58 -58 -58 -58 -57 -57 -57 -58 -58 -56 -56 -56 -56 -57 -58 -58 -57 -57 -58 -58 -58 -58 -58 -57 -57 -56 -56 -57 -58 -57 -56 -56 -57 -57 -56 -56 -56 -57 -57 -56 -56 -57 -57 -57 -57 -57 -56 -56 -56 -56 -57 -57 -57 -58 -58 -56 -56 -58 -58 -58 -58 -58 -57 -57 -57 -57 -57 -57 -57 -58 -58 -56 -56 -57 -57 -57 -58 -58 -57 -57 -57 -57 -58 -58 -58 -57 -57 -56 -56 -56 -56 -56 -57 -57 -56 -56 -57 -57 -57 -56 -56 -56 0
-57 -57 -58 -58 -58 -58 -58 -58 -58 -58 -58 -58 -58 -58 -59 -59 -61 -2 120 116 116 115 115 117 120 104 -35 -62 -57 -57 -58 -58 -58 -58 -57 -56 -56 -58 -58 -57 -57 -58 -58 -58 -57 -57 -58 -58 -58 -58 -58 -58 -58 -58 -58 -57 -57 -57 -57 -57 -58 -58 -57 -57 -57 -57 -57 -57 -57 -58 -58 -57 -57 -57 -57 -57 -58 -58 -58 -58 -57 -56 -56 -57 -57 -57 -57 -58 -58 -58 -58 -58 -56 -56 -58 -58 -58 -57 -57 -56 -56 -57 -57 -57 -57 -57 -58 -58 -57 -57 -56 -56 -56 -56 -56 -58 -58 -58 -58 -58 -58 -58 -57 -57 -58 -58 -58 -58 -58 -58 -58 -57 -57 -58 -58 -58 -57 -57 -57 -57 -58 -58 -58 -58 -58 -58 -58 -56 -56 -57 -57 -57 -57 -57 -58 -58 -56 -56 -57 -58 -58 -57 -57 -57 -57 -58 -58 -58 -57 -57 -58 -58 -57 -57 -57 -58 -58 -56 -56 -58 -58 -58 -58 -58 -57 -57 -57 -57 -58 -58 -58 -57 -57 -56 -56 -57 -57 -57 -58 -58 -58 -58 -57 -57 -57 -57 -57 -57 -57 -57 -57 -56 -56 -57 -58 -58 -57 -57 -58 -58 -58 -56 -56 -58 0
-56 -56 -56 -56 -56 -57 -57 -57 -57 -56 -56 -57 -57 -57 -58 -56 -56 -34 108 115 115 115 116 117 115 126 50 -63 -57 -58 -56 -57 -56 -56 -56 -56 -56 -56 -56 -55 -55 -56 -56 -57 -57 -57 -56 -56 -56 -56 -57 -57 -57 -56 -56 -57 -57 -56 -56 -56 -57 -57 -57 -57 -57 -56 -56 -57 -57 -56 -56 -58 -58 -57 -56 -56 -56 -56 -56 -56 -56 -56 -57 -58 -58 -56 -56 -57 -57 -56 -56 -56 -56 -56 -57 -57 -57 -57 -57 -56 -56 -56 -56 -56 -56 -56 -57 -57 -56 -56 -56 -56 -56 -56 -56 -57 -57 -56 -56 -56 -56 -56 -56 -56 -57 -57 -57 -57 -57 -57 -57 -57 -57 -57 -57 -57 -56 -56 -57 -57 -57 -57 -57 -57 -56 -56 -56 -56 -56 -57 -56 -56 -57 -57 -56 -56 -56 -56 -56 -56 -56 -57 -57 -58 -58 -57 -56 -56 -57 -57 -56 -56 -57 -58 -58 -57 -57 -56 -56 -57 -57 -57 -57 -57 -58 -58 -57 -57 -57 -56 -56 -56 -56 -56 -56 -57 -58 -58 -57 -57 -56 -56 -57 -57 -56 -56 -56 -58 -58 -57 -57 -56 -56 -56 -56 -56 -57 -57 -56 -56 -56 -56 -56 -56 0
-57 -57 -57 -57 -57 -57 -57 -57 -57 -57 -57 -57 -57 -58 -59 -57 -57 -54 82 118 116 117 116 117 114 119 115 -17 -62 -59 -55 -57 -58 -57 -57 -57 -57 -57 -57 -57 -57 -57 -57 -57 -57 -57 -57 -57 -57 -57 -57 -57 -57 -57 -57 -57 -57 -57 -57 -57 -57 -57 -57 -57 -57 -57 -57 -57 -57 -57 -57 -57 -57 -57 -57 -57 -57 -57 -57 -57 -57 -57 -57 -57 -57 -57 -57 -57 -57 -57 -57 -57 -57 -57 -57 -57 -57 -57 -57 -57 -57 -57 -57 -57 -57 -57 -57 -57 -57 -57 -57 -57 -57 -57 -57 -57 -57 -57 -57 -57 -57 -57 -57 -57 -57 -57 -57 -57 -57 -57 -57 -57 -57 -57 -57 -57 -57 -57 -57 -57 -57 -57 -57 -57 -57 -57 -57 -57 -57 -57 -57 -57 -57 -57 -57 -57 -57 -57 -57 -57 -57 -57 -57 -57 -57 -57 -57 -57 -57 -57 -57 -57 -57 -57 -57 -57 -57 -57 -57 -58 -58 -57 -57 -57 -57 -57 -57 -57 -57 -57 -57 -57 -57 -57 -57 -57 -57 -57 -57 -57 -57 -57 -57 -57 -57 -57 -57 -57 -57 -57 -57 -57 -57 -57 -57 -57 -57 -57 -57 -57 -57 -57 -57 -57 0
-57 -57 -57 -57 -57 -57 -57 -57 -57 -57 -57 -57 -57 -57 -58 -56 -57 -63 45 122 114 118 116 116 114 116 124 74 -55 -58 -56 -57 -57 -57 -57 -57 -57 -57 -57 -57 -57 -57 -57 -57 -57 -57 -57 -57 -57 -57 -57 -57 -57 -57 -57 -57 -57 -57 -57 -57 -57 -57 -57 -57 -57 -57 -57 -57 -57 -57 -57 -57 -57 -57 -57 -57 -57 -57 -57 -57 -57 -57 -57 -57 -57 -57 -57 -57 -57 -57 -57 -57 -57 -57 -57 -57 -57 -57 -57 -57 -57 -57 -57 -57 -57 -57 -57 -57 -57 -57 -57 -57 -57 -57 -57 -57 -57 -57 -57 -57 -57 -57 -57 -57 -57 -57 -57 -57 -57 -57 -57 -57 -57 -57 -57 -57 -57 -57 -57 -57 -57 -57 -57 -57 -57 -57 -57 -57 -57 -57 -57 -57 -57 -57 -57 -57 -57 -57 -57 -57 -57 -57 -57 -57 -57 -57 -57 -57 -57 -57 -57 -57 -57 -57 -57 -57 -57 -57 -57 -57 -57 -57 -57 -57 -57 -57 -57 -57 -57 -57 -57 -57 -57 -57 -57 -57 -57 -57 -57 -57 -57 -57 -57 -57 -57 -57 -57 -57 -57 -57 -57 -57 -57 -57 -57 -57 -57 -57 -57 -57 -57 -57 -57 -57 0
-57 -57 -56 -56 -56 -57 -57 -56 -56 -56 -56 -56 -56 -56 -57 -55 -56 -63 7 123 114 118 116 116 113 116 120 122 10 -60 -57 -56 -56 -56 -56 -56 -56 -56 -56 -56 -56 -57 -57 -57 -56 -56 -57 -57 -57 -57 -57 -56 -56 -57 -57 -57 -57 -56 -56 -56 -56 -56 -56 -56 -56 -56 -56 -56 -56 -56 -56 -57 -57 -57 -56 -56 -57 -57 -56 -56 -57 -57 -57 -57 -57 -56 -56 -56 -56 -56 -57 -57 -56 -56 -56 -56 -57 -57 -57 -56 -56 -56 -56 -57 -57 -57 -56 -56 -56 -56 -56 -56 -56 -57 -57 -57 -57 -57 -57 -56 -56 -56 -56 -56 -57 -57 -57 -57 -57 -57 -57 -57 -57 -57 -57 -57 -56 -56 -56 -56 -57 -57 -56 -56 -56 -56 -56 -57 -57 -57 -57 -57 -57 -57 -57 -57 -56 -56 -56 -57 -57 -57 -57 -57 -57 -56 -56 -56 -57 -57 -57 -57 -57 -57 -57 -56 -56 -56 -56 -57 -57 -56 -56 -56 -57 -57 -57 -57 -57 -57 -57 -57 -57 -57 -57 -57 -57 -57 -56 -56 -56 -56 -56 -56 -57 -57 -57 -57 -57 -57 -57 -57 -57 -57 -56 -56 -57 -57 -56 -56 -56 -56 -56 -56 0
-57 -57 -58 -58 -58 -57 -57 -58 -58 -58 -58 -58 -58 -58 -56 -56 -56 -62 -30 115 115 118 116 116 114 114 116 121 97 -42 -57 -55 -58 -58 -58 -58 -58 -58 -58 -58 -58 -57 -57 -57 -58 -58 -57 -57 -57 -57 -57 -58 -58 -57 -57 -57 -57 -58 -57 -58 -58 -58 -58 -58 -58 -58 -58 -58 -58 -58 -58 -57 -57 -57 -58 -58 -57 -57 -58 -58 -57 -57 -57 -57 -57 -58 -58 -58 -58 -58 -57 -57 -58 -58 -58 -58 -57 -57 -57 -58 -58 -58 -58 -57 -57 -57 -58 -58 -58 -58 -58 -58 -58 -57 -57 -57 -57 -57 -57 -58 -58 -58 -58 -58 -57 -57 -57 -57 -57 -57 -57 -57 -57 -57 -57 -57 -58 -58 -58 -58 -57 -57 -58 -58 -58 -58 -58 -57 -57 -57 -57 -57 -57 -57 -57 -57 -58 -58 -58 -57 -57 -57 -57 -57 -57 -58 -58 -58 -57 -57 -57 -57 -57 -57 -57 -57 -57 -58 -58 -56 -56 -58 -58 -58 -57 -57 -57 -57 -57 -57 -57 -57 -57 -57 -57 -57 -57 -57 -58 -58 -58 -58 -58 -58 -57 -57 -57 -57 -57 -57 -57 -57 -57 -57 -58 -58 -57 -57 -58 -58 -58 -58 -58 -58 0
-57 -57 -57 -57 -57 -56 -56 -58 -58 -58 -58 -57 -57 -57 -56 -57 -57 -58 -53 91 118 117 116 117 114 113 113 115 124 36 -60 -57 -58 -58 -58 -58 -58 -58 -58 -58 -58 -58 -58 -58 -58 -58 -58 -58 -58 -58 -58 -58 -58 -57 -57 -58 -58 -56 -56 -56 -58 -58 -58 -58 -58 -58 -58 -57 -57 -57 -57 -58 -58 -58 -58 -58 -58 -58 -57 -57 -58 -58 -58 -58 -58 -58 -58 -58 -58 -58 -58 -58 -58 -58 -58 -58 -58 -58 -58 -58 -58 -58 -58 -58 -58 -58 -58 -58 -58 -58 -58 -58 -58 -58 -58 -58 -58 -58 -58 -58 -58 -58 -58 -58 -57 -57 -58 -58 -58 -58 -58 -58 -58 -58 -58 -58 -58 -58 -58 -58 -58 -58 -58 -58 -58 -58 -58 -58 -58 -58 -58 -58 -58 -58 -58 -58 -58 -58 -58 -58 -58 -58 -58 -58 -58 -57 -57 -57 -58 -58 -57 -57 -58 -58 -58 -57 -57 -58 -58 -57 -57 -57 -57 -57 -58 -58 -58 -58 -58 -58 -58 -58 -58 -58 -58 -58 -58 -58 -58 -58 -58 -58 -58 -58 -58 -58 -58 -58 -58 -58 -58 -58 -58 -58 -58 -58 -58 -58 -58 -58 -58 -58 -58 -58 0
-57 -57 -56 -56 -56 -56 -56 -57 -57 -57 -57 -56 -56 -56 -56 -56 -57 -57 -62 56 120 115 117 117 116 115 114 115 118 111 -25 -61 -56 -57 -57 -57 -57 -57 -57 -57 -57 -57 -57 -57 -57 -57 -57 -57 -57 -57 -57 -57 -57 -57 -57 -57 -57 -56 -56 -56 -57 -57 -57 -57 -57 -57 -57 -56 -56 -56 -56 -57 -57 -57 -57 -57 -57 -57 -56 -56 -57 -57 -57 -57 -57 -57 -57 -57 -57 -57 -57 -57 -57 -57 -57 -57 -57 -57 -57 -57 -57 -57 -57 -57 -57 -57 -57 -57 -57 -57 -57 -57 -57 -57 -57 -57 -57 -57 -57 -57 -57 -57 -57 -57 -56 -56 -57 -57 -57 -57 -57 -57 -57 -57 -57 -57 -57 -57 -57 -57 -57 -57 -57 -57 -57 -57 -57 -57 -57 -57 -57 -57 -57 -57 -57 -57 -57 -57 -57 -57 -57 -57 -57 -57 -57 -56 -56 -56 -57 -57 -56 -56 -57 -57 -57 -57 -57 -57 -57 -56 -56 -56 -56 -56 -57 -57 -57 -57 -57 -57 -57 -57 -57 -57 -57 -57 -57 -57 -57 -57 -57 -57 -57 -57 -57 -57 -57 -57 -57 -57 -57 -57 -57 -57 -57 -57 -57 -57 -57 -57 -57 -57 -57 -57 0
-57 -57 -56 -56 -56 -56 -56 -56 -56 -56 -56 -56 -56 -56 -56 -57 -56 -56 -63 14 122 114 117 115 117 117 117 116 117 123 59 -58 -56 -57 -56 -56 -57 -56 -56 -56 -56 -56 -56 -56 -56 -56 -56 -56 -56 -56 -56 -56 -56 -57 -57 -56 -56 -56 -56 -56 -56 -56 -56 -56 -56 -56 -56 -56 -56 -57 -57 -56 -56 -56 -56 -56 -56 -56 -56 -56 -56 -56 -56 -56 -56 -56 -56 -56 -56 -56 -56 -56 -56 -56 -56 -56 -56 -56 -56 -56 -56 -56 -56 -56 -56 -56 -56 -56 -56 -56 -56 -56 -56 -56 -56 -56 -56 -56 -56 -56 -56 -56 -56 -56 -56 -56 -56 -56 -56 -56 -56 -56 -56 -56 -56 -56 -56 -56 -56 -56 -56 -56 -56 -56 -56 -56 -56 -56 -56 -56 -56 -56 -56 -56 -56 -56 -56 -56 -56 -56 -56 -56 -56 -56 -56 -56 -56 -56 -56 -56 -56 -56 -56 -56 -56 -57 -57 -56 -56 -56 -56 -57 -57 -57 -56 -56 -56 -56 -56 -56 -56 -56 -56 -56 -56 -56 -56 -56 -56 -56 -56 -56 -56 -56 -56 -56 -56 -56 -56 -56 -56 -56 -56 -56 -56 -56 -56 -56 -56 -56 -56 -56 -56 -56 0
-56 -56 -56 -56 -56 -56 -56 -56 -56 -56 -56 -56 -56 -56 -56 -56 -56 -56 -62 -22 112 115 118 116 117 116 116 117 118 118 119 -5 -61 -58 -57 -55 -57 -56 -56 -56 -56 -56 -56 -56 -56 -56 -56 -56 -56 -56 -56 -56 -56 -56 -56 -56 -56 -56 -56 -56 -56 -56 -56 -56 -56 -56 -56 -56 -56 -57 -56 -56 -56 -56 -57 -57 -56 -56 -56 -56 -57 -57 -57 -56 -56 -56 -56 -56 -56 -56 -56 -56 -56 -55 -55 -56 -56 -56 -56 -56 -56 -56 -56 -57 -56 -56 -56 -56 -57 -57 -56 -56 -56 -56 -56 -56 -56 -56 -56 -56 -56 -56 -56 -56 -56 -56 -56 -56 -57 -56 -56 -56 -56 -56 -56 -56 -56 -56 -56 -56 -56 -56 -56 -56 -56 -56 -56 -56 -56 -56 -56 -56 -56 -56 -56 -56 -56 -56 -56 -56 -56 -56 -56 -56 -56 -56 -56 -56 -56 -56 -56 -56 -56 -56 -56 -56 -56 -56 -56 -56 -55 -56 -56 -56 -56 -56 -56 -56 -56 -56 -56 -56 -56 -56 -56 -56 -56 -56 -56 -56 -56 -56 -56 -56 -56 -56 -56 -56 -56 -56 -56 -56 -56 -56 -56 -56 -56 -56 -56 -56 -56 -56 -56 -56 0
-56 -56 -56 -56 -56 -56 -56 -56 -56 -56 -56 -56 -56 -56 -56 -56 -56 -56 -59 -47 91 118 117 116 116 116 116 118 117 116 123 84 -48 -60 -57 -54 -56 -56 -56 -56 -56 -56 -56 -56 -56 -56 -56 -56 -56 -56 -56 -56 -56 -56 -56 -56 -56 -56 -56 -56 -56 -56 -56 -56 -56 -56 -56 -56 -56 -57 -56 -56 -56 -56 -57 -57 -56 -56 -56 -56 -57 -57 -57 -56 -56 -56 -56 -56 -56 -56 -56 -56 -56 -56 -56 -56 -56 -56 -56 -57 -57 -56 -56 -57 -56 -56 -56 -56 -57 -57 -56 -56 -56 -56 -56 -56 -56 -56 -56 -56 -56 -56 -56 -56 -56 -56 -56 -56 -57 -56 -56 -56 -56 -56 -56 -56 -56 -56 -56 -56 -56 -56 -56 -56 -56 -56 -56 -56 -56 -56 -56 -56 -56 -56 -56 -56 -56 -56 -56 -56 -56 -56 -56 -56 -56 -56 -56 -56 -56 -56 -56 -56 -56 -56 -56 -56 -56 -56 -56 -56 -56 -56 -56 -56 -56 -56 -56 -56 -56 -56 -56 -56 -56 -56 -56 -56 -56 -56 -56 -56 -56 -56 -56 -56 -56 -56 -56 -56 -56 -56 -56 -56 -56 -56 -56 -56 -56 -56 -56 -56 -56 -56 -56 -56 0
-56 -56 -56 -56 -56 -56 -56 -56 -56 -56 -56 -56 -56 -56 -56 -56 -56 -56 -56 -60 58 121 116 116 116 115 115 117 116 115 120 125 24 -63 -55 -55 -54 -56 -56 -56 -56 -56 -56 -56 -56 -56 -56 -56 -56 -56 -56 -56 -56 -56 -56 -56 -56 -56 -56 -56 -56 -56 -56 -56 -56 -56 -56 -56 -56 -57 -56 -56 -56 -56 -57 -57 -56 -56 -56 -56 -57 -57 -57 -56 -56 -56 -56 -56 -56 -56 -56 -56 -57 -57 -56 -56 -56 -56 -56 -57 -57 -56 -56 -57 -56 -56 -56 -56 -57 -57 -56 -56 -56 -56 -56 -56 -56 -56 -56 -56 -56 -56 -56 -56 -56 -56 -56 -56 -57 -56 -56 -56 -56 -56 -56 -56 -56 -56 -56 -56 -56 -56 -56 -56 -56 -56 -56 -56 -56 -56 -56 -56 -56 -56 -56 -56 -56 -56 -56 -56 -56 -56 -56 -56 -56 -56 -56 -56 -56 -56 -56 -56 -56 -56 -56 -56 -56 -56 -56 -56 -56 -56 -56 -56 -56 -56 -56 -56 -56 -56 -56 -56 -56 -56 -56 -56 -56 -56 -56 -56 -56 -56 -56 -56 -56 -56 -56 -56 -56 -56 -56 -56 -56 -56 -56 -56 -56 -56 -56 -56 -56 -56 -56 -56 0
-56 -56 -56 -56 -56 -56 -56 -56 -56 -56 -56 -56 -56 -56 -56 -56 -56 -56 -55 -64 18 123 114 116 116 115 115 117 116 114 118 123 104 -32 -58 -54 -55 -57 -57 -56 -56 -57 -57 -57 -56 -56 -56 -56 -56 -56 -56 -56 -56 -56 -56 -56 -56 -56 -56 -56 -56 -56 -56 -56 -56 -56 -56 -56 -56 -57 -56 -56 -56 -56 -57 -57 -56 -56 -57 -57 -57 -57 -57 -56 -56 -56 -56 -56 -56 -56 -56 -56 -58 -58 -56 -56 -56 -56 -56 -58 -58 -56 -56 -57 -56 -56 -56 -56 -57 -57 -56 -56 -56 -56 -56 -56 -56 -56 -56 -56 -56 -56 -56 -56 -56 -56 -56 -56 -57 -56 -56 -56 -56 -56 -56 -56 -56 -56 -56 -56 -56 -56 -56 -56 -56 -56 -56 -56 -56 -56 -56 -56 -56 -56 -57 -57 -56 -56 -56 -56 -56 -56 -56 -56 -56 -56 -56 -56 -56 -56 -56 -56 -56 -56 -56 -56 -56 -57 -57 -56 -56 -56 -56 -56 -56 -56 -56 -56 -56 -56 -56 -56 -56 -56 -56 -56 -56 -56 -56 -56 -56 -56 -57 -57 -56 -56 -56 -56 -56 -56 -56 -56 -56 -56 -56 -56 -56 -56 -56 -56 -56 -57 -57 -56 0
-56 -56 -56 -56 -56 -56 -56 -56 -56 -56 -56 -57 -56 -56 -56 -56 -56 -56 -55 -61 -16 118 115 116 116 116 116 117 116 113 114 117 125 54 -59 -56 -56 -56 -56 -56 -56 -56 -56 -56 -56 -56 -56 -56 -56 -56 -56 -57 -57 -56 -56 -56 -56 -56 -56 -56 -56 -56 -56 -56 -56 -56 -56 -56 -56 -56 -56 -56 -56 -56 -56 -56 -56 -56 -56 -56 -56 -56 -56 -56 -56 -56 -56 -56 -56 -56 -56 -56 -56 -56 -56 -56 -56 -56 -56 -56 -56 -56 -56 -56 -56 -56 -56 -56 -56 -56 -56 -56 -56 -56 -56 -56 -56 -56 -56 -56 -56 -56 -56 -56 -56 -56 -56 -56 -56 -56 -56 -57 -57 -56 -56 -56 -57 -57 -56 -56 -56 -56 -57 -57 -57 -56 -56 -56 -56 -56 -56 -56 -56 -56 -56 -56 -56 -56 -56 -56 -56 -56 -56 -56 -56 -56 -56 -56 -56 -56 -56 -56 -56 -56 -56 -56 -56 -56 -56 -56 -56 -56 -56 -56 -56 -56 -56 -56 -56 -56 -56 -57 -57 -56 -56 -56 -56 -56 -56 -56 -56 -56 -56 -56 -56 -56 -56 -56 -56 -56 -56 -56 -56 -56 -56 -56 -56 -56 -56 -56 -56 -56 -56 -56 0
-56 -56 -56 -56 -56 -56 -56 -56 -56 -56 -56 -57 -56 -56 -56 -56 -56 -56 -56 -61 -44 98 117 116 116 116 116 117 116 114 113 116 122 119 -10 -61 -58 -56 -56 -56 -56 -56 -56 -56 -56 -56 -56 -56 -56 -56 -56 -57 -57 -56 -56 -56 -56 -56 -56 -56 -56 -56 -56 -56 -56 -56 -56 -56 -56 -56 -56 -56 -56 -56 -56 -56 -56 -56 -56 -56 -56 -56 -56 -56 -56 -56 -56 -56 -56 -56 -56 -56 -56 -56 -56 -56 -56 -56 -56 -56 -56 -56 -56 -56 -56 -56 -56 -56 -56 -56 -56 -56 -56 -56 -56 -56 -56 -56 -56 -56 -56 -56 -56 -56 -56 -56 -56 -56 -56 -56 -56 -57 -57 -56 -56 -56 -57 -57 -56 -56 -56 -56 -57 -57 -57 -56 -56 -56 -56 -56 -56 -56 -56 -56 -56 -56 -56 -56 -56 -56 -56 -56 -56 -56 -56 -56 -56 -56 -56 -56 -56 -56 -56 -56 -56 -56 -56 -56 -56 -56 -56 -56 -56 -56 -56 -56 -56 -56 -56 -56 -56 -57 -57 -56 -56 -56 -56 -56 -56 -56 -56 -56 -56 -56 -56 -56 -56 -56 -56 -56 -56 -56 -56 -56 -56 -56 -56 -56 -56 -56 -56 -56 -56 -56 0
-56 -56 -56 -56 -56 -56 -56 -56 -56 -56 -56 -57 -56 -56 -56 -56 -56 -56 -57 -57 -56 68 121 116 116 116 116 116 116 116 115 117 118 124 80 -55 -56 -56 -56 -56 -56 -56 -56 -56 -56 -56 -56 -56 -56 -56 -56 -56 -56 -56 -56 -56 -56 -56 -56 -56 -56 -56 -56 -56 -56 -56 -56 -56 -56 -56 -56 -56 -56 -56 -56 -56 -56 -56 -56 -56 -56 -56 -56 -56 -56 -56 -56 -56 -56 -56 -56 -56 -56 -56 -56 -56 -56 -56 -56 -56 -56 -56 -56 -56 -56 -56 -56 -56 -56 -56 -56 -56 -56 -56 -56 -56 -56 -56 -56 -56 -56 -56 -56 -56 -56 -56 -56 -56 -56 -56 -56 -57 -57 -56 -56 -56 -56 -56 -56 -56 -56 -56 -56 -56 -56 -56 -56 -56 -56 -56 -56 -56 -56 -56 -56 -56 -56 -56 -56 -56 -56 -56 -56 -56 -56 -56 -56 -56 -56 -56 -56 -56 -56 -56 -56 -56 -56 -56 -56 -56 -56 -56 -56 -56 -56 -56 -56 -56 -56 -56 -56 -57 -57 -56 -56 -56 -56 -56 -56 -56 -56 -56 -56 -56 -56 -56 -56 -56 -56 -56 -56 -56 -56 -56 -56 -56 -56 -56 -56 -56 -56 -56 -56 -56 0
-56 -56 -56 -56 -56 -56 -56 -56 -56 -56 -56 -57 -56 -56 -56 -56 -56 -56 -57 -57 -60 28 122 116 116 116 116 115 116 118 117 119 118 118 121 14 -61 -56 -56 -56 -56 -56 -56 -56 -56 -56 -56 -56 -56 -56 -56 -56 -56 -56 -56 -56 -56 -56 -56 -56 -56 -56 -56 -56 -56 -56 -56 -56 -56 -56 -56 -56 -56 -56 -56 -56 -56 -56 -56 -56 -56 -56 -56 -56 -56 -56 -56 -56 -56 -56 -56 -56 -57 -57 -57 -57 -56 -56 -56 -56 -56 -56 -56 -56 -56 -56 -56 -56 -56 -56 -56 -56 -56 -56 -56 -56 -56 -56 -56 -56 -56 -56 -56 -56 -56 -56 -56 -56 -56 -56 -56 -57 -57 -56 -56 -56 -56 -56 -56 -56 -56 -56 -56 -56 -56 -56 -56 -56 -56 -56 -56 -56 -56 -56 -56 -56 -56 -56 -56 -56 -56 -56 -56 -56 -56 -56 -56 -56 -56 -56 -56 -56 -56 -56 -56 -56 -56 -56 -56 -57 -57 -57 -57 -57 -56 -56 -56 -56 -56 -56 -56 -57 -57 -56 -56 -56 -56 -56 -56 -56 -56 -56 -56 -56 -56 -56 -56 -56 -56 -56 -56 -56 -56 -56 -56 -56 -56 -56 -56 -56 -56 -56 -56 -56 0
-57 -56 -56 -56 -56 -56 -56 -56 -56 -56 -57 -57 -56 -56 -56 -56 -57 -57 -59 -57 -61 -7 120 117 116 117 115 115 116 116 117 118 118 116 119 99 -41 -57 -57 -56 -55 -57 -56 -56 -56 -56 -56 -56 -56 -56 -56 -56 -56 -56 -56 -56 -56 -57 -57 -57 -57 -57 -56 -56 -56 -56 -56 -56 -56 -56 -56 -57 -57 -57 -57 -57 -57 -57 -56 -56 -57 -57 -56 -57 -58 -57 -57 -57 -57 -57 -56 -56 -57 -57 -57 -56 -56 -56 -56 -56 -56 -56 -56 -56 -56 -56 -57 -57 -56 -56 -56 -56 -56 -56 -56 -56 -56 -56 -56 -56 -56 -56 -57 -57 -56 -56 -56 -56 -56 -57 -57 -57 -57 -57 -57 -57 -56 -56 -56 -56 -57 -58 -56 -56 -56 -56 -56 -56 -56 -56 -56 -56 -56 -56 -56 -56 -56 -56 -56 -56 -56 -56 -56 -56 -56 -56 -56 -56 -56 -56 -57 -57 -57 -57 -57 -56 -56 -56 -56 -57 -57 -57 -57 -57 -56 -56 -57 -57 -58 -57 -56 -56 -56 -56 -56 -57 -57 -57 -57 -57 -56 -56 -57 -57 -57 -57 -57 -56 -56 -56 -56 -56 -56 -56 -56 -56 -56 -56 -57 -56 -56 -56 -56 -56 0
-57 -57 -57 -57 -57 -56 -56 -57 -57 -57 -57 -56 -56 -56 -57 -57 -57 -57 -57 -56 -58 -38 105 118 116 116 115 116 117 117 118 118 118 116 119 127 45 -62 -57 -55 -55 -56 -57 -57 -56 -56 -56 -56 -56 -56 -56 -56 -56 -56 -56 -56 -56 -57 -57 -57 -57 -57 -56 -56 -57 -57 -57 -57 -57 -57 -57 -57 -57 -57 -57 -57 -57 -57 -57 -57 -58 -57 -56 -57 -58 -57 -57 -57 -57 -57 -56 -56 -57 -57 -56 -56 -57 -57 -57 -57 -57 -57 -57 -56 -56 -56 -57 -57 -56 -56 -56 -56 -56 -57 -57 -56 -56 -56 -56 -57 -57 -57 -57 -57 -56 -56 -57 -57 -57 -57 -57 -57 -57 -57 -57 -57 -57 -57 -56 -56 -57 -58 -56 -56 -56 -57 -57 -57 -57 -56 -56 -56 -56 -56 -57 -57 -56 -56 -56 -56 -56 -56 -56 -56 -56 -56 -56 -56 -56 -56 -57 -57 -57 -57 -57 -56 -56 -57 -57 -57 -57 -57 -57 -57 -56 -56 -57 -57 -57 -57 -57 -56 -56 -56 -56 -57 -57 -57 -57 -57 -56 -56 -57 -57 -57 -57 -57 -56 -56 -57 -57 -57 -57 -57 -56 -56 -57 -57 -57 -56 -56 -56 -56 -56 0
-57 -58 -57 -57 -57 -56 -56 -57 -57 -57 -57 -56 -56 -56 -57 -57 -57 -57 -56 -57 -56 -58 78 121 116 116 117 117 117 117 118 118 117 117 120 126 116 -22 -62 -52 -55 -56 -57 -57 -56 -56 -56 -56 -57 -57 -57 -57 -57 -57 -57 -57 -57 -57 -57 -57 -57 -57 -57 -57 -57 -57 -57 -57 -57 -57 -57 -57 -57 -57 -57 -57 -57 -57 -57 -57 -58 -57 -56 -57 -58 -57 -57 -57 -57 -57 -56 -56 -57 -57 -56 -56 -57 -57 -57 -57 -57 -57 -57 -57 -57 -57 -57 -57 -56 -56 -56 -56 -56 -57 -57 -57 -57 -56 -56 -57 -57 -57 -57 -57 -56 -56 -57 -57 -57 -57 -57 -57 -57 -57 -57 -57 -57 -57 -56 -56 -57 -58 -56 -56 -56 -57 -57 -57 -57 -57 -57 -57 -57 -57 -57 -57 -56 -56 -56 -56 -56 -57 -57 -57 -57 -57 -57 -57 -57 -57 -57 -57 -57 -57 -57 -57 -57 -57 -57 -57 -57 -57 -57 -57 -56 -56 -57 -57 -57 -57 -57 -56 -56 -56 -56 -57 -57 -57 -57 -57 -56 -56 -57 -57 -57 -57 -57 -57 -57 -57 -57 -57 -57 -57 -57 -57 -57 -57 -57 -56 -56 -56 -56 -56 0
-57 -58 -58 -58 -57 -56 -56 -58 -58 -58 -57 -56 -56 -56 -58 -58 -57 -57 -56 -59 -55 -66 41 124 116 116 117 118 118 118 118 118 118 119 122 122 127 70 -58 -53 -56 -58 -58 -57 -56 -56 -56 -56 -57 -57 -57 -57 -57 -57 -57 -57 -57 -57 -57 -57 -57 -57 -57 -57 -58 -58 -58 -58 -58 -58 -58 -57 -57 -57 -57 -57 -57 -57 -58 -58 -58 -57 -56 -57 -58 -57 -57 -57 -57 -57 -56 -56 -57 -57 -56 -56 -58 -58 -58 -58 -58 -58 -58 -57 -57 -57 -57 -57 -56 -56 -56 -56 -57 -58 -58 -57 -57 -56 -56 -57 -58 -58 -57 -57 -56 -56 -57 -58 -58 -57 -57 -57 -57 -57 -57 -57 -58 -58 -56 -56 -57 -58 -56 -56 -57 -58 -58 -58 -58 -57 -57 -57 -57 -57 -58 -58 -56 -56 -56 -56 -56 -57 -57 -57 -57 -57 -57 -57 -57 -57 -57 -57 -57 -57 -57 -57 -57 -58 -58 -57 -57 -57 -57 -57 -56 -56 -57 -57 -56 -57 -57 -56 -56 -56 -56 -57 -57 -57 -57 -57 -56 -56 -57 -57 -57 -57 -56 -57 -57 -58 -58 -58 -58 -58 -57 -57 -58 -58 -57 -56 -56 -56 -56 -56 0
-57 -57 -56 -56 -56 -56 -56 -56 -56 -56 -56 -56 -56 -56 -57 -57 -57 -57 -56 -58 -56 -65 4 122 117 116 118 118 118 118 118 119 120 122 123 122 121 125 9 -63 -57 -57 -56 -56 -56 -56 -56 -56 -57 -57 -57 -57 -56 -56 -56 -57 -57 -56 -56 -56 -56 -56 -57 -57 -56 -56 -56 -56 -56 -57 -57 -56 -56 -56 -56 -56 -56 -56 -56 -56 -57 -57 -57 -57 -57 -56 -56 -56 -56 -56 -56 -56 -56 -56 -56 -56 -56 -56 -56 -56 -56 -56 -56 -56 -56 -56 -56 -56 -56 -56 -57 -57 -57 -57 -57 -56 -56 -56 -56 -56 -56 -56 -56 -56 -56 -56 -57 -57 -57 -57 -57 -57 -57 -56 -56 -56 -57 -57 -56 -56 -56 -56 -56 -56 -56 -56 -56 -56 -56 -56 -56 -56 -56 -56 -56 -56 -56 -56 -56 -56 -56 -57 -57 -56 -56 -57 -57 -57 -57 -57 -56 -56 -56 -56 -56 -56 -56 -56 -56 -56 -56 -57 -57 -57 -56 -56 -56 -56 -56 -56 -56 -56 -56 -57 -57 -57 -57 -57 -57 -57 -56 -56 -56 -56 -56 -56 -56 -56 -56 -56 -56 -57 -57 -57 -57 -57 -56 -56 -56 -56 -56 -56 -56 -56 0
-56 -56 -56 -56 -56 -56 -56 -56 -56 -56 -56 -56 -56 -56 -57 -57 -57 -57 -56 -58 -56 -60 -30 113 117 115 117 118 118 119 119 120 122 124 123 122 120 127 97 -48 -60 -55 -56 -56 -56 -56 -57 -57 -57 -57 -57 -57 -56 -56 -56 -57 -57 -56 -56 -56 -56 -56 -57 -57 -56 -56 -56 -56 -56 -57 -57 -56 -56 -56 -56 -56 -56 -56 -56 -56 -57 -57 -57 -57 -57 -56 -56 -56 -56 -56 -56 -56 -56 -56 -56 -56 -56 -56 -56 -56 -56 -56 -56 -56 -56 -56 -56 -56 -56 -56 -57 -57 -57 -57 -57 -56 -56 -56 -56 -56 -56 -56 -56 -56 -56 -56 -57 -57 -57 -57 -57 -57 -57 -56 -56 -56 -57 -57 -56 -56 -56 -56 -56 -56 -56 -56 -56 -56 -56 -56 -56 -56 -56 -56 -56 -56 -57 -57 -57 -57 -57 -57 -57 -56 -56 -57 -57 -57 -57 -57 -56 -56 -56 -56 -56 -56 -56 -56 -56 -56 -56 -57 -57 -57 -56 -56 -56 -56 -56 -56 -56 -56 -56 -57 -57 -57 -57 -57 -57 -57 -56 -56 -56 -56 -56 -56 -56 -56 -56 -56 -56 -57 -57 -57 -57 -57 -56 -56 -56 -56 -56 -56 -56 -56 0
-58 -58 -56 -56 -56 -56 -56 -56 -56 -56 -56 -56 -56 -56 -57 -57 -57 -57 -55 -58 -57 -56 -48 88 120 115 116 118 119 119 120 121 124 125 124 124 126 125 127 33 -63 -55 -56 -56 -56 -56 -57 -57 -57 -57 -57 -57 -56 -56 -56 -57 -57 -56 -56 -56 -56 -56 -57 -57 -56 -56 -56 -56 -56 -57 -57 -56 -56 -56 -56 -56 -56 -56 -56 -56 -57 -57 -57 -57 -57 -56 -56 -56 -56 -56 -56 -56 -56 -56 -56 -56 -56 -56 -56 -56 -56 -56 -56 -56 -56 -56 -56 -56 -56 -56 -57 -57 -57 -57 -57 -56 -56 -56 -56 -56 -56 -56 -56 -56 -56 -56 -57 -57 -57 -57 -57 -57 -57 -56 -56 -56 -57 -57 -56 -56 -56 -56 -56 -56 -56 -56 -56 -56 -56 -56 -56 -56 -56 -56 -56 -56 -57 -57 -57 -57 -57 -57 -57 -56 -56 -57 -57 -57 -57 -57 -56 -56 -56 -56 -56 -56 -56 -56 -56 -56 -56 -57 -57 -57 -56 -56 -56 -56 -56 -56 -56 -56 -56 -57 -57 -57 -57 -57 -57 -57 -56 -56 -56 -56 -56 -56 -56 -56 -56 -56 -56 -57 -57 -57 -57 -57 -56 -56 -56 -56 -56 -56 -56 -56 0
-56 -56 -56 -56 -56 -56 -56 -56 -56 -56 -56 -56 -56 -56 -57 -57 -57 -57 -56 -58 -57 -55 -61 55 123 117 116 118 119 120 122 123 125 126 125 126 127 124 125 111 -26 -60 -55 -57 -57 -56 -57 -57 -57 -57 -57 -57 -56 -56 -56 -57 -57 -56 -56 -56 -56 -56 -57 -57 -56 -56 -56 -56 -56 -57 -57 -56 -56 -56 -56 -56 -56 -56 -56 -56 -57 -57 -57 -57 -57 -56 -56 -56 -56 -56 -56 -56 -56 -56 -56 -56 -56 -56 -56 -56 -56 -56 -56 -56 -56 -56 -56 -56 -56 -56 -57 -57 -57 -57 -57 -56 -56 -56 -56 -56 -56 -56 -56 -56 -56 -56 -57 -57 -57 -57 -57 -57 -57 -56 -56 -56 -57 -57 -56 -56 -56 -56 -56 -56 -56 -56 -56 -56 -56 -56 -56 -56 -56 -56 -56 -56 -57 -57 -57 -58 -58 -57 -57 -56 -56 -57 -57 -57 -57 -57 -56 -56 -56 -56 -56 -56 -56 -56 -56 -56 -56 -57 -57 -57 -56 -56 -56 -56 -56 -56 -56 -56 -56 -57 -57 -57 -57 -57 -57 -57 -56 -56 -56 -56 -56 -56 -56 -56 -56 -56 -56 -57 -57 -57 -57 -57 -56 -56 -56 -56 -56 -56 -56 -56 0
-57 -57 -57 -57 -57 -57 -57 -57 -57 -57 -57 -57 -57 -57 -57 -57 -57 -57 -57 -57 -57 -57 -64 16 122 119 117 120 119 121 123 124 125 125 126 126 127 127 124 127 62 -60 -56 -57 -58 -57 -56 -56 -57 -57 -57 -57 -57 -57 -57 -57 -57 -57 -57 -57 -57 -57 -57 -57 -57 -57 -57 -57 -57 -57 -57 -57 -57 -57 -57 -57 -57 -57 -57 -57 -57 -57 -57 -57 -57 -57 -57 -57 -57 -57 -57 -57 -57 -57 -57 -57 -58 -58 -58 -57 -57 -57 -57 -57 -57 -57 -57 -57 -57 -57 -57 -57 -57 -57 -57 -57 -57 -57 -57 -57 -57 -57 -57 -57 -58 -58 -57 -57 -57 -58 -58 -57 -57 -57 -57 -57 -58 -58 -57 -57 -57 -57 -57 -57 -57 -57 -57 -57 -57 -57 -57 -57 -57 -57 -57 -57 -57 -57 -57 -57 -57 -57 -57 -57 -57 -57 -57 -57 -57 -57 -57 -57 -57 -57 -57 -57 -57 -58 -58 -58 -58 -57 -57 -57 -57 -57 -57 -57 -57 -57 -57 -57 -57 -57 -57 -57 -57 -57 -57 -57 -57 -57 -57 -57 -57 -57 -57 -57 -57 -57 -57 -57 -57 -57 -57 -57 -57 -57 -57 -57 -57 -57 -57 -57 0
-57 -57 -57 -57 -57 -57 -57 -57 -57 -57 -57 -57 -57 -57 -57 -57 -57 -57 -57 -57 -57 -57 -61 -20 114 119 118 120 120 122 124 125 125 125 126 126 126 125 124 126 121 -6 -64 -55 -57 -56 -56 -56 -57 -57 -57 -57 -57 -57 -57 -57 -57 -57 -57 -57 -57 -57 -57 -57 -57 -57 -57 -57 -57 -57 -57 -57 -57 -57 -57 -57 -57 -57 -57 -57 -57 -57 -57 -57 -57 -57 -57 -57 -57 -57 -57 -57 -57 -57 -57 -57 -57 -57 -57 -57 -57 -57 -57 -57 -57 -57 -57 -57 -57 -57 -57 -57 -57 -57 -57 -57 -57 -57 -57 -57 -57 -57 -57 -57 -57 -57 -57 -57 -57 -57 -57 -57 -57 -57 -57 -57 -57 -57 -57 -57 -57 -57 -57 -57 -57 -57 -57 -57 -57 -57 -57 -57 -57 -57 -57 -57 -57 -57 -57 -57 -57 -57 -57 -57 -57 -57 -57 -57 -57 -57 -57 -57 -57 -57 -57 -57 -57 -57 -57 -57 -57 -57 -57 -57 -57 -57 -57 -57 -57 -57 -57 -57 -57 -57 -57 -57 -57 -57 -57 -57 -57 -57 -57 -57 -57 -57 -57 -57 -57 -57 -57 -57 -57 -57 -57 -57 -57 -57 -57 -57 -57 -57 -57 -57 0
-57 -57 -57 -57 -57 -57 -57 -57 -57 -57 -57 -57 -57 -57 -57 -57 -57 -57 -57 -57 -57 -57 -59 -45 96 120 119 121 121 124 126 126 126 126 127 127 127 125 126 126 127 87 -55 -57 -53 -59 -56 -56 -57 -57 -57 -57 -57 -57 -57 -57 -57 -57 -57 -57 -57 -57 -57 -57 -57 -57 -57 -57 -57 -57 -57 -57 -57 -57 -57 -57 -57 -57 -57 -57 -57 -57 -57 -57 -57 -57 -57 -57 -57 -57 -57 -57 -57 -57 -57 -57 -56 -56 -56 -57 -57 -57 -57 -57 -57 -57 -57 -57 -57 -57 -57 -57 -57 -57 -57 -57 -57 -57 -57 -57 -57 -57 -57 -57 -56 -56 -57 -57 -57 -56 -56 -57 -57 -57 -57 -57 -56 -56 -57 -57 -57 -57 -57 -57 -57 -57 -57 -57 -57 -57 -57 -57 -57 -57 -57 -57 -57 -57 -57 -57 -57 -57 -57 -57 -57 -57 -57 -57 -57 -57 -57 -57 -57 -57 -57 -57 -57 -56 -56 -56 -56 -57 -57 -57 -57 -57 -57 -57 -57 -57 -57 -57 -57 -57 -57 -57 -57 -57 -57 -57 -57 -57 -57 -57 -57 -57 -57 -57 -57 -57 -57 -57 -57 -57 -57 -57 -57 -57 -57 -57 -57 -57 -57 -57 0
-57 -57 -57 -57 -57 -57 -57 -57 -57 -57 -57 -58 -58 -58 -57 -57 -57 -57 -57 -57 -57 -57 -56 -59 64 122 120 121 123 125 126 126 125 125 126 126 126 126 127 127 125 127 21 -63 -53 -60 -58 -57 -57 -57 -57 -57 -57 -57 -57 -57 -57 -57 -57 -57 -57 -57 -57 -57 -57 -57 -57 -57 -57 -58 -58 -57 -57 -57 -57 -57 -57 -57 -58 -58 -57 -57 -57 -57 -57 -57 -57 -57 -57 -57 -57 -57 -57 -57 -57 -57 -57 -57 -57 -57 -57 -57 -57 -57 -57 -57 -57 -57 -58 -58 -57 -57 -57 -57 -57 -57 -57 -57 -57 -57 -57 -57 -57 -57 -57 -57 -57 -57 -57 -57 -57 -57 -57 -57 -57 -57 -57 -57 -57 -57 -57 -57 -57 -57 -57 -57 -57 -57 -57 -57 -57 -57 -57 -57 -57 -57 -57 -57 -57 -57 -57 -57 -57 -57 -57 -57 -57 -57 -57 -57 -57 -57 -57 -57 -57 -57 -57 -57 -57 -57 -57 -57 -57 -57 -57 -57 -57 -57 -57 -57 -57 -57 -57 -57 -57 -57 -57 -57 -57 -57 -57 -57 -57 -57 -57 -57 -57 -57 -57 -57 -57 -57 -57 -57 -57 -57 -57 -57 -57 -57 -57 -57 -57 -57 0
-57 -57 -57 -57 -57 -57 -57 -57 -57 -57 -57 -57 -57 -57 -57 -57 -57 -57 -57 -57 -57 -57 -56 -63 27 124 121 121 124 126 126 126 126 126 127 127 127 127 127 127 125 125 108 -36 -62 -60 -57 -57 -57 -57 -57 -57 -57 -57 -57 -57 -57 -57 -57 -57 -57 -57 -57 -57 -57 -57 -57 -57 -57 -57 -57 -57 -57 -57 -57 -57 -57 -57 -57 -57 -57 -57 -57 -57 -57 -57 -57 -57 -57 -57 -57 -57 -57 -57 -57 -57 -57 -57 -57 -57 -57 -57 -57 -57 -57 -57 -57 -57 -57 -57 -57 -57 -57 -57 -57 -57 -57 -57 -57 -57 -57 -57 -57 -57 -57 -57 -57 -57 -57 -57 -57 -57 -57 -57 -57 -57 -57 -57 -57 -57 -57 -57 -57 -57 -57 -57 -57 -57 -57 -57 -57 -57 -57 -57 -57 -57 -57 -57 -57 -57 -57 -57 -57 -57 -57 -57 -57 -57 -57 -57 -57 -57 -57 -57 -57 -57 -57 -57 -57 -57 -57 -57 -57 -57 -57 -57 -57 -57 -57 -57 -57 -57 -57 -57 -57 -57 -57 -57 -57 -57 -57 -57 -57 -57 -57 -57 -57 -57 -57 -57 -57 -57 -57 -57 -57 -57 -57 -57 -57 -57 -57 -57 -57 -57 0
-57 -57 -57 -57 -57 -57 -57 -57 -57 -57 -57 -56 -56 -56 -57 -57 -57 -57 -57 -57 -57 -57 -57 -61 -11 120 123 122 125 126 126 127 126 126 127 127 127 127 127 126 126 124 127 53 -65 -55 -57 -57 -57 -57 -57 -57 -57 -57 -57 -57 -57 -57 -57 -57 -57 -57 -57 -57 -57 -57 -57 -57 -57 -56 -56 -57 -57 -57 -57 -57 -57 -57 -56 -56 -57 -57 -57 -57 -57 -57 -57 -57 -57 -57 -57 -57 -57 -57 -57 -57 -57 -57 -57 -57 -57 -57 -57 -57 -57 -57 -57 -57 -56 -56 -57 -57 -57 -57 -57 -57 -57 -57 -57 -57 -57 -57 -57 -57 -57 -57 -57 -57 -57 -57 -57 -57 -57 -57 -57 -57 -57 -57 -57 -57 -57 -57 -57 -57 -57 -57 -57 -57 -57 -57 -57 -57 -57 -57 -57 -57 -57 -57 -57 -57 -57 -57 -57 -57 -57 -57 -57 -57 -57 -57 -57 -57 -57 -57 -57 -57 -57 -57 -57 -57 -57 -57 -57 -57 -57 -57 -57 -57 -57 -57 -57 -57 -57 -57 -57 -57 -57 -57 -57 -57 -57 -57 -57 -57 -57 -57 -57 -57 -57 -57 -57 -57 -57 -57 -57 -57 -57 -57 -57 -57 -57 -57 -57 -57 0
-57 -57 -57 -57 -57 -57 -57 -57 -57 -57 -57 -57 -57 -57 -57 -57 -57 -57 -57 -57 -57 -57 -58 -59 -40 106 125 122 125 126 126 127 126 125 126 126 126 125 126 126 127 125 125 118 -16 -59 -56 -57 -57 -57 -57 -57 -57 -57 -57 -57 -57 -57 -57 -57 -57 -57 -57 -57 -57 -57 -57 -57 -57 -57 -57 -57 -57 -57 -57 -57 -57 -57 -57 -57 -57 -57 -57 -57 -57 -57 -57 -57 -57 -57 -57 -57 -57 -57 -57 -57 -57 -57 -57 -57 -57 -57 -57 -57 -57 -57 -57 -57 -57 -57 -57 -57 -57 -57 -57 -57 -57 -57 -57 -57 -57 -57 -57 -57 -57 -57 -57 -57 -57 -57 -57 -57 -57 -57 -57 -57 -57 -57 -57 -57 -57 -57 -57 -57 -57 -57 -57 -57 -57 -57 -57 -57 -57 -57 -57 -57 -57 -57 -57 -57 -57 -57 -57 -57 -57 -57 -57 -57 -57 -57 -57 -57 -57 -57 -57 -57 -57 -57 -57 -57 -57 -57 -57 -57 -57 -57 -57 -57 -57 -57 -57 -57 -57 -57 -57 -57 -57 -57 -57 -57 -57 -57 -57 -57 -57 -57 -57 -57 -57 -57 -57 -57 -57 -57 -57 -57 -57 -57 -57 -57 -57 -57 -57 -57 0
-57 -57 -57 -57 -57 -57 -57 -57 -57 -57 -57 -57 -57 -57 -57 -57 -57 -57 -57 -57 -57 -57 -58 -58 -57 79 126 123 125 126 127 127 126 126 127 127 126 126 127 126 127 127 124 127 77 -55 -57 -56 -60 -58 -56 -57 -57 -57 -57 -57 -57 -57 -57 -57 -57 -57 -57 -57 -57 -57 -57 -57 -57 -57 -57 -57 -57 -57 -57 -57 -57 -57 -57 -57 -57 -57 -57 -57 -57 -57 -57 -57 -57 -57 -57 -57 -57 -57 -57 -57 -57 -57 -57 -57 -57 -57 -57 -57 -57 -57 -57 -57 -57 -57 -57 -57 -57 -57 -57 -57 -57 -57 -57 -57 -57 -57 -57 -57 -57 -57 -57 -57 -57 -57 -57 -57 -57 -57 -57 -57 -57 -57 -57 -57 -57 -57 -57 -57 -57 -57 -57 -57 -57 -57 -57 -57 -57 -57 -57 -57 -57 -57 -57 -57 -57 -57 -57 -57 -57 -57 -57 -57 -57 -57 -57 -57 -57 -57 -57 -57 -57 -57 -57 -57 -57 -57 -57 -57 -57 -57 -57 -57 -57 -57 -57 -57 -57 -57 -57 -57 -57 -57 -57 -57 -57 -57 -57 -57 -57 -57 -57 -57 -57 -57 -57 -57 -57 -57 -57 -57 -57 -57 -57 -57 -57 -57 -57 -57 0
-57 -57 -57 -57 -57 -57 -57 -57 -57 -57 -57 -57 -57 -57 -57 -57 -57 -57 -57 -57 -57 -57 -57 -57 -63 40 127 124 125 126 127 127 127 127 127 127 127 127 127 127 127 127 125 124 126 10 -65 -53 -58 -59 -56 -57 -57 -57 -57 -57 -57 -57 -57 -57 -57 -57 -57 -57 -57 -57 -57 -57 -57 -57 -57 -57 -57 -57 -57 -57 -57 -57 -57 -57 -57 -57 -57 -57 -57 -57 -57 -57 -57 -57 -57 -57 -57 -57 -57 -57 -57 -57 -57 -57 -57 -57 -57 -57 -57 -57 -57 -57 -57 -57 -57 -57 -57 -57 -57 -57 -57 -57 -57 -57 -57 -57 -57 -57 -57 -57 -57 -57 -57 -57 -57 -57 -57 -57 -57 -57 -57 -57 -57 -57 -57 -57 -57 -57 -57 -57 -57 -57 -57 -57 -57 -57 -57 -57 -57 -57 -57 -57 -57 -57 -57 -57 -57 -57 -57 -57 -57 -57 -57 -57 -57 -57 -57 -57 -57 -57 -57 -57 -57 -57 -57 -57 -57 -57 -57 -57 -57 -57 -57 -57 -57 -57 -57 -57 -57 -57 -57 -57 -57 -57 -57 -57 -57 -57 -57 -57 -57 -57 -57 -57 -57 -57 -57 -57 -57 -57 -57 -57 -57 -57 -57 -57 -57 -57 0
-57 -57 -57 -57 -57 -57 -57 -57 -57 -57 -57 -57 -57 -57 -57 -57 -57 -57 -57 -57 -57 -57 -57 -56 -62 -1 125 123 125 126 127 127 127 127 127 127 127 127 127 127 127 127 125 125 127 99 -47 -58 -52 -58 -56 -57 -57 -57 -57 -57 -57 -57 -57 -57 -57 -57 -57 -57 -57 -57 -57 -57 -57 -57 -57 -57 -57 -57 -57 -57 -57 -57 -57 -57 -57 -57 -57 -57 -57 -57 -57 -57 -57 -57 -57 -57 -57 -57 -57 -57 -57 -57 -57 -57 -57 -57 -57 -57 -57 -57 -57 -57 -57 -57 -57 -57 -57 -57 -57 -57 -57 -57 -57 -57 -57 -57 -57 -57 -57 -57 -57 -57 -57 -57 -57 -57 -57 -57 -57 -57 -57 -57 -57 -57 -57 -57 -57 -57 -57 -57 -57 -57 -57 -57 -57 -57 -57 -57 -57 -57 -57 -57 -57 -57 -57 -57 -57 -57 -57 -57 -57 -57 -57 -57 -57 -57 -57 -57 -57 -57 -57 -57 -57 -57 -57 -57 -57 -57 -57 -57 -57 -57 -57 -57 -57 -57 -57 -57 -57 -57 -57 -57 -57 -57 -57 -57 -57 -57 -57 -57 -57 -57 -57 -57 -57 -57 -57 -57 -57 -57 -57 -57 -57 -57 -57 -57 -57 -57 0
-57 -57 -57 -57 -57 -57 -57 -57 -57 -57 -57 -57 -57 -57 -57 -57 -57 -57 -57 -57 -57 -57 -57 -56 -60 -36 114 125 125 126 127 127 127 127 127 127 127 127 127 127 127 126 125 126 125 127 36 -65 -51 -56 -59 -57 -57 -57 -57 -57 -57 -57 -57 -57 -57 -57 -57 -57 -57 -57 -57 -57 -57 -57 -57 -57 -57 -57 -57 -57 -57 -57 -57 -57 -57 -57 -57 -57 -57 -57 -57 -57 -57 -57 -57 -57 -57 -57 -57 -57 -57 -57 -57 -57 -57 -57 -57 -57 -57 -57 -57 -57 -57 -57 -57 -57 -57 -57 -57 -57 -57 -57 -57 -57 -57 -57 -57 -57 -57 -57 -57 -57 -57 -57 -57 -57 -57 -57 -57 -57 -57 -57 -57 -57 -57 -57 -57 -57 -57 -57 -57 -57 -57 -57 -57 -57 -57 -57 -57 -57 -57 -57 -57 -57 -57 -57 -57 -57 -57 -57 -57 -57 -57 -57 -57 -57 -57 -57 -57 -57 -57 -57 -57 -57 -57 -57 -57 -57 -57 -57 -57 -57 -57 -57 -57 -57 -57 -57 -57 -57 -57 -57 -57 -57 -57 -57 -57 -57 -57 -57 -57 -57 -57 -57 -57 -57 -57 -57 -57 -57 -57 -57 -57 -57 -57 -57 -57 -57 0
-57 -57 -58 -58 -58 -57 -57 -58 -58 -57 -57 -57 -57 -57 -58 -58 -57 -57 -58 -58 -58 -58 -57 -56 -56 -56 89 127 125 126 126 126 127 127 127 127 127 127 127 126 126 126 126 126 125 126 117 -25 -60 -54 -60 -57 -57 -57 -57 -57 -57 -58 -58 -58 -58 -58 -57 -57 -57 -57 -57 -57 -57 -57 -57 -57 -57 -57 -58 -58 -57 -57 -57 -57 -56 -57 -58 -57 -57 -57 -57 -57 -57 -57 -58 -58 -58 -58 -58 -58 -57 -57 -57 -57 -57 -56 -57 -57 -57 -57 -58 -58 -57 -57 -57 -57 -57 -57 -57 -58 -58 -57 -57 -57 -57 -57 -57 -57 -57 -57 -57 -57 -57 -57 -57 -57 -57 -57 -57 -57 -57 -57 -57 -57 -56 -56 -57 -57 -57 -57 -57 -57 -57 -57 -57 -57 -57 -57 -58 -58 -57 -57 -57 -57 -56 -57 -57 -57 -57 -57 -57 -57 -57 -57 -58 -58 -57 -57 -57 -57 -57 -56 -56 -57 -57 -57 -57 -57 -57 -57 -58 -58 -57 -57 -57 -57 -57 -57 -57 -57 -57 -57 -58 -58 -57 -57 -58 -58 -57 -57 -57 -57 -57 -57 -57 -57 -57 -57 -57 -57 -57 -57 -57 -57 -57 -57 -57 -57 0
-57 -57 -58 -58 -58 -57 -57 -58 -58 -57 -57 -57 -57 -57 -58 -58 -57 -57 -58 -58 -58 -58 -57 -57 -57 -62 52 127 125 126 126 126 127 127 127 127 127 126 126 126 126 127 127 125 123 124 127 69 -61 -58 -57 -57 -57 -57 -57 -57 -57 -58 -58 -58 -58 -58 -57 -57 -58 -58 -58 -57 -57 -57 -57 -57 -57 -57 -58 -58 -57 -57 -57 -57 -56 -57 -58 -57 -57 -57 -57 -57 -57 -57 -58 -58 -58 -58 -58 -58 -57 -57 -57 -57 -57 -57 -57 -57 -57 -57 -58 -58 -57 -57 -57 -57 -57 -57 -57 -58 -58 -57 -57 -57 -57 -57 -57 -57 -57 -57 -57 -57 -57 -57 -57 -57 -57 -57 -57 -57 -57 -57 -57 -57 -57 -57 -57 -57 -57 -58 -58 -57 -57 -57 -57 -57 -57 -57 -58 -58 -57 -57 -57 -57 -56 -57 -57 -57 -57 -57 -57 -57 -57 -57 -58 -58 -57 -57 -57 -57 -57 -57 -57 -57 -57 -57 -57 -57 -57 -57 -58 -58 -57 -57 -57 -57 -57 -57 -57 -57 -57 -57 -58 -58 -57 -57 -58 -58 -57 -57 -57 -57 -57 -57 -57 -57 -57 -57 -57 -57 -57 -57 -57 -57 -57 -57 -57 -57 0
-57 -57 -58 -58 -58 -57 -57 -58 -58 -57 -57 -57 -57 -57 -58 -58 -57 -57 -58 -58 -58 -58 -58 -58 -58 -61 9 127 124 126 126 126 127 127 127 127 127 126 126 126 126 127 127 125 125 126 126 124 -1 -64 -56 -57 -57 -57 -57 -57 -57 -58 -58 -58 -58 -58 -57 -57 -57 -57 -57 -57 -57 -57 -57 -57 -57 -57 -58 -58 -57 -57 -57 -57 -56 -57 -58 -57 -57 -57 -57 -57 -57 -57 -58 -58 -58 -58 -58 -58 -57 -57 -57 -57 -57 -57 -57 -57 -57 -57 -58 -58 -57 -57 -57 -57 -57 -57 -57 -58 -58 -57 -57 -57 -57 -57 -57 -57 -57 -57 -57 -57 -57 -57 -57 -57 -57 -57 -57 -57 -57 -57 -57 -57 -57 -57 -57 -57 -57 -58 -58 -57 -57 -57 -57 -57 -57 -57 -58 -58 -57 -57 -57 -57 -56 -57 -57 -57 -57 -57 -57 -57 -57 -57 -58 -58 -57 -57 -57 -57 -57 -57 -57 -57 -57 -57 -57 -57 -57 -57 -58 -58 -57 -57 -57 -57 -57 -57 -57 -57 -57 -57 -58 -58 -57 -57 -58 -58 -57 -57 -57 -57 -57 -57 -57 -57 -57 -57 -57 -57 -57 -57 -57 -57 -57 -57 -57 -57 0
-57 -57 -58 -58 -58 -57 -57 -58 -58 -57 -57 -57 -57 -57 -58 -58 -57 -57 -58 -58 -58 -58 -58 -58 -58 -58 -27 118 124 126 126 126 126 126 127 127 127 125 125 126 126 127 127 126 126 127 125 127 96 -47 -59 -56 -57 -56 -56 -57 -57 -58 -58 -58 -58 -58 -57 -57 -57 -57 -57 -57 -57 -57 -57 -57 -57 -58 -58 -58 -58 -57 -57 -57 -56 -57 -58 -58 -58 -58 -58 -57 -57 -57 -58 -58 -58 -57 -57 -58 -57 -56 -56 -56 -56 -57 -56 -56 -56 -57 -58 -58 -57 -57 -57 -57 -57 -57 -57 -57 -56 -56 -56 -56 -56 -56 -56 -56 -56 -57 -57 -57 -56 -55 -56 -56 -56 -58 -58 -57 -58 -57 -57 -57 -58 -58 -57 -56 -56 -56 -56 -56 -56 -56 -56 -56 -56 -56 -57 -57 -57 -57 -57 -57 -56 -56 -56 -56 -57 -57 -58 -58 -58 -58 -59 -59 -58 -58 -57 -57 -58 -58 -59 -56 -55 -56 -57 -57 -57 -58 -58 -58 -56 -56 -57 -58 -58 -57 -57 -57 -57 -57 -58 -58 -57 -57 -58 -58 -57 -57 -57 -57 -57 -57 -57 -57 -57 -57 -57 -57 -57 -57 -57 -57 -57 -57 -57 -57 0
-57 -57 -57 -57 -57 -57 -57 -57 -57 -57 -57 -57 -57 -57 -57 -57 -57 -57 -57 -57 -57 -57 -57 -56 -57 -61 -50 94 124 124 125 126 126 126 126 126 126 125 126 126 125 126 127 127 127 127 127 127 127 32 -64 -56 -57 -56 -54 -56 -57 -57 -57 -57 -58 -58 -57 -56 -58 -59 -58 -58 -57 -56 -57 -56 -56 -59 -57 -56 -59 -56 -57 -57 -58 -58 -58 -57 -58 -58 -58 -57 -56 -57 -56 -55 -55 -55 -55 -55 -56 -57 -57 -57 -57 -57 -56 -56 -56 -57 -57 -57 -58 -58 -58 -57 -57 -57 -56 -55 -55 -55 -55 -55 -55 -55 -55 -54 -56 -57 -57 -57 -56 -54 -55 -55 -55 -59 -59 -57 -57 -58 -57 -57 -57 -57 -56 -56 -56 -56 -56 -55 -54 -56 -57 -57 -56 -56 -56 -55 -55 -55 -55 -55 -56 -56 -55 -55 -56 -57 -58 -58 -58 -59 -58 -59 -57 -58 -56 -58 -58 -57 -59 -55 -55 -56 -57 -57 -57 -58 -58 -57 -54 -55 -58 -59 -59 -57 -57 -57 -57 -57 -57 -57 -57 -57 -57 -57 -57 -57 -57 -57 -57 -57 -57 -57 -57 -57 -57 -57 -57 -57 -57 -57 -57 -57 -57 -57 0
-57 -57 -57 -57 -57 -57 -57 -57 -57 -57 -57 -57 -57 -57 -57 -57 -57 -57 -57 -57 -57 -57 -57 -56 -57 -59 -63 59 126 122 123 125 125 125 126 126 126 125 126 126 125 126 127 127 127 127 127 126 126 113 -30 -64 -57 -57 -59 -58 -57 -57 -57 -57 -57 -56 -56 -55 -54 -55 -55 -54 -54 -53 -54 -54 -54 -56 -54 -53 -56 -54 -57 -58 -58 -58 -57 -54 -54 -54 -54 -56 -57 -58 -57 -56 -57 -57 -57 -57 -58 -58 -58 -58 -58 -58 -57 -57 -57 -56 -54 -54 -55 -55 -55 -54 -54 -54 -55 -59 -59 -59 -59 -58 -58 -58 -58 -58 -58 -57 -58 -57 -58 -59 -59 -59 -58 -57 -56 -55 -50 -53 -54 -54 -53 -53 -56 -60 -60 -59 -58 -58 -58 -59 -59 -60 -60 -59 -58 -57 -58 -58 -57 -57 -57 -56 -56 -55 -56 -56 -56 -55 -56 -57 -59 -59 -60 -59 -58 -57 -57 -56 -55 -59 -60 -58 -56 -55 -56 -58 -58 -58 -59 -59 -59 -57 -54 -57 -57 -57 -57 -57 -57 -57 -57 -57 -57 -57 -57 -57 -57 -57 -57 -57 -57 -57 -57 -57 -57 -57 -57 -57 -57 -57 -57 -57 -57 -57 0
-57 -57 -57 -57 -57 -57 -57 -57 -57 -57 -57 -57 -57 -57 -57 -57 -57 -57 -57 -57 -57 -57 -57 -57 -56 -56 -64 20 124 120 121 123 123 124 125 126 126 126 126 126 126 127 127 127 127 127 125 126 126 127 60 -62 -58 -54 -61 -59 -57 -57 -57 -57 -56 -56 -56 -56 -55 -55 -55 -54 -54 -56 -56 -56 -56 -57 -55 -55 -57 -56 -54 -54 -54 -54 -55 -57 -57 -57 -57 -56 -56 -57 -57 -57 -58 -58 -58 -58 -56 -54 -54 -54 -54 -57 -57 -57 -57 -57 -57 -58 -58 -58 -58 -57 -57 -57 -57 -56 -56 -56 -55 -56 -55 -55 -55 -56 -57 -57 -57 -56 -56 -58 -57 -57 -57 -56 -56 -59 -27 -27 -62 -60 -59 -59 -61 -62 -62 -61 -61 -63 -62 -62 -63 -63 -63 -63 -62 -62 -63 -64 -63 -62 -62 -61 -61 -59 -58 -55 -50 -46 -43 -39 -37 -33 -29 -27 -29 -33 -40 -52 -58 -61 -63 -61 -58 -55 -54 -55 -57 -57 -60 -60 -59 -57 -55 -57 -57 -57 -57 -57 -57 -57 -57 -57 -57 -57 -57 -57 -57 -57 -57 -57 -57 -57 -57 -57 -57 -57 -57 -57 -57 -57 -57 -57 -57 -57 0
-57 -57 -57 -57 -57 -57 -57 -57 -57 -57 -57 -57 -57 -57 -57 -57 -57 -57 -57 -57 -57 -57 -57 -57 -56 -55 -60 -18 115 117 119 122 123 123 123 123 123 126 126 126 126 127 127 127 127 127 126 127 126 125 123 -5 -61 -51 -57 -58 -57 -57 -57 -57 -57 -56 -57 -57 -59 -60 -59 -58 -58 -60 -59 -60 -61 -61 -59 -59 -62 -59 -56 -55 -55 -55 -56 -59 -58 -57 -57 -56 -55 -56 -56 -56 -55 -56 -55 -56 -57 -57 -57 -56 -56 -58 -58 -58 -59 -58 -56 -56 -56 -56 -59 -59 -60 -59 -59 -56 -57 -57 -58 -59 -60 -61 -61 -62 -64 -63 -63 -62 -62 -62 -62 -60 -58 -59 -58 -57 -28 26 -48 -43 -40 -36 -33 -30 -26 -19 -15 -13 -8 -2 3 8 15 21 26 32 38 44 50 56 63 68 73 76 82 85 87 93 97 101 107 111 115 116 114 108 100 88 68 45 14 -16 -43 -61 -66 -61 -58 -56 -55 -55 -56 -56 -56 -57 -57 -57 -57 -57 -57 -57 -57 -57 -57 -57 -57 -57 -57 -57 -57 -57 -57 -57 -57 -57 -57 -57 -57 -57 -57 -57 -57 -57 -57 -57 0
-58 -58 -57 -57 -57 -58 -58 -58 -58 -58 -58 -57 -57 -57 -58 -58 -57 -57 -58 -58 -58 -58 -58 -57 -57 -54 -57 -45 96 117 117 120 120 121 122 122 123 124 125 126 126 127 127 127 127 127 127 127 127 125 127 89 -50 -58 -55 -56 -58 -58 -57 -58 -59 -59 -59 -59 -57 -56 -56 -54 -55 -58 -56 -56 -58 -57 -57 -47 -42 -59 -59 -59 -59 -59 -57 -55 -55 -55 -55 -58 -59 -63 -64 -64 -60 -59 -60 -62 -62 -62 -62 -62 -63 -60 -60 -59 -59 -60 -61 -60 -59 -58 -57 -56 -55 -53 -49 -50 -44 -39 -34 -28 -22 -16 -11 -5 1 7 14 22 30 37 47 56 65 70 75 81 91 111 95 99 102 107 108 110 113 116 121 123 126 126 127 127 127 127 127 127 127 127 127 127 127 127 127 127 127 127 127 127 127 127 127 127 127 127 127 127 127 127 127 127 127 120 100 62 11 -36 -61 -64 -56 -53 -55 -56 -56 -57 -57 -57 -57 -57 -57 -57 -57 -57 -57 -57 -57 -57 -57 -57 -57 -57 -57 -57 -57 -57 -57 -57 -57 -57 -58 -58 -58 -57 -57 -57 0
-58 -58 -57 -57 -57 -58 -58 -58 -58 -58 -58 -57 -57 -57 -58 -58 -57 -57 -58 -58 -58 -58 -58 -57 -58 -55 -55 -60 67 116 116 118 118 119 120 120 121 123 123 125 126 127 127 127 127 127 127 127 126 125 126 127 30 -70 -58 -56 -57 -57 -57 -58 -58 -59 -58 -59 -59 -58 -58 -58 -60 -49 -34 -63 -63 -62 -64 -48 8 -64 -64 -62 -61 -59 -58 -57 -55 -53 -50 -48 -43 -1 15 11 -25 -35 -28 -23 -16 -10 -5 3 8 13 18 24 31 36 41 48 54 60 70 78 84 91 96 97 100 105 108 112 118 121 123 126 127 127 127 127 127 127 127 127 127 127 127 127 127 127 127 127 127 127 127 127 127 127 127 127 127 127 127 127 127 127 127 127 125 125 125 125 125 125 125 125 125 126 127 127 127 127 126 126 127 127 127 127 127 127 127 126 126 127 127 127 127 113 60 -7 -55 -66 -62 -59 -59 -57 -57 -57 -57 -57 -57 -57 -57 -57 -57 -57 -57 -57 -57 -57 -57 -57 -57 -57 -57 -57 -57 -57 -57 -57 -58 -58 -58 -57 -57 -57 0
-58 -58 -57 -57 -57 -58 -58 -58 -58 -58 -58 -57 -57 -57 -58 -58 -57 -57 -58 -58 -58 -58 -58 -57 -60 -56 -55 -65 28 114 113 115 115 117 118 118 119 122 123 124 126 127 127 127 127 127 127 127 125 125 126 124 116 22 -51 -64 -63 -63 -64 -65 -64 -62 -59 -55 -53 -50 -46 -42 -39 -19 34 -18 -12 -4 1 11 80 33 33 42 49 57 62 65 72 79 90 98 104 124 127 127 115 112 116 119 120 122 124 127 127 127 127 127 127 127 127 127 127 127 127 127 127 127 127 127 127 127 127 126 126 125 127 127 125 126 126 126 126 126 125 125 125 125 127 127 126 125 126 126 127 127 126 126 127 127 126 127 127 126 126 126 126 126 126 127 126 125 125 126 126 126 126 126 126 127 126 126 126 126 127 127 127 127 127 126 126 126 126 126 126 125 126 124 123 127 127 122 82 12 -44 -63 -60 -57 -57 -57 -57 -57 -57 -57 -57 -57 -57 -57 -57 -57 -57 -57 -57 -57 -57 -57 -57 -57 -57 -57 -57 -57 -58 -58 -58 -57 -57 -57 0
-57 -58 -57 -57 -56 -54 -55 -56 -57 -56 -56 -56 -57 -57 -60 -59 -59 -58 -57 -57 -57 -57 -58 -58 -60 -58 -57 -63 -11 110 110 109 112 114 115 116 117 119 120 123 126 127 127 127 127 127 126 127 125 127 127 124 125 127 84 21 -12 -7 10 24 36 50 61 74 85 94 100 104 109 112 122 120 122 125 127 127 127 127 127 127 127 127 127 127 127 127 127 127 127 127 127 127 127 127 127 127 127 127 127 127 127 127 127 127 127 126 127 126 126 126 126 126 126 126 126 125 127 127 127 126 127 126 126 125 126 127 127 127 127 127 127 127 127 126 126 127 126 126 126 126 127 127 126 126 126 126 125 125 126 126 126 125 126 125 125 126 127 127 127 127 127 127 127 127 127 126 125 125 125 125 126 126 126 126 126 125 125 125 125 126 125 124 124 124 123 125 125 125 127 127 98 27 -43 -63 -58 -55 -57 -59 -57 -57 -57 -57 -57 -57 -57 -57 -57 -57 -57 -57 -57 -57 -57 -57 -57 -57 -57 -57 -58 -58 -58 -57 -57 -57 0
-56 -57 -57 -58 -57 -56 -56 -58 -59 -57 -56 -57 -57 -58 -57 -56 -56 -55 -55 -55 -56 -56 -57 -57 -58 -57 -56 -59 -41 97 110 108 110 112 113 113 114 115 117 122 126 126 126 126 127 127 127 127 127 127 127 127 127 127 127 127 123 123 127 127 127 127 127 127 127 127 127 127 127 127 127 127 127 127 127 127 127 127 127 127 127 127 127 127 127 127 127 127 126 126 125 126 126 127 126 126 127 127 127 126 126 127 127 126 127 127 127 127 126 126 126 126 126 126 126 125 104 99 104 111 119 124 127 127 126 127 126 126 126 127 127 127 127 127 127 127 127 127 126 126 127 126 127 127 127 127 127 126 126 126 126 126 125 125 125 125 126 126 126 126 126 125 125 126 125 124 124 124 124 124 125 125 125 125 125 126 126 125 125 125 125 125 125 126 126 125 127 126 126 126 127 127 94 8 -59 -61 -55 -56 -56 -56 -58 -57 -57 -57 -57 -57 -57 -57 -57 -57 -57 -57 -57 -57 -58 -58 -58 -58 -57 -57 -57 -58 -58 -58 0
-56 -57 -57 -57 -58 -58 -58 -58 -57 -57 -58 -58 -58 -57 -55 -55 -54 -54 -56 -58 -58 -58 -58 -56 -55 -53 -53 -56 -59 68 107 108 108 109 110 110 111 112 115 120 124 126 126 126 127 127 127 127 127 127 127 127 127 127 126 125 126 126 125 125 126 126 126 127 126 126 126 127 127 126 126 127 127 127 127 127 126 126 127 127 126 126 126 127 127 127 127 126 125 125 126 126 125 125 125 125 125 125 125 125 125 126 126 126 126 126 126 126 127 127 126 126 126 126 125 126 89 -4 -23 -9 9 31 35 75 123 126 126 127 127 127 127 127 127 127 127 127 127 127 126 126 126 126 126 126 126 125 125 125 125 125 125 125 124 124 124 124 124 124 124 124 124 124 124 124 123 123 123 123 123 123 123 123 123 123 123 123 123 124 124 124 124 124 124 123 123 122 123 124 125 125 125 126 127 126 55 -48 -58 -53 -54 -56 -58 -58 -57 -57 -57 -57 -57 -57 -57 -57 -57 -57 -57 -57 -58 -58 -58 -58 -57 -57 -57 -58 -58 -58 0
-56 -57 -57 -57 -58 -58 -57 -56 -55 -57 -57 -57 -57 -57 -59 -58 -58 -58 -58 -58 -58 -57 -57 -59 -59 -57 -56 -56 -64 35 106 107 108 107 108 107 108 110 114 118 124 127 127 127 127 127 127 127 127 127 127 126 126 126 126 125 125 125 124 125 126 126 126 127 126 126 126 126 126 126 126 125 125 126 126 126 126 126 125 125 125 125 125 124 124 124 124 124 124 124 124 124 123 122 122 122 122 122 122 122 122 123 124 124 124 124 125 125 127 127 126 125 125 125 125 125 127 79 -42 -55 -47 -36 -36 -4 120 127 126 126 126 126 126 126 126 126 126 126 125 125 126 126 126 126 125 125 126 124 124 124 124 123 123 123 122 122 122 122 123 123 123 123 123 123 123 122 122 121 121 121 121 121 121 121 121 121 121 122 122 123 123 123 123 123 123 122 117 103 102 106 117 118 122 123 124 125 127 73 -44 -58 -54 -58 -59 -58 -57 -57 -57 -57 -57 -57 -57 -57 -57 -57 -57 -57 -58 -58 -58 -58 -57 -57 -57 -58 -58 -58 0
-57 -58 -58 -56 -56 -56 -57 -56 -58 -58 -58 -57 -57 -57 -58 -58 -58 -57 -56 -56 -56 -55 -54 -57 -57 -58 -59 -57 -60 -2 105 107 107 105 106 106 110 114 116 119 123 124 125 126 126 126 126 127 126 126 126 126 126 126 126 126 126 126 126 127 127 127 126 126 126 126 126 125 125 124 124 125 125 125 125 125 124 124 123 123 123 123 123 123 123 122 122 122 122 122 121 121 120 120 119 120 120 120 120 119 119 121 121 122 122 122 122 123 124 125 125 125 126 125 126 126 126 127 12 -54 -48 -47 -38 -30 64 127 125 126 126 126 126 126 126 125 125 125 126 125 125 124 124 124 125 125 124 124 123 124 123 123 123 122 122 122 121 121 121 121 121 121 121 119 119 120 119 118 117 117 117 117 116 116 117 118 118 118 118 120 120 120 120 120 120 120 109 101 104 103 114 117 118 118 120 119 117 126 60 -51 -59 -60 -57 -56 -58 -58 -58 -58 -58 -57 -57 -57 -57 -57 -57 -57 -58 -58 -58 -58 -58 -58 -58 -59 -59 -59 0
-55 -57 -58 -58 -57 -59 -57 -55 -53 -58 -62 -63 -64 -62 -59 -56 -55 -55 -57 -57 -58 -56 -54 -51 -53 -55 -57 -60 -64 -37 83 103 109 112 114 115 114 114 114 116 121 123 126 126 127 127 126 127 127 127 127 126 126 127 127 127 127 127 126 125 126 126 125 125 125 125 125 124 124 123 123 122 122 122 122 122 121 121 122 122 121 121 121 121 121 121 121 121 121 121 121 120 119 118 118 119 118 117 117 118 118 118 120 120 120 120 120 121 123 124 125 126 127 126 127 126 126 127 15 -49 -44 -42 -42 -42 -28 88 127 126 126 125 125 124 124 123 123 123 123 123 121 121 121 121 120 120 120 120 119 120 119 119 118 117 117 117 117 117 116 115 115 115 115 113 113 113 113 112 112 112 111 111 112 112 113 113 113 113 113 114 114 114 114 114 114 114 108 112 114 110 109 114 113 113 114 116 114 105 64 -16 -62 -59 -56 -56 -57 -57 -57 -57 -57 -57 -57 -57 -57 -57 -57 -57 -57 -57 -57 -57 -57 -57 -57 -58 -58 -58 0
-55 -57 -58 -50 -11 27 44 52 53 45 35 18 -1 -18 -35 -49 -58 -60 -62 -63 -61 -61 -61 -62 -62 -58 -39 -6 37 79 115 122 126 125 122 119 118 115 114 115 118 122 126 127 127 127 126 126 127 127 126 126 126 126 126 126 126 126 124 124 124 124 123 123 123 123 123 123 123 123 123 122 122 122 123 123 123 123 121 121 121 121 121 121 121 120 120 121 120 120 121 120 119 118 118 117 116 115 115 116 116 116 117 117 117 117 118 119 120 121 123 124 124 124 125 127 127 125 4 -51 -47 -42 -40 -39 -40 -12 95 127 125 122 122 120 120 120 120 120 119 118 117 117 116 116 115 116 115 115 114 115 114 114 113 113 113 113 112 112 111 111 110 110 110 110 110 108 108 108 108 108 107 107 108 108 108 108 108 109 109 109 109 108 108 108 107 107 103 104 106 105 102 108 107 107 107 109 114 68 -55 -44 -52 -57 -54 -57 -58 -57 -57 -57 -57 -57 -57 -57 -57 -57 -57 -57 -57 -57 -57 -57 -57 -57 -57 -58 -58 -58 0
-55 -56 -57 -55 -45 -28 -3 27 54 74 82 83 83 77 67 54 38 17 -1 -21 -38 -46 -26 1 37 77 106 126 127 127 127 126 127 125 124 123 122 119 117 117 118 121 125 126 127 127 126 125 125 125 125 126 126 125 124 123 123 123 122 122 122 122 122 122 121 120 121 122 122 122 122 122 122 122 122 121 120 120 122 122 122 122 122 122 122 121 121 121 121 120 119 119 119 119 118 117 116 115 115 115 115 114 114 115 115 115 116 116 116 117 120 121 121 122 123 124 124 119 0 -48 -44 -40 -43 -40 -37 -42 -12 88 123 117 117 116 116 116 116 116 114 113 111 110 110 110 110 110 109 109 108 109 109 108 107 108 109 109 108 108 107 106 105 105 105 105 105 106 106 106 105 106 105 106 105 104 105 104 105 104 104 105 105 104 103 102 100 100 97 98 100 100 95 100 102 103 102 102 106 76 -60 -47 -44 -58 -54 -59 -57 -56 -56 -56 -57 -57 -57 -57 -57 -57 -57 -57 -56 -56 -56 -56 -56 -56 -56 -57 -57 -57 0
-54 -54 -54 -55 -55 -58 -59 -59 -50 -33 -4 25 53 72 81 85 82 73 76 89 93 98 110 122 124 123 124 112 80 75 70 66 66 68 67 66 89 106 111 112 112 116 120 123 125 125 126 125 125 125 124 123 123 122 122 121 121 120 120 119 120 120 120 119 119 118 119 119 120 120 120 121 121 121 115 109 111 111 119 120 121 121 121 121 121 120 120 121 121 120 118 118 118 117 117 116 115 116 115 116 116 114 114 115 114 115 115 117 117 117 117 117 118 119 119 120 120 121 56 -38 -48 -44 -43 -43 -41 -39 -46 -11 85 116 112 111 112 112 112 111 110 109 108 107 107 108 107 107 106 107 106 108 106 107 106 105 107 105 104 104 104 102 101 103 101 100 97 97 96 93 95 91 92 87 84 88 76 91 68 77 68 67 77 49 77 40 95 95 91 66 77 94 88 94 94 95 95 95 97 85 -44 -46 33 7 -59 -56 -54 -56 -56 -56 -57 -57 -56 -56 -57 -56 -56 -56 -56 -56 -55 -55 -56 -56 -56 -57 -56 -54 0
-54 -54 -54 -54 -54 -55 -55 -56 -57 -58 -62 -60 -51 -35 -8 23 48 62 43 88 97 98 96 93 96 102 109 95 0 -8 -5 2 8 12 12 12 23 37 58 80 106 112 108 113 116 121 125 125 124 122 120 118 118 118 118 117 117 118 118 118 117 117 117 117 118 118 119 119 119 120 120 120 120 119 119 122 124 119 118 120 120 120 120 120 120 120 120 119 118 118 117 116 116 115 116 116 115 114 115 114 115 115 115 114 114 114 114 114 115 114 116 116 116 117 117 117 118 108 24 -46 -50 -46 -42 -43 -43 -41 -40 -43 -11 81 110 106 107 106 105 104 103 101 98 99 95 95 97 89 95 81 92 80 86 76 68 83 61 78 58 63 65 48 63 40 49 56 29 48 34 34 56 20 53 26 30 49 13 64 11 38 18 26 47 1 52 2 90 90 86 52 58 88 80 85 85 87 88 87 89 92 71 59 107 112 10 -61 -54 -56 -56 -56 -57 -56 -56 -56 -56 -56 -56 -56 -56 -56 -55 -55 -56 -56 -56 -56 -56 -54 0
-54 -54 -54 -54 -54 -54 -54 -55 -55 -53 -54 -55 -58 -61 -63 -59 -49 -31 -36 9 71 78 76 76 79 86 94 84 -5 -16 -10 -6 0 4 6 9 8 7 10 20 38 70 96 108 105 97 111 117 118 118 115 114 114 113 113 113 114 114 114 114 115 115 115 117 117 118 118 119 119 119 119 118 118 119 117 117 118 117 116 118 118 118 118 120 119 119 119 119 118 118 117 117 116 115 117 116 117 115 117 116 116 117 115 117 114 116 115 115 115 113 115 114 114 112 112 112 108 105 -10 -63 -70 -50 -43 -43 -43 -41 -41 -40 -47 -11 84 88 48 52 61 41 56 43 30 54 36 39 50 20 59 9 61 18 54 26 8 50 8 51 11 31 37 19 43 16 32 40 17 43 29 36 56 29 61 42 50 62 46 73 54 66 60 65 72 61 74 67 84 83 78 66 68 77 71 76 76 77 79 79 80 82 88 94 92 100 104 -22 -59 -56 -55 -55 -56 -55 -55 -55 -55 -55 -55 -55 -55 -55 -55 -55 -55 -55 -55 -55 -55 -54 0
-54 -54 -54 -54 -54 -54 -54 -55 -55 -51 -51 -50 -52 -51 -51 -50 -54 -56 -71 -92 -38 59 71 69 72 75 80 75 10 -17 -20 -16 -12 -8 -5 -2 1 -1 1 3 6 12 32 72 99 74 100 107 110 111 108 107 107 107 107 107 108 109 109 110 111 111 112 115 116 117 117 117 119 119 120 119 117 116 114 114 115 113 113 116 116 119 117 117 116 115 114 114 114 112 112 110 108 107 101 107 96 108 89 92 95 80 98 68 91 70 75 73 52 76 60 49 69 36 58 63 31 49 -47 -65 -77 -60 -45 -43 -42 -41 -43 -42 -42 -47 -4 75 50 25 41 16 43 32 17 48 29 41 50 34 65 36 70 44 70 58 53 71 57 74 62 72 73 73 79 76 78 79 79 81 80 80 81 80 80 81 81 80 82 78 80 79 80 78 75 76 74 75 71 71 68 61 62 61 59 62 63 63 65 66 69 73 76 82 82 78 100 54 -55 -57 -55 -55 -56 -55 -55 -55 -55 -55 -55 -55 -55 -55 -55 -55 -55 -55 -55 -55 -55 -54 0
-54 -54 -54 -54 -54 -54 -54 -54 -54 -55 -54 -53 -53 -52 -52 -52 -55 -54 -74 -104 -121 -29 69 65 65 66 68 62 48 27 0 -20 -20 -17 -16 -14 -14 -14 -12 -10 -8 -5 -4 10 47 79 103 100 92 102 102 101 101 101 102 102 103 104 105 106 107 108 109 98 101 94 98 97 84 94 83 84 99 115 112 99 103 109 109 113 109 60 76 65 58 74 45 55 62 44 67 43 52 56 27 72 17 80 19 36 45 21 69 2 61 22 44 45 17 54 34 30 58 21 55 58 31 -13 -64 -75 -87 -88 -68 -53 -50 -49 -45 -44 -43 -42 -48 -4 89 85 78 73 81 79 79 81 80 81 82 82 82 83 82 81 80 80 80 78 80 77 80 77 77 76 75 74 73 72 73 71 71 70 70 69 67 68 67 66 65 64 64 63 63 63 61 61 61 60 59 59 57 50 52 52 49 52 53 53 55 57 62 65 67 69 66 63 69 73 -31 -59 -53 -53 -55 -54 -54 -54 -54 -54 -54 -54 -54 -54 -54 -54 -54 -54 -54 -54 -54 -54 0
-54 -54 -54 -54 -54 -54 -54 -54 -54 -56 -56 -55 -54 -54 -56 -56 -56 -55 -71 -79 -96 -27 63 59 59 61 60 43 6 1 0 -15 -23 -27 -35 -24 -20 -19 -18 -18 -17 -16 -15 -11 -4 20 33 33 55 92 96 95 95 96 96 97 98 99 100 101 103 104 107 28 50 16 47 40 16 49 14 35 66 113 109 77 87 106 104 108 99 10 47 29 28 53 20 39 46 33 61 39 58 59 45 82 47 94 62 75 78 73 95 71 96 84 94 95 91 98 95 97 101 97 100 101 88 -34 -76 -85 -82 -81 -89 -77 -76 -61 -45 -46 -45 -43 -46 -52 -11 86 94 80 73 74 74 74 73 72 72 70 69 69 68 68 67 67 66 66 66 65 65 64 64 63 63 62 61 61 61 60 60 59 59 58 58 58 57 56 56 55 55 54 53 54 53 52 52 51 50 49 48 43 47 47 40 45 44 44 46 47 49 50 51 49 46 47 46 46 -21 -59 -53 -53 -55 -54 -54 -54 -54 -54 -54 -54 -54 -54 -54 -54 -54 -54 -54 -54 -54 -54 0
-54 -54 -54 -54 -54 -54 -54 -54 -54 -54 -54 -54 -54 -55 -54 -54 -56 -54 -34 -10 19 44 47 48 49 49 50 32 -16 -24 -25 -22 -22 -30 -41 -25 -26 -28 -27 -28 -28 -27 -27 -25 -26 -22 -3 22 60 83 88 88 88 89 90 91 92 93 94 95 97 98 101 45 65 49 68 64 59 78 64 74 85 104 103 85 87 99 98 101 99 76 89 88 87 92 91 95 96 95 98 98 100 101 102 102 103 103 104 103 104 105 103 105 105 106 105 103 103 102 100 99 97 99 97 100 60 -58 -64 -64 -67 -68 -82 -72 -59 -45 -44 -46 -47 -48 -51 -52 -59 -19 78 97 77 63 62 63 62 62 62 61 61 62 61 60 59 59 58 57 56 55 56 55 54 53 53 52 52 51 49 49 49 48 48 47 46 46 45 44 43 42 41 41 40 39 38 39 38 36 35 34 34 7 -3 -5 15 35 32 32 34 35 35 36 37 35 31 29 25 19 -33 -57 -53 -53 -55 -54 -54 -54 -54 -54 -54 -54 -54 -54 -54 -54 -54 -54 -54 -54 -54 -54 0
-54 -54 -54 -54 -54 -54 -54 -54 -54 -53 -53 -54 -55 -56 -53 -52 -53 -50 0 11 20 23 23 24 25 26 25 15 -12 -17 -19 -19 -19 -21 -43 -25 -20 -24 -28 -30 -32 -32 -35 -31 -25 -33 7 34 63 77 80 79 80 81 82 84 86 87 87 88 91 92 92 95 97 98 99 99 99 97 98 97 97 96 94 88 86 86 89 94 94 96 95 96 96 95 96 94 94 93 93 94 95 96 96 97 98 98 98 100 98 100 101 101 99 99 100 101 101 100 99 99 101 99 99 105 34 -56 -54 -59 -62 -64 -59 -52 -51 -47 -45 -46 -47 -50 -52 -55 -55 -62 -28 69 98 85 61 51 53 54 52 51 50 50 49 47 46 45 45 45 44 43 43 42 41 40 39 37 37 37 35 33 33 32 31 30 29 29 28 27 25 24 24 23 22 22 21 21 20 18 18 17 17 4 0 6 14 19 18 19 21 21 21 20 20 20 16 7 3 1 -45 -56 -53 -53 -55 -54 -54 -54 -54 -54 -54 -54 -54 -54 -54 -54 -54 -54 -54 -54 -54 -54 0
-55 -55 -55 -55 -55 -54 -54 -54 -54 -54 -54 -54 -54 -54 -54 -54 -55 -55 -58 -51 -38 -20 -6 -1 2 1 -2 -8 -13 -13 -16 -16 -15 -17 -27 -26 -23 -17 -18 -20 -21 -21 -26 -22 -16 -27 13 42 68 64 63 64 67 71 73 74 76 78 79 81 84 85 86 86 88 90 90 89 89 90 88 90 90 89 88 80 76 77 79 86 87 87 87 88 88 89 89 88 88 89 89 91 93 94 95 96 97 97 97 97 97 99 99 98 98 98 99 100 100 100 100 100 100 100 99 102 26 -49 -55 -57 -62 -80 -81 -66 -65 -59 -50 -47 -47 -51 -53 -53 -55 -56 -61 -32 60 96 93 70 44 35 34 34 32 32 34 41 45 42 32 25 25 23 21 21 22 22 20 19 20 19 19 18 17 16 16 15 14 14 13 12 12 11 11 11 11 11 10 11 10 9 9 9 8 9 11 11 11 11 9 8 10 9 9 7 5 5 2 -6 -4 -16 -53 -54 -54 -54 -54 -54 -54 -54 -54 -54 -54 -54 -54 -54 -54 -54 -54 -54 -54 -54 -54 -54 0
-55 -55 -55 -55 -55 -54 -54 -54 -54 -54 -54 -54 -54 -54 -54 -54 -55 -55 -56 -57 -60 -59 -53 -36 -18 -7 -4 -8 -12 -12 -15 -15 -15 -15 -15 -16 -20 -20 -16 -13 -13 -17 -19 -18 -13 -13 21 51 52 41 42 47 52 57 60 63 66 67 68 71 74 76 78 79 80 82 82 82 82 82 82 83 83 83 80 73 73 73 74 82 82 81 81 82 82 82 83 83 84 84 85 86 88 89 89 90 90 90 90 90 90 90 90 91 93 94 95 95 97 99 98 99 99 100 100 76 -5 -51 -55 -64 -78 -85 -94 -80 -83 -78 -66 -56 -51 -53 -55 -56 -56 -57 -59 -64 -39 48 86 97 90 71 58 49 53 62 70 79 93 101 98 88 88 86 74 51 26 10 10 10 8 10 9 10 9 8 8 7 7 7 7 6 6 5 6 6 6 6 5 5 4 4 4 4 5 5 4 4 5 5 3 1 1 -2 0 0 -4 -7 -7 -5 -8 -46 -56 -54 -54 -54 -54 -54 -54 -54 -54 -54 -54 -54 -54 -54 -54 -54 -54 -54 -54 -54 -54 -54 0
-55 -55 -55 -55 -54 -54 -54 -54 -54 -54 -54 -54 -54 -54 -54 -54 -54 -54 -52 -52 -54 -56 -55 -54 -55 -50 -38 -22 -11 -8 -8 -9 -12 -13 -12 -11 -13 -15 -15 -14 -13 -16 -14 -11 -4 7 17 21 21 26 30 34 39 42 47 51 53 55 58 60 63 66 67 69 70 72 71 73 73 73 74 75 75 75 75 58 50 48 62 76 76 76 76 76 76 76 77 77 78 79 80 80 80 81 79 80 80 81 80 80 80 80 85 90 90 90 90 91 93 96 96 97 98 99 97 38 -14 -59 -74 -81 -80 -80 -85 -76 -72 -59 -53 -59 -57 -55 -58 -58 -58 -60 -63 -65 -76 -57 26 68 68 64 68 71 78 83 94 112 123 125 127 127 127 127 127 126 112 56 7 7 5 5 4 4 3 3 3 2 2 3 3 2 2 1 1 1 1 2 1 0 0 -1 -1 -1 0 -1 -1 -2 -2 -2 -4 -5 -6 -7 -6 -6 -7 -9 -8 -11 -39 -55 -54 -54 -54 -54 -54 -54 -54 -54 -54 -54 -54 -54 -54 -54 -54 -54 -54 -54 -54 -54 -54 -54 0
-54 -54 -54 -54 -54 -53 -53 -53 -53 -54 -54 -54 -54 -54 -54 -54 -54 -54 -52 -51 -52 -53 -53 -53 -55 -58 -62 -58 -46 -30 -15 -6 -6 -8 -9 -13 -11 -11 -11 -13 -14 -12 -11 -8 -5 0 3 6 11 13 18 22 26 30 35 37 40 42 45 48 50 53 55 57 59 60 61 63 64 64 65 66 66 67 68 47 40 43 59 70 70 70 70 70 70 70 71 71 71 72 72 72 72 72 71 71 72 72 70 70 72 79 84 87 86 86 86 90 94 100 102 105 107 106 107 99 6 -78 -80 -80 -78 -73 -68 -62 -59 -56 -57 -61 -63 -61 -63 -65 -67 -69 -73 -74 -77 -85 -70 -13 -10 5 63 103 117 122 127 127 127 127 127 126 126 126 126 126 127 120 35 1 1 0 0 0 -1 -1 -1 -2 -1 -1 -2 -2 -3 -2 -3 -4 -4 -4 -5 -4 -4 -5 -6 -6 -5 -5 -6 -6 -6 -6 -7 -8 -8 -8 -9 -10 -9 -5 -15 -46 -57 -54 -54 -54 -54 -54 -54 -54 -54 -54 -54 -54 -54 -54 -54 -54 -54 -54 -54 -54 -54 -54 -54 -54 0
-53 -54 -53 -53 -53 -53 -53 -53 -53 -54 -54 -54 -54 -54 -55 -55 -55 -55 -55 -56 -55 -56 -54 -54 -54 -53 -53 -54 -56 -56 -53 -42 -27 -14 -9 -8 -8 -7 -9 -11 -11 -11 -10 -9 -8 -6 -3 0 2 5 8 12 15 20 23 26 29 32 35 38 39 41 43 45 47 49 50 52 53 54 56 57 58 59 59 61 63 63 62 61 62 63 63 63 63 63 63 64 64 64 63 63 64 63 62 62 62 61 60 67 77 79 79 80 81 84 88 92 95 102 100 102 103 102 107 40 -69 -74 -77 -73 -73 -75 -72 -72 -73 -74 -71 -71 -70 -69 -70 -71 -72 -74 -75 -76 -78 -79 -74 -48 -24 -13 77 127 126 127 127 127 127 127 127 127 126 126 126 126 126 127 73 -1 -4 -5 -5 -6 -6 -5 -5 -7 -6 -6 -6 -6 -6 -6 -7 -7 -7 -7 -7 -8 -7 -7 -7 -7 -7 -7 -8 -9 -8 -8 -8 -10 -9 -9 -9 -8 -8 -19 -47 -56 -55 -57 -56 -55 -55 -55 -55 -55 -55 -55 -55 -54 -54 -54 -55 -55 -54 -54 -54 -54 -54 -55 -55 -54 0
-51 -52 -52 -52 -52 -51 -51 -52 -52 -53 -53 -54 -54 -54 -54 -54 -54 -54 -55 -56 -55 -54 -54 -56 -55 -52 -50 -50 -52 -53 -55 -56 -56 -52 -40 -24 -10 -4 -4 -7 -8 -9 -10 -9 -9 -10 -8 -6 -6 -3 0 3 5 9 12 16 19 22 25 28 30 32 33 35 37 39 40 42 43 44 46 47 48 50 51 51 51 52 53 53 53 53 53 53 53 53 53 54 54 54 52 52 52 51 50 49 49 51 62 71 74 74 75 76 77 78 79 76 76 77 79 80 79 83 76 -33 -70 -73 -65 -62 -87 -107 -80 -72 -72 -72 -70 -68 -68 -67 -68 -69 -70 -73 -73 -74 -74 -73 -66 -44 -19 -21 -59 105 127 127 127 127 126 126 126 126 126 126 125 125 124 126 99 5 -10 -8 -8 -8 -8 -8 -9 -9 -9 -9 -9 -9 -9 -9 -9 -9 -9 -8 -8 -8 -8 -9 -9 -9 -9 -9 -9 -10 -9 -9 -9 -9 -9 -11 -7 -8 -29 -54 -55 -52 -53 -56 -55 -54 -54 -54 -54 -54 -54 -54 -54 -54 -54 -54 -54 -54 -54 -54 -54 -54 -54 -54 -54 -53 0
-51 -52 -51 -51 -51 -50 -51 -51 -51 -52 -52 -53 -53 -53 -54 -54 -54 -54 -53 -52 -53 -54 -54 -54 -55 -55 -55 -55 -53 -55 -55 -53 -53 -53 -56 -53 -48 -38 -22 -11 -5 -7 -9 -9 -10 -11 -9 -9 -9 -8 -6 -4 -2 0 2 5 8 12 16 19 20 22 24 26 28 30 31 33 35 35 36 38 38 39 39 39 40 41 41 41 42 42 42 42 42 42 42 41 41 41 40 40 39 38 38 40 46 56 67 68 69 71 71 73 73 73 73 73 73 73 75 74 75 75 33 -49 -59 -18 -16 -78 -80 -86 -84 -81 -80 -76 -64 -71 -70 -71 -72 -71 -71 -72 -72 -72 -71 -67 -63 -28 52 93 -42 43 127 127 126 127 125 124 123 121 122 122 121 121 120 122 113 20 -14 -10 -10 -10 -9 -10 -10 -10 -10 -9 -9 -9 -10 -9 -10 -8 -8 -8 -8 -9 -9 -9 -10 -10 -9 -9 -10 -10 -10 -9 -9 -9 -8 -8 -19 -42 -56 -53 -53 -56 -54 -53 -53 -54 -54 -54 -54 -54 -54 -54 -54 -53 -53 -53 -54 -54 -53 -53 -53 -53 -53 -53 -53 -52 0
-50 -51 -50 -50 -50 -50 -50 -50 -51 -51 -51 -52 -52 -52 -53 -52 -52 -53 -52 -52 -52 -53 -53 -52 -53 -53 -55 -54 -53 -53 -52 -51 -51 -51 -51 -51 -53 -55 -54 -47 -32 -20 -11 -7 -8 -8 -10 -11 -10 -8 -9 -9 -7 -5 -2 0 2 3 5 8 11 13 13 16 18 21 23 24 26 26 27 28 28 29 29 30 31 31 31 31 31 32 31 31 31 32 31 31 31 30 29 28 27 26 28 36 45 58 62 63 65 67 67 69 69 70 70 71 70 70 70 70 72 58 9 4 25 -7 -68 -79 -72 -74 -79 -76 -67 -50 -42 -63 -70 -70 -71 -71 -71 -71 -70 -70 -68 -64 -37 11 110 127 57 -1 126 125 124 123 122 121 118 116 116 116 116 116 115 117 116 33 -13 -11 -12 -12 -11 -11 -10 -10 -10 -10 -10 -10 -10 -10 -10 -10 -10 -10 -10 -8 -8 -9 -9 -9 -10 -10 -11 -11 -12 -11 -8 -6 -12 -34 -53 -55 -52 -51 -52 -53 -53 -51 -52 -53 -53 -53 -53 -53 -53 -53 -53 -52 -52 -52 -53 -53 -52 -52 -52 -52 -52 -51 -51 -51 0
-50 -50 -50 -50 -50 -50 -50 -50 -50 -51 -51 -51 -51 -51 -52 -52 -52 -52 -52 -52 -52 -52 -52 -52 -52 -52 -52 -51 -50 -50 -51 -51 -50 -50 -51 -51 -51 -51 -51 -53 -55 -54 -47 -33 -17 -11 -8 -8 -7 -8 -8 -9 -9 -9 -7 -5 -3 -1 2 3 2 4 5 7 10 12 14 16 17 17 18 18 19 19 20 21 21 22 22 22 22 22 22 22 22 23 22 21 19 19 18 16 15 16 26 31 37 47 51 54 58 64 65 66 66 66 67 67 67 67 66 66 67 65 68 41 -45 -80 -74 -68 -68 -71 -66 -57 -50 -47 -42 -46 -66 -66 -66 -66 -67 -65 -65 -66 -69 -65 4 24 115 127 115 9 113 120 118 117 115 113 111 110 110 110 110 110 108 110 111 38 -10 -8 -8 -8 -8 -8 -9 -9 -9 -9 -8 -7 -8 -8 -8 -9 -9 -9 -9 -9 -9 -9 -10 -11 -11 -11 -8 -6 -7 -9 -18 -35 -50 -54 -51 -52 -53 -52 -52 -52 -52 -52 -52 -52 -52 -52 -52 -52 -52 -52 -52 -52 -52 -52 -52 -52 -52 -52 -51 -51 -51 -51 -51 -50 0
-50 -50 -50 -50 -50 -50 -50 -50 -50 -50 -50 -50 -50 -50 -51 -51 -51 -51 -51 -51 -51 -51 -51 -51 -51 -51 -51 -51 -50 -50 -51 -51 -50 -50 -51 -51 -51 -50 -51 -52 -52 -53 -54 -54 -53 -44 -30 -16 -9 -6 -7 -8 -9 -11 -12 -13 -10 -7 -3 -2 -5 -2 1 4 4 2 5 7 8 8 9 9 10 11 11 11 11 12 13 13 13 13 13 13 13 13 13 11 9 9 8 7 10 19 24 25 29 31 36 40 44 50 57 59 59 60 61 60 61 61 61 60 60 64 29 -53 -74 -67 -65 -65 -68 -64 -59 -58 -57 -54 -50 -46 -52 -78 -84 -72 -72 -77 -84 -91 -99 -82 -23 10 123 127 127 33 90 114 110 109 106 105 103 102 103 103 102 102 101 102 105 40 -9 -5 -5 -5 -5 -7 -7 -7 -7 -7 -7 -7 -8 -8 -7 -7 -7 -7 -7 -9 -10 -10 -10 -10 -9 -5 -4 -10 -23 -39 -50 -56 -54 -52 -50 -51 -52 -52 -51 -51 -51 -51 -51 -51 -51 -51 -51 -51 -51 -51 -51 -51 -51 -51 -51 -51 -51 -51 -50 -50 -50 -50 -50 -50 0
-50 -50 -50 -50 -50 -50 -50 -50 -50 -50 -50 -50 -50 -50 -51 -51 -51 -51 -51 -51 -51 -51 -51 -51 -51 -51 -51 -51 -50 -50 -51 -51 -50 -50 -51 -51 -51 -51 -51 -51 -51 -51 -49 -49 -51 -51 -53 -52 -44 -34 -22 -11 -7 -8 -8 -10 -11 -11 -10 -9 -10 -8 -6 -4 -5 -5 -4 -2 -2 -2 0 0 0 1 1 1 1 1 2 3 2 3 3 2 3 3 2 2 1 0 -2 3 12 14 16 17 19 20 22 25 27 31 39 41 42 43 43 43 43 43 44 44 45 18 -55 -66 -61 -61 -63 -63 -59 -61 -62 -60 -57 -54 -52 -49 -50 -57 -96 -102 -105 -113 -116 -114 -107 -113 -98 12 127 127 126 41 70 107 102 101 100 99 95 91 90 90 91 91 93 93 94 34 -11 -10 -10 -10 -10 -10 -10 -10 -10 -10 -10 -10 -10 -10 -9 -7 -8 -8 -8 -7 -7 -6 -7 -9 -15 -26 -37 -49 -55 -53 -50 -46 -46 -50 -50 -50 -51 -51 -51 -51 -51 -51 -51 -51 -51 -51 -51 -51 -51 -51 -51 -51 -51 -51 -51 -51 -51 -51 -50 -50 -50 -50 -50 -50 0
-50 -50 -50 -50 -50 -49 -49 -50 -50 -50 -50 -50 -50 -50 -50 -50 -50 -50 -50 -50 -50 -50 -50 -50 -50 -50 -50 -50 -50 -50 -50 -50 -50 -50 -50 -50 -50 -50 -50 -50 -51 -50 -49 -49 -50 -50 -53 -53 -54 -54 -52 -46 -33 -20 -10 -5 -6 -7 -10 -12 -12 -12 -12 -12 -10 -8 -8 -8 -8 -9 -8 -9 -9 -9 -8 -8 -8 -8 -7 -7 -7 -7 -7 -6 -6 -7 -7 -8 -10 -10 -8 1 6 6 6 8 9 11 12 15 18 23 26 29 30 30 29 30 30 30 30 30 32 -19 -57 -58 -61 -62 -60 -57 -52 -52 -54 -51 -51 -51 -50 -50 -48 -45 -47 -48 -49 -57 -66 -54 -89 -128 -93 6 115 102 95 26 50 98 93 93 91 90 84 79 77 78 78 77 80 79 81 25 -10 -8 -9 -8 -8 -8 -8 -9 -10 -10 -11 -13 -14 -16 -18 -19 -22 -23 -26 -27 -30 -35 -39 -44 -50 -54 -54 -54 -51 -50 -48 -48 -47 -50 -51 -50 -50 -50 -50 -50 -50 -50 -50 -51 -51 -50 -50 -50 -50 -50 -50 -50 -50 -50 -50 -50 -50 -50 -50 -50 -50 -50 -50 -50 0
-49 -49 -49 -49 -49 -49 -49 -50 -50 -50 -50 -50 -50 -50 -50 -50 -50 -50 -51 -51 -51 -51 -51 -51 -51 -51 -51 -51 -50 -50 -50 -50 -50 -50 -50 -50 -50 -50 -50 -50 -50 -52 -52 -52 -52 -52 -52 -50 -49 -48 -48 -51 -53 -52 -46 -37 -23 -14 -8 -7 -8 -8 -10 -12 -9 -8 -8 -8 -9 -11 -11 -10 -11 -11 -12 -12 -12 -11 -10 -10 -10 -11 -11 -12 -12 -12 -12 -13 -15 -15 -12 -5 -5 -5 -23 -14 -6 -7 1 2 6 11 13 15 16 18 18 18 19 19 20 19 27 -20 -56 -56 -52 -43 -42 -43 -45 -46 -46 -44 -41 -39 -38 -38 -35 -31 -28 -25 -22 -20 -21 -72 -111 -110 -91 -21 65 55 46 -1 31 83 78 77 76 74 71 64 62 63 62 61 63 62 66 12 -37 -34 -35 -36 -38 -39 -38 -40 -42 -42 -45 -47 -48 -49 -50 -50 -52 -53 -54 -54 -53 -52 -52 -51 -49 -49 -50 -51 -50 -50 -51 -53 -54 -51 -51 -51 -50 -50 -51 -51 -51 -51 -50 -51 -51 -50 -50 -50 -50 -50 -50 -50 -50 -50 -50 -50 -50 -50 -50 -50 -50 -50 -50 -50 0
-49 -49 -49 -49 -49 -48 -48 -49 -49 -50 -50 -50 -50 -50 -49 -49 -49 -49 -50 -51 -51 -51 -51 -51 -51 -51 -51 -51 -50 -50 -50 -50 -50 -50 -50 -50 -50 -51 -50 -50 -50 -51 -52 -52 -52 -52 -49 -49 -48 -49 -50 -50 -50 -49 -52 -54 -53 -50 -42 -27 -16 -8 -6 -5 -8 -9 -9 -10 -10 -9 -9 -10 -9 -10 -10 -10 -11 -11 -11 -11 -10 -11 -11 -11 -11 -11 -11 -12 -13 -17 -16 -15 -12 -11 -34 -19 -29 -37 -10 -10 -6 -3 -1 -3 -2 1 2 2 3 3 3 5 -5 -36 -44 -39 -32 -30 -30 -32 -33 -33 -32 -32 -34 -31 -29 -31 -31 -26 -24 -23 -21 -27 -87 -111 -103 -101 -94 -47 14 8 3 -32 12 65 60 60 60 58 56 47 45 45 45 44 43 43 48 -5 -54 -53 -53 -54 -52 -50 -50 -51 -50 -50 -49 -49 -49 -49 -49 -49 -50 -50 -49 -49 -49 -49 -49 -49 -47 -48 -49 -51 -51 -51 -51 -52 -52 -52 -51 -51 -50 -50 -51 -51 -51 -51 -50 -51 -51 -50 -50 -50 -50 -50 -50 -50 -50 -50 -50 -50 -49 -49 -49 -49 -49 -49 -49 -49 0
-48 -48 -48 -48 -48 -48 -48 -48 -48 -48 -49 -49 -49 -48 -48 -48 -48 -48 -49 -50 -50 -50 -50 -50 -50 -50 -50 -50 -49 -49 -49 -49 -50 -50 -49 -49 -50 -51 -50 -51 -50 -49 -48 -48 -48 -48 -50 -50 -51 -52 -52 -52 -51 -49 -50 -49 -49 -49 -51 -53 -52 -45 -35 -21 -12 -8 -6 -7 -8 -7 -8 -8 -8 -8 -9 -9 -9 -9 -10 -10 -9 -9 -10 -10 -10 -9 -9 -10 -10 -15 -14 -12 -13 -12 -12 -12 -18 -18 -13 -14 -12 -11 -11 -14 -14 -13 -13 -13 -14 -14 -14 -14 -17 -19 -22 -24 -24 -22 -21 -25 -27 -26 -26 -25 -26 -25 -25 -25 -23 -22 -21 -19 -16 -21 -69 -101 -106 -108 -98 -69 -28 -32 -32 -57 -8 42 37 36 36 35 33 26 24 24 24 24 22 22 25 -21 -53 -50 -51 -50 -49 -49 -51 -52 -52 -51 -50 -50 -51 -51 -51 -50 -50 -50 -50 -50 -51 -52 -51 -51 -52 -51 -50 -49 -48 -48 -48 -49 -49 -51 -51 -51 -50 -50 -51 -51 -51 -51 -50 -51 -51 -50 -50 -49 -49 -49 -49 -49 -49 -49 -49 -49 -48 -48 -48 -48 -48 -48 -48 -48 0
-48 -48 -49 -49 -49 -49 -49 -48 -48 -48 -48 -48 -48 -48 -48 -48 -48 -49 -48 -48 -48 -49 -49 -48 -48 -48 -48 -49 -49 -49 -49 -49 -50 -50 -49 -49 -49 -49 -50 -50 -50 -49 -49 -49 -48 -49 -49 -49 -49 -50 -50 -50 -50 -49 -49 -49 -49 -50 -49 -50 -51 -52 -52 -50 -45 -36 -27 -21 -16 -16 -12 -10 -10 -10 -10 -10 -10 -11 -9 -10 -11 -13 -14 -15 -17 -20 -21 -22 -23 -26 -29 -29 -25 -21 -19 -19 -15 -13 -14 -14 -14 -15 -16 -18 -21 -22 -23 -25 -27 -29 -30 -32 -33 -33 -33 -39 -52 -55 -53 -17 -16 -16 -16 -13 -12 -11 -10 -11 -10 -13 -16 -14 -6 -20 -47 -55 -89 -117 -105 -79 -43 -50 -48 -71 -22 20 17 17 15 15 15 13 13 13 13 14 11 13 10 -29 -50 -49 -50 -50 -50 -50 -50 -50 -50 -50 -49 -49 -50 -50 -50 -50 -50 -50 -50 -49 -49 -49 -50 -50 -50 -50 -50 -49 -49 -49 -49 -49 -49 -49 -49 -50 -50 -50 -50 -50 -50 -50 -50 -50 -50 -50 -50 -48 -48 -48 -48 -48 -48 -48 -48 -48 -48 -48 -48 -48 -48 -49 -49 -48 0
-47 -47 -48 -48 -48 -48 -48 -48 -48 -48 -48 -48 -48 -48 -48 -48 -48 -49 -48 -48 -48 -48 -48 -49 -49 -49 -49 -49 -49 -49 -49 -49 -49 -49 -49 -49 -49 -49 -49 -49 -49 -49 -49 -49 -48 -48 -48 -48 -48 -48 -48 -49 -49 -49 -49 -49 -49 -49 -49 -49 -49 -49 -48 -49 -50 -53 -54 -53 -52 -48 -45 -43 -41 -41 -41 -41 -40 -40 -39 -42 -44 -46 -46 -45 -46 -47 -48 -49 -50 -50 -51 -51 -48 -48 -48 -47 -47 -47 -46 -45 -45 -43 -44 -45 -46 -46 -46 -47 -47 -48 -48 -49 -49 -49 -49 -77 -96 -103 -81 -6 -5 -4 -3 -2 -4 -4 -2 -4 -4 -8 -10 -8 -5 -31 -53 -46 -65 -122 -105 -72 -42 -45 -49 -77 -24 13 10 10 8 8 7 8 9 9 10 11 7 9 5 -36 -48 -49 -49 -49 -49 -48 -48 -48 -49 -49 -48 -48 -49 -49 -49 -49 -49 -49 -49 -48 -48 -48 -48 -48 -49 -49 -49 -49 -49 -49 -49 -49 -49 -48 -48 -49 -49 -49 -49 -49 -49 -49 -49 -49 -49 -49 -49 -49 -49 -49 -49 -48 -48 -48 -48 -48 -48 -48 -49 -49 -49 -48 -48 -49 0
-46 -46 -47 -47 -47 -47 -47 -47 -47 -47 -47 -47 -47 -47 -47 -47 -47 -48 -48 -47 -47 -48 -48 -48 -48 -48 -48 -48 -47 -47 -47 -47 -47 -47 -47 -47 -47 -47 -47 -47 -47 -47 -47 -47 -48 -48 -48 -48 -48 -48 -48 -47 -47 -47 -47 -47 -47 -47 -47 -47 -47 -47 -48 -48 -47 -48 -50 -50 -49 -46 -47 -48 -47 -47 -47 -47 -47 -47 -47 -47 -47 -48 -46 -45 -46 -46 -47 -45 -44 -43 -44 -45 -45 -45 -46 -47 -46 -47 -48 -46 -47 -47 -48 -47 -47 -47 -46 -46 -47 -47 -47 -47 -46 -48 -46 -76 -118 -122 -61 -9 -10 -9 -9 -8 -10 -10 -10 -14 -13 -10 -9 -7 -11 -42 -52 -50 -52 -90 -98 -70 -55 -55 -59 -85 -22 6 3 4 4 4 2 5 4 4 5 4 2 3 -1 -41 -48 -47 -47 -47 -47 -48 -48 -48 -47 -47 -48 -48 -47 -47 -47 -47 -47 -47 -47 -48 -48 -48 -48 -48 -47 -47 -47 -47 -47 -47 -47 -47 -47 -48 -48 -47 -47 -47 -47 -47 -47 -47 -47 -47 -47 -47 -47 -48 -48 -48 -48 -47 -47 -47 -47 -47 -47 -47 -47 -47 -47 -47 -47 -47 0
-45 -45 -46 -46 -46 -46 -46 -46 -46 -46 -46 -47 -47 -47 -47 -47 -47 -48 -47 -46 -47 -47 -47 -47 -47 -47 -47 -47 -47 -47 -47 -47 -47 -47 -47 -47 -47 -47 -47 -47 -47 -47 -47 -47 -48 -48 -48 -48 -48 -48 -48 -47 -47 -47 -47 -47 -47 -47 -47 -47 -47 -47 -48 -48 -45 -44 -44 -45 -45 -48 -48 -46 -47 -48 -46 -46 -47 -47 -48 -47 -48 -49 -49 -49 -49 -49 -50 -48 -47 -47 -47 -48 -47 -49 -49 -50 -50 -49 -49 -49 -49 -49 -50 -50 -50 -50 -50 -50 -51 -51 -50 -49 -49 -50 -49 -56 -109 -107 -30 -12 -14 -14 -13 -13 -10 -9 -10 -10 -12 -15 -18 -29 -42 -49 -49 -45 -47 -46 -61 -63 -68 -76 -83 -90 -17 -2 -2 -1 -1 -1 -3 1 -1 -1 -3 -6 -3 -3 -12 -46 -47 -47 -47 -47 -47 -48 -48 -48 -47 -47 -48 -48 -47 -47 -47 -47 -47 -47 -47 -48 -48 -48 -48 -48 -47 -47 -47 -47 -47 -47 -47 -47 -47 -48 -48 -47 -47 -47 -47 -47 -47 -47 -47 -47 -47 -47 -47 -47 -47 -47 -47 -47 -47 -47 -47 -47 -47 -47 -46 -45 -45 -46 -46 -46 0
-45 -45 -45 -45 -45 -44 -44 -44 -44 -45 -45 -46 -46 -46 -47 -47 -46 -46 -45 -45 -45 -45 -45 -47 -47 -46 -46 -46 -47 -47 -47 -47 -47 -47 -47 -47 -47 -47 -47 -47 -47 -47 -47 -47 -47 -47 -47 -47 -47 -47 -47 -47 -47 -47 -47 -46 -46 -46 -46 -46 -46 -46 -46 -46 -47 -47 -46 -46 -46 -49 -49 -49 -49 -49 -49 -49 -48 -48 -48 -49 -49 -49 -48 -46 -46 -46 -46 -49 -49 -50 -50 -49 -44 -44 -46 -46 -48 -49 -49 -49 -48 -47 -46 -46 -46 -46 -47 -47 -46 -46 -46 -46 -46 -46 -44 -44 -65 -52 -21 -16 -12 -9 -8 -9 -7 -6 -7 -8 -9 -13 -25 -34 -44 -47 -47 -45 -46 -44 -44 -50 -80 -109 -110 -87 -11 -7 -7 -6 -6 -7 -7 -5 -6 -7 -9 -13 -8 -9 -25 -48 -48 -47 -47 -47 -47 -47 -47 -47 -47 -47 -46 -46 -46 -46 -46 -46 -46 -46 -46 -47 -47 -47 -47 -47 -47 -47 -47 -47 -47 -47 -47 -46 -46 -47 -47 -47 -47 -47 -47 -47 -47 -47 -46 -46 -47 -47 -47 -46 -46 -47 -47 -47 -47 -47 -46 -46 -46 -46 -46 -46 -45 -44 -44 -45 0
-44 -44 -44 -44 -44 -44 -44 -44 -44 -46 -46 -45 -45 -45 -46 -46 -45 -45 -46 -46 -46 -46 -46 -46 -46 -45 -45 -45 -46 -46 -46 -46 -46 -46 -46 -46 -46 -46 -46 -46 -46 -46 -46 -46 -46 -46 -46 -46 -46 -46 -46 -46 -46 -46 -46 -45 -45 -45 -45 -45 -45 -45 -45 -45 -47 -47 -46 -46 -45 -44 -44 -44 -45 -45 -45 -45 -45 -45 -45 -44 -44 -44 -44 -45 -45 -45 -44 -44 -45 -44 -45 -45 -43 -43 -44 -44 -44 -43 -44 -43 -43 -44 -43 -44 -43 -44 -44 -45 -44 -44 -45 -44 -44 -44 -42 -40 -46 -44 -44 -44 -38 -34 -30 -27 -23 -22 -24 -27 -29 -34 -39 -42 -44 -43 -46 -45 -46 -42 -43 -44 -65 -124 -126 -69 -8 -11 -11 -10 -10 -10 -9 -8 -10 -15 -14 -13 -9 -13 -38 -46 -47 -46 -46 -46 -46 -46 -46 -46 -46 -46 -45 -45 -45 -45 -45 -45 -45 -45 -45 -46 -46 -46 -46 -46 -46 -46 -46 -46 -46 -46 -46 -45 -45 -46 -46 -46 -46 -46 -46 -46 -46 -46 -45 -45 -46 -46 -46 -45 -45 -46 -46 -46 -46 -46 -45 -45 -45 -45 -45 -45 -45 -45 -45 -44 0
-42 -42 -42 -42 -42 -43 -43 -43 -43 -45 -45 -45 -45 -45 -46 -46 -45 -45 -45 -45 -45 -45 -45 -46 -46 -45 -45 -45 -46 -46 -46 -46 -46 -46 -46 -46 -46 -46 -46 -46 -46 -46 -46 -46 -46 -46 -45 -45 -46 -46 -46 -46 -46 -46 -46 -45 -44 -44 -44 -44 -44 -44 -44 -44 -44 -43 -44 -45 -45 -43 -43 -43 -44 -44 -44 -44 -44 -44 -44 -43 -44 -43 -44 -46 -46 -46 -46 -46 -45 -44 -44 -44 -46 -46 -46 -46 -45 -44 -44 -44 -44 -46 -46 -46 -46 -46 -46 -46 -46 -46 -47 -46 -45 -46 -46 -45 -45 -42 -44 -46 -45 -46 -46 -48 -46 -45 -45 -46 -47 -44 -46 -45 -44 -44 -46 -43 -47 -46 -44 -41 -48 -100 -106 -34 -11 -12 -12 -13 -13 -12 -11 -11 -11 -13 -16 -26 -41 -47 -45 -42 -46 -46 -46 -46 -46 -46 -46 -46 -46 -46 -44 -44 -44 -44 -44 -44 -44 -44 -44 -46 -46 -46 -46 -46 -46 -46 -46 -46 -46 -46 -46 -45 -45 -45 -45 -46 -46 -46 -46 -46 -46 -46 -45 -45 -46 -46 -46 -45 -45 -46 -46 -46 -46 -46 -45 -45 -45 -45 -45 -45 -45 -44 -44 -44 0
-41 -41 -41 -41 -41 -42 -42 -42 -42 -42 -43 -43 -44 -44 -44 -44 -44 -44 -44 -43 -43 -43 -44 -44 -44 -44 -44 -44 -45 -45 -44 -44 -45 -45 -44 -44 -44 -45 -45 -44 -44 -44 -44 -44 -44 -44 -44 -44 -44 -44 -44 -44 -44 -44 -44 -43 -43 -43 -43 -43 -43 -43 -43 -43 -43 -43 -43 -44 -44 -44 -45 -45 -45 -45 -45 -45 -45 -45 -45 -44 -45 -45 -44 -43 -43 -43 -43 -44 -44 -44 -44 -44 -44 -44 -43 -42 -43 -45 -45 -45 -44 -44 -44 -44 -44 -44 -43 -43 -43 -43 -44 -43 -43 -43 -45 -47 -44 -42 -44 -44 -42 -43 -44 -43 -42 -42 -43 -44 -43 -42 -44 -44 -44 -45 -44 -41 -45 -47 -45 -41 -46 -53 -48 -28 -18 -12 -10 -11 -11 -11 -11 -11 -10 -13 -16 -28 -36 -41 -45 -41 -45 -45 -45 -44 -44 -44 -44 -44 -44 -44 -43 -43 -43 -43 -43 -43 -43 -43 -43 -44 -44 -44 -44 -44 -44 -44 -44 -44 -44 -44 -44 -44 -44 -45 -44 -44 -43 -44 -44 -44 -44 -44 -44 -44 -44 -44 -44 -44 -44 -44 -45 -44 -43 -43 -44 -44 -43 -44 -44 -44 -42 -42 -42 -42 0
-41 -41 -42 -42 -42 -41 -41 -41 -41 -41 -41 -41 -41 -41 -42 -42 -42 -42 -42 -42 -42 -42 -42 -43 -43 -43 -43 -43 -43 -43 -43 -43 -43 -43 -43 -43 -43 -43 -43 -43 -43 -43 -43 -43 -42 -42 -43 -43 -43 -43 -43 -43 -43 -43 -43 -43 -43 -43 -43 -43 -43 -43 -43 -43 -43 -43 -43 -43 -43 -42 -42 -43 -43 -43 -42 -42 -43 -43 -43 -43 -43 -43 -43 -43 -43 -44 -44 -43 -43 -43 -43 -43 -43 -43 -43 -43 -42 -42 -43 -43 -43 -43 -43 -43 -43 -43 -43 -43 -43 -43 -43 -43 -43 -43 -43 -43 -43 -43 -43 -43 -43 -43 -42 -42 -42 -42 -43 -43 -43 -43 -43 -43 -43 -43 -43 -43 -43 -43 -42 -42 -42 -41 -43 -44 -41 -39 -34 -32 -29 -27 -27 -25 -27 -33 -36 -39 -41 -44 -43 -43 -43 -43 -43 -43 -43 -43 -43 -43 -43 -43 -43 -43 -43 -43 -43 -43 -43 -43 -43 -43 -43 -43 -43 -43 -43 -43 -43 -43 -43 -43 -43 -42 -42 -42 -42 -42 -42 -42 -43 -43 -43 -43 -43 -43 -43 -43 -43 -42 -42 -41 -41 -42 -42 -42 -41 -41 -41 -41 -41 -41 -41 -41 -41 -41 0
-41 -41 -41 -41 -41 -40 -40 -40 -40 -40 -40 -40 -40 -40 -41 -41 -42 -42 -41 -41 -41 -41 -41 -42 -42 -42 -42 -42 -42 -42 -42 -42 -42 -42 -42 -42 -42 -42 -42 -42 -42 -42 -42 -42 -42 -42 -42 -42 -42 -42 -42 -42 -42 -42 -42 -42 -42 -42 -42 -42 -42 -42 -42 -42 -42 -42 -42 -42 -42 -42 -42 -42 -42 -42 -42 -42 -42 -42 -42 -42 -42 -42 -42 -42 -42 -43 -43 -42 -42 -42 -42 -42 -42 -42 -42 -42 -42 -42 -42 -42 -42 -42 -42 -42 -42 -42 -42 -42 -42 -42 -42 -42 -42 -42 -42 -42 -42 -42 -42 -43 -43 -43 -42 -42 -42 -42 -42 -42 -42 -42 -42 -42 -42 -42 -42 -42 -42 -42 -41 -41 -41 -41 -40 -41 -41 -43 -43 -41 -41 -41 -40 -41 -43 -43 -41 -40 -42 -43 -42 -42 -42 -42 -42 -42 -42 -42 -42 -42 -42 -42 -42 -42 -43 -43 -43 -42 -42 -42 -42 -42 -42 -42 -42 -42 -42 -42 -42 -42 -42 -42 -42 -42 -42 -41 -41 -41 -41 -41 -42 -42 -42 -42 -42 -42 -42 -42 -42 -41 -41 -41 -41 -41 -41 -41 -40 -40 -40 -40 -40 -40 -40 -40 -40 -40 0
-40 -40 -41 -41 -41 -40 -40 -39 -39 -40 -40 -40 -40 -40 -41 -41 -39 -39 -40 -40 -40 -40 -40 -41 -41 -41 -41 -41 -41 -41 -41 -41 -41 -41 -41 -41 -41 -41 -41 -41 -41 -41 -41 -41 -41 -41 -41 -41 -41 -41 -41 -41 -41 -41 -41 -41 -41 -41 -41 -41 -41 -41 -41 -41 -41 -41 -41 -41 -41 -41 -41 -41 -41 -41 -41 -41 -41 -41 -41 -41 -41 -41 -41 -41 -41 -41 -41 -41 -41 -41 -41 -41 -41 -41 -41 -41 -42 -42 -41 -41 -41 -41 -41 -41 -41 -41 -41 -41 -41 -41 -42 -42 -42 -41 -41 -41 -41 -41 -41 -42 -42 -42 -41 -41 -41 -41 -41 -41 -41 -41 -41 -41 -41 -41 -41 -41 -41 -41 -40 -40 -40 -40 -39 -39 -39 -40 -41 -42 -41 -41 -41 -40 -40 -40 -38 -37 -40 -41 -41 -41 -41 -41 -41 -41 -41 -41 -41 -41 -41 -41 -41 -41 -42 -42 -42 -41 -41 -41 -41 -41 -41 -41 -41 -41 -41 -41 -41 -41 -41 -41 -41 -41 -41 -40 -40 -40 -40 -40 -41 -41 -41 -41 -41 -41 -41 -41 -41 -40 -40 -39 -39 -40 -40 -40 -40 -40 -39 -39 -40 -40 -40 -40 -40 -39 0
-38 -38 -39 -39 -39 -39 -39 -39 -39 -39 -39 -39 -39 -39 -39 -39 -39 -39 -39 -39 -39 -39 -39 -39 -39 -39 -39 -39 -39 -39 -39 -39 -39 -39 -39 -39 -39 -39 -39 -39 -39 -39 -39 -39 -40 -40 -39 -39 -39 -39 -39 -39 -39 -39 -39 -39 -39 -39 -39 -39 -39 -39 -39 -39 -39 -39 -39 -39 -39 -40 -40 -39 -39 -39 -40 -40 -39 -39 -39 -39 -39 -39 -39 -39 -39 -40 -40 -39 -39 -39 -39 -39 -39 -39 -39 -39 -40 -40 -39 -39 -39 -39 -39 -39 -39 -39 -39 -39 -39 -39 -40 -39 -40 -39 -39 -39 -39 -39 -39 -40 -40 -40 -40 -40 -40 -40 -39 -39 -39 -39 -39 -39 -39 -39 -39 -39 -39 -39 -39 -39 -39 -39 -39 -39 -39 -38 -38 -40 -41 -41 -41 -41 -41 -41 -41 -42 -40 -40 -39 -39 -39 -39 -39 -39 -39 -39 -39 -39 -39 -39 -39 -39 -40 -40 -40 -39 -39 -39 -39 -39 -39 -39 -39 -39 -39 -39 -39 -39 -39 -39 -39 -40 -40 -39 -39 -39 -39 -39 -39 -39 -39 -39 -39 -39 -39 -39 -39 -39 -39 -39 -39 -39 -39 -39 -39 -39 -39 -39 -39 -39 -39 -39 -39 -39 0
-36 -36 -37 -37 -37 -37 -37 -38 -38 -38 -38 -38 -38 -38 -37 -37 -37 -37 -38 -38 -38 -39 -39 -38 -38 -38 -38 -38 -38 -38 -38 -38 -38 -38 -38 -38 -38 -38 -38 -38 -38 -38 -38 -38 -38 -38 -38 -38 -38 -38 -38 -38 -38 -38 -38 -38 -38 -38 -38 -38 -38 -38 -38 -38 -38 -38 -38 -38 -38 -38 -38 -38 -38 -38 -38 -38 -38 -38 -38 -38 -38 -38 -38 -38 -38 -38 -38 -38 -38 -38 -38 -38 -38 -38 -38 -38 -38 -38 -38 -38 -38 -38 -38 -38 -38 -38 -38 -38 -38 -38 -38 -38 -38 -38 -38 -38 -38 -38 -38 -38 -38 -38 -38 -38 -38 -38 -38 -38 -38 -38 -38 -38 -38 -38 -38 -38 -38 -38 -39 -39 -39 -39 -40 -40 -40 -38 -38 -37 -36 -37 -37 -36 -37 -37 -39 -39 -39 -38 -38 -38 -38 -38 -38 -38 -38 -38 -38 -38 -38 -38 -38 -38 -38 -38 -38 -38 -38 -38 -38 -38 -38 -38 -38 -38 -38 -38 -38 -38 -38 -38 -38 -38 -38 -39 -39 -39 -39 -39 -38 -38 -38 -38 -38 -38 -38 -38 -38 -39 -39 -39 -38 -38 -38 -38 -38 -38 -38 -38 -38 -38 -38 -38 -38 -38 0
-34 -34 -35 -35 -35 -36 -36 -37 -37 -37 -37 -37 -37 -37 -36 -36 -36 -36 -37 -37 -37 -38 -38 -37 -37 -37 -37 -37 -37 -37 -37 -37 -37 -37 -37 -37 -37 -37 -37 -37 -37 -37 -37 -37 -37 -37 -37 -37 -37 -37 -37 -37 -37 -37 -37 -37 -37 -37 -37 -37 -37 -37 -37 -37 -37 -37 -37 -37 -37 -37 -37 -37 -37 -37 -37 -37 -37 -37 -37 -37 -37 -37 -37 -37 -37 -37 -37 -37 -37 -37 -37 -37 -37 -37 -37 -37 -37 -37 -37 -37 -37 -37 -37 -37 -37 -37 -37 -37 -37 -37 -37 -37 -37 -37 -37 -37 -37 -37 -37 -37 -37 -37 -37 -37 -37 -37 -37 -37 -37 -37 -37 -37 -37 -37 -37 -37 -37 -37 -38 -38 -38 -38 -38 -39 -38 -38 -37 -37 -37 -38 -38 -36 -34 -34 -35 -35 -37 -37 -37 -37 -37 -37 -37 -37 -37 -37 -37 -37 -37 -37 -37 -37 -37 -37 -37 -37 -37 -37 -37 -37 -37 -37 -37 -37 -37 -37 -37 -37 -37 -37 -37 -37 -37 -38 -38 -38 -38 -38 -37 -37 -37 -37 -37 -37 -37 -37 -37 -38 -38 -38 -37 -37 -37 -37 -37 -37 -37 -37 -37 -37 -37 -37 -37 -37 0
-34 -34 -34 -34 -34 -35 -35 -36 -36 -36 -36 -36 -36 -36 -35 -35 -35 -35 -36 -36 -36 -37 -37 -36 -36 -36 -36 -36 -36 -36 -36 -36 -36 -36 -36 -36 -36 -36 -36 -36 -36 -36 -36 -36 -36 -36 -36 -36 -36 -36 -36 -36 -36 -36 -36 -36 -36 -36 -36 -36 -36 -36 -36 -36 -36 -36 -36 -36 -36 -36 -36 -36 -36 -36 -36 -36 -36 -36 -36 -36 -36 -36 -36 -36 -36 -36 -36 -36 -36 -36 -36 -36 -36 -36 -36 -36 -36 -36 -36 -36 -36 -36 -36 -36 -36 -36 -36 -36 -36 -36 -36 -36 -36 -36 -36 -36 -36 -36 -36 -36 -36 -36 -36 -36 -36 -36 -36 -36 -36 -36 -36 -36 -36 -36 -36 -36 -36 -36 -37 -37 -37 -37 -36 -36 -36 -37 -37 -37 -37 -37 -36 -37 -37 -37 -36 -36 -36 -36 -36 -36 -36 -36 -36 -36 -36 -36 -36 -36 -36 -36 -36 -36 -36 -36 -36 -36 -36 -36 -36 -36 -36 -36 -36 -36 -36 -36 -36 -36 -36 -36 -36 -36 -36 -37 -37 -37 -37 -37 -36 -36 -36 -36 -36 -36 -36 -36 -36 -37 -37 -37 -36 -36 -36 -36 -36 -36 -36 -36 -36 -36 -36 -36 -36 -36 0
-33 -33 -33 -33 -34 -34 -34 -35 -35 -35 -35 -36 -36 -36 -35 -35 -36 -36 -36 -36 -36 -36 -36 -36 -36 -36 -36 -36 -36 -36 -36 -36 -36 -36 -36 -36 -36 -36 -36 -36 -36 -36 -36 -36 -36 -36 -36 -36 -36 -36 -36 -36 -36 -36 -36 -36 -36 -36 -36 -36 -36 -36 -36 -36 -36 -36 -36 -36 -36 -36 -36 -36 -36 -36 -36 -36 -36 -36 -36 -36 -36 -36 -36 -36 -36 -36 -36 -36 -36 -36 -36 -36 -36 -36 -36 -36 -36 -36 -36 -36 -36 -36 -36 -36 -36 -36 -36 -36 -36 -36 -36 -36 -36 -36 -36 -36 -36 -36 -36 -36 -36 -36 -36 -36 -36 -36 -36 -36 -36 -36 -36 -36 -36 -36 -36 -36 -36 -36 -36 -36 -36 -36 -36 -36 -36 -36 -36 -36 -35 -36 -35 -36 -36 -36 -36 -36 -36 -36 -36 -36 -36 -36 -36 -36 -36 -36 -36 -36 -36 -36 -36 -36 -36 -36 -36 -36 -36 -36 -36 -36 -36 -36 -36 -36 -36 -36 -36 -36 -36 -36 -36 -36 -36 -36 -36 -36 -36 -36 -36 -36 -36 -36 -36 -36 -36 -36 -36 -36 -36 -36 -36 -36 -36 -36 -36 -36 -35 -35 -35 -35 -35 -34 -34 -35 0
-32 -32 -32 -32 -32 -32 -32 -32 -32 -33 -33 -34 -34 -34 -33 -33 -34 -34 -34 -34 -34 -34 -34 -34 -34 -34 -34 -34 -34 -34 -34 -34 -34 -34 -34 -34 -34 -34 -34 -34 -34 -34 -34 -34 -34 -34 -34 -34 -34 -34 -34 -34 -34 -34 -34 -34 -34 -34 -34 -34 -34 -34 -34 -34 -34 -34 -34 -34 -34 -34 -34 -34 -34 -34 -34 -34 -34 -34 -34 -34 -34 -34 -34 -34 -34 -34 -34 -34 -34 -34 -34 -34 -34 -34 -34 -34 -34 -34 -34 -34 -34 -34 -34 -34 -34 -34 -34 -34 -34 -34 -34 -34 -34 -34 -34 -34 -34 -34 -34 -34 -34 -34 -34 -34 -34 -34 -34 -34 -34 -34 -34 -34 -34 -34 -34 -34 -34 -34 -34 -34 -34 -34 -34 -34 -34 -34 -34 -34 -34 -34 -34 -34 -34 -34 -34 -34 -34 -34 -34 -34 -34 -34 -34 -34 -34 -34 -34 -34 -34 -34 -34 -34 -34 -34 -34 -34 -34 -34 -34 -34 -34 -34 -34 -34 -34 -34 -34 -34 -34 -34 -34 -34 -34 -34 -34 -34 -34 -34 -34 -34 -34 -34 -34 -34 -34 -34 -34 -34 -34 -34 -34 -34 -34 -34 -34 -34 -33 -33 -33 -33 -33 -33 -33 -32 0
-30 -30 -30 -30 -30 -31 -31 -31 -31 -31 -31 -32 -32 -32 -32 -32 -32 -32 -32 -32 -32 -33 -33 -33 -33 -33 -33 -33 -33 -33 -33 -33 -33 -33 -33 -33 -33 -33 -33 -33 -33 -33 -33 -33 -33 -33 -33 -33 -33 -33 -33 -33 -33 -33 -33 -33 -33 -33 -33 -33 -33 -33 -33 -33 -33 -33 -33 -33 -33 -33 -33 -33 -33 -33 -33 -33 -33 -33 -33 -33 -33 -33 -33 -33 -33 -33 -33 -33 -33 -33 -33 -33 -33 -33 -33 -33 -33 -33 -33 -33 -33 -33 -33 -33 -33 -33 -33 -33 -33 -33 -33 -33 -33 -33 -33 -33 -33 -33 -33 -33 -33 -33 -33 -33 -33 -33 -33 -33 -33 -33 -33 -33 -33 -33 -33 -33 -33 -33 -33 -33 -33 -33 -33 -33 -33 -33 -33 -33 -33 -33 -33 -33 -33 -33 -33 -33 -33 -33 -33 -33 -33 -33 -33 -33 -33 -33 -33 -33 -33 -33 -33 -33 -33 -33 -33 -33 -33 -33 -33 -33 -33 -33 -33 -33 -33 -33 -33 -33 -33 -33 -33 -33 -33 -33 -33 -33 -33 -33 -33 -33 -33 -33 -33 -33 -33 -33 -33 -33 -33 -32 -32 -32 -32 -32 -32 -32 -32 -32 -32 -32 -32 -31 -31 -31 0
-28 -28 -28 -28 -28 -29 -29 -29 -29 -30 -30 -30 -30 -30 -31 -31 -30 -30 -30 -30 -31 -32 -32 -32 -32 -32 -32 -32 -32 -32 -32 -32 -32 -32 -32 -32 -32 -32 -32 -32 -32 -32 -32 -32 -32 -32 -32 -32 -32 -32 -32 -32 -32 -32 -32 -32 -32 -32 -32 -32 -32 -32 -32 -32 -32 -32 -32 -32 -32 -32 -32 -32 -32 -32 -32 -32 -32 -32 -32 -32 -32 -32 -32 -32 -32 -32 -32 -32 -32 -32 -32 -32 -32 -32 -32 -32 -32 -32 -32 -32 -32 -32 -32 -32 -32 -32 -32 -32 -32 -32 -32 -32 -32 -32 -32 -32 -32 -32 -32 -32 -32 -32 -32 -32 -32 -32 -32 -32 -32 -32 -32 -32 -32 -32 -32 -32 -32 -32 -32 -32 -32 -32 -32 -32 -32 -32 -32 -32 -32 -32 -32 -32 -32 -32 -32 -32 -32 -32 -32 -32 -32 -32 -32 -32 -32 -32 -32 -32 -32 -32 -32 -32 -32 -32 -32 -32 -32 -32 -32 -32 -32 -32 -32 -32 -32 -32 -32 -32 -32 -32 -32 -32 -32 -32 -32 -32 -32 -32 -32 -32 -32 -32 -32 -32 -32 -32 -32 -32 -32 -30 -30 -30 -30 -30 -30 -30 -31 -31 -31 -31 -30 -29 -29 -29 0
-28 -28 -27 -28 -28 -28 -28 -29 -29 -29 -29 -28 -28 -28 -29 -29 -28 -28 -28 -28 -28 -28 -28 -29 -29 -29 -30 -29 -30 -30 -30 -30 -29 -29 -30 -30 -30 -30 -30 -30 -30 -30 -30 -30 -30 -30 -30 -30 -30 -30 -30 -30 -30 -30 -30 -30 -30 -29 -29 -29 -30 -30 -30 -30 -30 -30 -30 -30 -30 -31 -31 -30 -30 -30 -30 -30 -30 -30 -30 -30 -30 -30 -30 -30 -30 -30 -30 -30 -30 -30 -30 -30 -30 -30 -30 -30 -31 -31 -31 -30 -30 -31 -31 -30 -29 -29 -30 -30 -29 -29 -30 -30 -30 -30 -30 -31 -31 -30 -30 -30 -30 -30 -30 -30 -30 -30 -30 -30 -30 -30 -30 -30 -30 -30 -30 -30 -30 -30 -30 -30 -30 -30 -30 -30 -30 -30 -30 -29 -29 -30 -30 -30 -30 -30 -29 -29 -30 -30 -30 -30 -30 -30 -30 -30 -30 -30 -30 -30 -30 -30 -30 -30 -30 -30 -30 -30 -30 -31 -31 -30 -30 -30 -30 -30 -30 -30 -30 -30 -30 -30 -30 -30 -30 -29 -29 -30 -30 -30 -30 -30 -29 -29 -30 -30 -30 -30 -30 -28 -28 -28 -28 -28 -28 -28 -28 -28 -29 -29 -28 -28 -28 -28 -28 -28 0
-26 -26 -25 -26 -26 -26 -26 -27 -27 -28 -28 -28 -28 -28 -28 -28 -28 -28 -28 -28 -28 -27 -27 -28 -28 -28 -29 -28 -29 -30 -29 -29 -28 -28 -28 -28 -28 -29 -29 -28 -28 -29 -29 -29 -29 -29 -29 -29 -29 -29 -29 -29 -29 -29 -29 -29 -29 -28 -28 -28 -28 -28 -28 -28 -29 -29 -29 -28 -28 -29 -29 -29 -29 -29 -29 -29 -29 -29 -29 -29 -29 -29 -29 -29 -29 -29 -29 -28 -28 -28 -28 -28 -29 -29 -29 -29 -29 -29 -29 -29 -29 -29 -29 -28 -28 -28 -28 -28 -28 -28 -29 -29 -29 -29 -29 -29 -29 -29 -29 -28 -28 -28 -29 -29 -28 -28 -28 -28 -28 -29 -29 -29 -29 -29 -29 -29 -28 -28 -29 -29 -28 -28 -29 -29 -29 -29 -29 -28 -28 -29 -29 -29 -29 -29 -28 -28 -28 -28 -28 -28 -28 -28 -28 -29 -29 -29 -29 -29 -29 -29 -29 -29 -29 -29 -29 -29 -29 -29 -29 -29 -29 -28 -28 -28 -29 -29 -28 -28 -29 -29 -29 -29 -29 -28 -28 -29 -29 -29 -29 -29 -28 -28 -28 -28 -28 -28 -28 -27 -27 -28 -28 -28 -28 -28 -28 -28 -28 -28 -28 -28 -28 -27 -27 -26 0
-23 -23 -23 -23 -24 -24 -24 -25 -25 -26 -26 -26 -26 -26 -26 -26 -26 -26 -26 -26 -26 -26 -26 -27 -27 -26 -27 -26 -28 -28 -28 -28 -27 -27 -27 -27 -27 -28 -28 -27 -27 -28 -28 -28 -28 -28 -28 -28 -28 -28 -28 -28 -28 -28 -28 -28 -28 -27 -27 -27 -27 -27 -27 -27 -28 -28 -28 -27 -27 -27 -27 -28 -28 -28 -28 -28 -28 -28 -28 -28 -28 -28 -28 -28 -28 -28 -28 -27 -27 -27 -27 -27 -28 -28 -28 -28 -27 -27 -27 -28 -28 -27 -27 -27 -27 -27 -27 -27 -27 -27 -28 -28 -28 -28 -28 -27 -27 -28 -28 -27 -27 -27 -28 -28 -27 -27 -27 -27 -27 -28 -28 -28 -28 -28 -28 -28 -27 -27 -28 -28 -27 -27 -28 -28 -28 -28 -28 -27 -27 -28 -28 -28 -28 -28 -27 -27 -27 -27 -27 -27 -27 -27 -27 -28 -28 -28 -28 -28 -28 -28 -28 -28 -28 -28 -28 -28 -28 -27 -27 -28 -28 -27 -27 -27 -28 -28 -27 -27 -28 -28 -28 -28 -28 -27 -27 -28 -28 -28 -28 -28 -27 -27 -27 -27 -27 -27 -27 -26 -26 -26 -26 -26 -26 -26 -26 -26 -26 -26 -26 -26 -26 -25 -25 -24 0
-21 -21 -21 -22 -22 -22 -22 -23 -23 -24 -24 -25 -25 -25 -24 -24 -25 -25 -25 -25 -25 -25 -25 -25 -25 -24 -25 -25 -26 -27 -26 -26 -25 -25 -25 -25 -25 -26 -26 -25 -25 -26 -26 -26 -26 -26 -26 -26 -26 -26 -26 -26 -26 -26 -26 -26 -26 -25 -25 -25 -25 -25 -25 -25 -26 -26 -26 -25 -25 -25 -25 -26 -26 -26 -26 -26 -26 -26 -26 -26 -26 -26 -26 -26 -26 -26 -26 -25 -25 -25 -25 -25 -26 -26 -26 -26 -25 -25 -25 -26 -26 -25 -25 -25 -25 -25 -25 -25 -25 -25 -26 -26 -26 -26 -26 -25 -25 -26 -26 -25 -25 -25 -26 -26 -25 -25 -25 -25 -25 -26 -26 -26 -26 -26 -26 -26 -25 -25 -26 -26 -25 -25 -26 -26 -26 -26 -26 -25 -25 -26 -26 -26 -26 -26 -25 -25 -25 -25 -25 -25 -25 -25 -25 -26 -26 -26 -26 -26 -26 -26 -26 -26 -26 -26 -26 -26 -26 -25 -25 -26 -26 -25 -25 -25 -26 -26 -25 -25 -26 -26 -26 -26 -26 -25 -25 -26 -26 -26 -26 -26 -25 -25 -25 -25 -25 -25 -25 -25 -25 -25 -25 -25 -25 -25 -25 -25 -24 -24 -25 -25 -25 -24 -24 -23 0
-21 -21 -21 -22 -22 -21 -21 -21 -21 -22 -22 -23 -23 -23 -23 -23 -23 -23 -23 -23 -23 -23 -23 -23 -23 -24 -24 -24 -24 -24 -24 -24 -23 -23 -23 -23 -23 -24 -24 -24 -24 -24 -24 -24 -24 -24 -23 -23 -23 -23 -23 -24 -24 -24 -24 -24 -24 -24 -24 -24 -24 -24 -24 -24 -24 -24 -24 -24 -24 -24 -24 -24 -24 -24 -24 -24 -24 -24 -24 -24 -24 -24 -24 -24 -24 -24 -24 -24 -24 -24 -24 -24 -24 -24 -24 -24 -24 -24 -24 -24 -24 -24 -24 -24 -24 -24 -23 -23 -23 -23 -23 -23 -23 -23 -23 -23 -23 -23 -23 -24 -24 -24 -24 -24 -24 -24 -24 -24 -24 -24 -24 -24 -24 -23 -23 -23 -23 -23 -24 -24 -24 -24 -23 -23 -23 -23 -23 -24 -24 -24 -24 -24 -24 -24 -24 -24 -24 -24 -24 -24 -24 -24 -24 -24 -24 -24 -24 -24 -24 -24 -24 -24 -24 -24 -24 -24 -24 -24 -24 -24 -24 -24 -24 -24 -24 -24 -24 -24 -24 -24 -24 -24 -24 -24 -24 -24 -24 -24 -24 -24 -24 -24 -24 -24 -23 -23 -23 -23 -23 -23 -23 -23 -23 -23 -23 -23 -22 -22 -22 -22 -22 -21 -21 -21 0
-20 -20 -20 -21 -22 -21 -21 -20 -20 -21 -21 -22 -22 -22 -22 -22 -22 -22 -22 -22 -22 -22 -22 -22 -22 -23 -23 -23 -22 -22 -23 -23 -22 -22 -22 -22 -22 -23 -23 -23 -23 -22 -22 -22 -22 -22 -22 -22 -22 -22 -22 -23 -23 -23 -23 -22 -22 -22 -22 -22 -22 -22 -23 -23 -22 -22 -22 -23 -23 -23 -23 -23 -23 -23 -23 -23 -22 -22 -22 -22 -23 -23 -23 -23 -23 -23 -23 -23 -23 -23 -23 -23 -23 -23 -23 -23 -23 -23 -23 -22 -22 -23 -23 -23 -23 -23 -22 -22 -22 -22 -21 -21 -21 -22 -22 -21 -21 -22 -22 -23 -23 -23 -22 -22 -22 -22 -23 -23 -23 -23 -23 -22 -22 -22 -22 -22 -22 -22 -22 -22 -23 -23 -22 -21 -21 -22 -22 -23 -23 -23 -23 -23 -22 -22 -22 -22 -22 -22 -22 -22 -22 -22 -22 -23 -23 -22 -22 -22 -22 -22 -22 -22 -22 -22 -22 -23 -23 -23 -23 -23 -23 -23 -23 -23 -22 -22 -23 -23 -22 -22 -22 -22 -22 -23 -23 -23 -23 -23 -23 -23 -23 -23 -23 -23 -23 -23 -23 -22 -22 -22 -22 -23 -23 -23 -22 -22 -21 -21 -21 -21 -21 -20 -20 -20 0
-19 -19 -19 -20 -20 -19 -19 -19 -19 -20 -20 -21 -21 -21 -20 -20 -20 -20 -20 -20 -20 -20 -20 -20 -20 -21 -21 -21 -21 -21 -21 -21 -20 -20 -20 -20 -20 -21 -21 -21 -21 -21 -21 -21 -22 -22 -20 -20 -20 -20 -20 -21 -21 -21 -21 -21 -21 -21 -21 -21 -21 -21 -21 -21 -21 -21 -21 -21 -21 -21 -21 -21 -21 -21 -21 -21 -21 -21 -21 -21 -21 -21 -21 -21 -21 -21 -21 -21 -21 -21 -21 -21 -21 -21 -21 -21 -21 -21 -21 -21 -21 -21 -21 -21 -21 -21 -20 -20 -20 -20 -20 -20 -20 -20 -20 -20 -20 -20 -20 -21 -21 -21 -21 -21 -21 -21 -21 -21 -21 -21 -21 -21 -21 -20 -20 -20 -20 -20 -21 -21 -21 -21 -20 -20 -20 -20 -20 -21 -21 -21 -21 -21 -21 -21 -21 -21 -21 -21 -21 -21 -21 -21 -21 -21 -21 -21 -21 -21 -21 -21 -21 -21 -21 -21 -21 -21 -21 -21 -21 -21 -21 -21 -21 -21 -21 -21 -21 -21 -21 -21 -21 -21 -21 -21 -21 -21 -21 -21 -21 -21 -21 -21 -21 -21 -21 -21 -21 -20 -20 -21 -21 -21 -21 -21 -20 -20 -20 -20 -20 -20 -20 -19 -19 -19 0
-17 -17 -18 -18 -18 -18 -18 -18 -18 -18 -18 -18 -18 -18 -18 -18 -19 -19 -18 -18 -18 -18 -18 -19 -19 -19 -19 -19 -20 -20 -19 -19 -19 -19 -19 -19 -19 -19 -19 -19 -19 -20 -20 -20 -20 -20 -19 -19 -19 -19 -19 -19 -19 -19 -19 -19 -19 -20 -20 -20 -20 -20 -19 -19 -18 -18 -18 -19 -19 -19 -19 -19 -19 -19 -19 -19 -19 -19 -20 -20 -19 -19 -19 -19 -19 -19 -19 -19 -19 -19 -19 -19 -19 -19 -19 -19 -19 -19 -19 -20 -20 -19 -19 -19 -19 -19 -19 -19 -19 -19 -20 -20 -20 -19 -19 -19 -19 -19 -19 -19 -19 -19 -20 -20 -20 -20 -19 -19 -19 -19 -19 -20 -20 -19 -19 -19 -19 -19 -20 -20 -19 -19 -20 -20 -20 -19 -19 -19 -19 -19 -19 -19 -20 -20 -20 -20 -20 -20 -20 -20 -20 -20 -20 -19 -19 -20 -20 -20 -20 -20 -19 -19 -20 -20 -20 -19 -19 -19 -19 -19 -19 -19 -19 -19 -20 -20 -19 -19 -20 -20 -20 -20 -20 -19 -19 -19 -19 -19 -19 -19 -19 -19 -19 -19 -19 -19 -19 -19 -19 -18 -18 -19 -19 -19 -18 -18 -18 -18 -18 -18 -18 -18 -18 -18 0
-15 -15 -15 -15 -15 -16 -16 -16 -16 -16 -16 -16 -16 -16 -17 -17 -18 -18 -16 -16 -16 -16 -16 -18 -18 -18 -18 -18 -18 -18 -18 -18 -18 -18 -18 -18 -18 -18 -18 -18 -18 -18 -18 -18 -18 -18 -18 -18 -18 -18 -18 -17 -17 -17 -17 -17 -17 -18 -18 -18 -18 -18 -18 -18 -17 -17 -17 -18 -18 -17 -17 -18 -18 -18 -17 -17 -17 -17 -18 -18 -17 -17 -17 -17 -17 -18 -18 -17 -17 -17 -17 -17 -18 -18 -18 -18 -18 -18 -18 -18 -18 -18 -18 -18 -18 -18 -18 -18 -17 -17 -18 -18 -18 -17 -17 -17 -17 -17 -17 -18 -18 -18 -18 -18 -18 -18 -18 -18 -18 -18 -18 -18 -18 -18 -18 -18 -18 -18 -18 -18 -18 -18 -18 -18 -18 -18 -18 -18 -18 -18 -18 -18 -18 -18 -18 -18 -18 -18 -18 -18 -18 -18 -18 -17 -17 -18 -18 -18 -18 -18 -17 -17 -18 -18 -18 -18 -18 -18 -18 -18 -18 -18 -18 -18 -18 -18 -18 -18 -18 -18 -18 -18 -18 -17 -17 -17 -17 -17 -17 -17 -17 -17 -17 -17 -17 -17 -17 -18 -18 -17 -17 -17 -17 -17 -16 -16 -16 -16 -16 -16 -16 -15 -15 -15 0
-13 -13 -13 -13 -13 -14 -14 -15 -15 -15 -15 -15 -15 -15 -15 -15 -15 -15 -14 -14 -14 -14 -14 -15 -15 -16 -16 -16 -16 -16 -16 -16 -16 -16 -16 -16 -16 -16 -16 -16 -16 -16 -16 -16 -16 -16 -16 -16 -16 -16 -16 -15 -15 -15 -15 -15 -15 -16 -16 -16 -16 -16 -16 -16 -15 -15 -15 -16 -16 -15 -15 -15 -15 -15 -15 -15 -15 -15 -16 -16 -15 -15 -15 -15 -15 -15 -15 -15 -15 -15 -15 -15 -16 -16 -15 -15 -15 -15 -15 -16 -16 -16 -16 -15 -15 -15 -15 -15 -15 -15 -16 -16 -16 -15 -15 -15 -15 -15 -15 -16 -16 -16 -16 -16 -16 -16 -16 -16 -16 -16 -16 -16 -16 -16 -16 -16 -16 -16 -16 -16 -16 -16 -16 -16 -16 -16 -16 -16 -16 -16 -16 -16 -16 -16 -16 -16 -16 -16 -16 -16 -16 -16 -16 -15 -15 -15 -15 -15 -15 -15 -15 -15 -16 -16 -16 -16 -16 -16 -16 -16 -16 -16 -16 -16 -16 -16 -16 -16 -16 -16 -16 -16 -16 -15 -15 -15 -15 -15 -15 -15 -15 -15 -15 -15 -15 -15 -15 -15 -15 -15 -15 -15 -15 -15 -15 -15 -15 -15 -15 -15 -14 -13 -13 -13 0
-12 -12 -13 -13 -13 -12 -12 -13 -13 -13 -13 -13 -13 -13 -14 -14 -14 -14 -14 -14 -14 -14 -14 -14 -14 -14 -15 -15 -15 -15 -15 -15 -15 -15 -15 -15 -15 -15 -15 -15 -15 -15 -15 -15 -15 -15 -15 -15 -15 -15 -15 -14 -14 -14 -14 -14 -14 -15 -15 -15 -15 -15 -15 -15 -14 -14 -14 -15 -15 -14 -14 -14 -14 -14 -14 -14 -14 -14 -15 -15 -14 -14 -14 -14 -14 -14 -14 -14 -14 -14 -14 -14 -15 -15 -14 -14 -14 -14 -14 -15 -15 -15 -15 -14 -14 -14 -14 -14 -14 -14 -15 -15 -15 -14 -14 -14 -14 -14 -14 -15 -15 -15 -15 -15 -15 -15 -15 -15 -15 -15 -15 -15 -15 -15 -15 -15 -15 -15 -15 -15 -15 -15 -15 -15 -15 -15 -15 -15 -15 -15 -15 -15 -15 -15 -15 -15 -15 -15 -15 -15 -15 -15 -15 -14 -14 -14 -14 -14 -14 -14 -14 -14 -15 -15 -15 -15 -15 -15 -15 -15 -15 -15 -15 -15 -15 -15 -15 -15 -15 -15 -15 -15 -15 -14 -14 -14 -14 -14 -14 -14 -14 -14 -14 -14 -14 -14 -14 -14 -14 -14 -14 -14 -14 -14 -13 -13 -13 -13 -13 -13 -13 -13 -13 -13 0
-10 -10 -10 -10 -10 -11 -11 -12 -12 -11 -11 -12 -12 -12 -12 -12 -12 -12 -12 -12 -13 -13 -13 -13 -14 -13 -13 -13 -13 -13 -13 -13 -13 -13 -13 -13 -13 -13 -13 -13 -13 -13 -13 -13 -13 -13 -13 -13 -13 -13 -13 -13 -13 -13 -13 -13 -13 -13 -13 -13 -13 -13 -13 -13 -13 -13 -13 -13 -13 -13 -13 -13 -13 -13 -13 -13 -13 -13 -13 -13 -12 -12 -12 -13 -13 -13 -13 -12 -12 -12 -13 -13 -13 -13 -13 -13 -13 -13 -13 -13 -13 -13 -13 -13 -13 -13 -13 -13 -12 -12 -13 -13 -13 -12 -12 -13 -13 -12 -12 -13 -13 -13 -13 -13 -13 -13 -13 -13 -13 -13 -13 -13 -13 -13 -13 -13 -13 -13 -13 -13 -14 -14 -13 -13 -13 -13 -13 -13 -13 -13 -13 -13 -13 -13 -13 -13 -13 -13 -13 -13 -13 -13 -13 -12 -12 -13 -13 -13 -13 -13 -12 -12 -13 -13 -13 -13 -13 -13 -13 -13 -13 -13 -13 -13 -13 -13 -14 -14 -13 -13 -13 -13 -13 -13 -13 -13 -13 -13 -13 -13 -13 -13 -13 -13 -13 -13 -13 -14 -14 -13 -13 -13 -13 -13 -12 -12 -12 -12 -12 -12 -12 -11 -11 -10 0
-8 -8 -8 -8 -8 -10 -10 -10 -10 -10 -10 -10 -10 -10 -10 -10 -10 -10 -10 -10 -10 -11 -11 -11 -12 -12 -12 -12 -12 -12 -12 -12 -12 -12 -12 -12 -12 -12 -12 -12 -12 -11 -11 -11 -11 -11 -12 -12 -12 -12 -12 -12 -12 -11 -11 -12 -12 -11 -11 -11 -12 -12 -12 -12 -12 -12 -12 -12 -12 -11 -11 -12 -12 -12 -11 -11 -11 -11 -11 -11 -11 -11 -11 -11 -11 -12 -12 -11 -11 -11 -12 -12 -11 -11 -12 -12 -12 -12 -12 -12 -12 -12 -12 -12 -12 -12 -11 -11 -11 -11 -12 -12 -12 -11 -11 -12 -12 -12 -12 -12 -12 -12 -12 -12 -12 -12 -11 -11 -11 -12 -12 -12 -12 -12 -12 -12 -12 -12 -12 -12 -11 -11 -12 -12 -12 -12 -12 -11 -11 -12 -12 -12 -12 -12 -11 -11 -11 -11 -11 -11 -11 -11 -11 -11 -11 -10 -10 -10 -11 -11 -11 -11 -11 -11 -11 -10 -10 -11 -11 -11 -11 -11 -11 -11 -12 -12 -12 -12 -12 -12 -12 -12 -12 -12 -12 -12 -12 -12 -12 -12 -12 -12 -12 -12 -11 -11 -11 -11 -11 -11 -11 -11 -11 -11 -11 -11 -11 -11 -11 -11 -10 -9 -9 -9 0
-6 -6 -7 -7 -7 -7 -8 -8 -8 -8 -8 -8 -8 -8 -8 -8 -8 -8 -8 -8 -8 -8 -8 -9 -10 -10 -10 -10 -10 -10 -10 -10 -10 -10 -10 -10 -10 -10 -10 -10 -10 -9 -9 -9 -9 -9 -10 -10 -10 -10 -10 -10 -10 -10 -10 -10 -10 -10 -10 -10 -10 -10 -10 -10 -10 -10 -10 -10 -10 -10 -10 -10 -10 -10 -10 -10 -10 -10 -8 -8 -9 -9 -9 -8 -8 -10 -10 -9 -9 -9 -10 -10 -9 -9 -10 -10 -10 -10 -10 -10 -10 -10 -10 -10 -10 -10 -9 -9 -9 -9 -10 -10 -10 -9 -9 -10 -10 -10 -10 -10 -10 -10 -10 -10 -10 -10 -10 -10 -10 -10 -10 -10 -10 -10 -10 -10 -10 -10 -10 -10 -9 -9 -10 -10 -10 -10 -10 -10 -10 -10 -10 -10 -10 -10 -10 -10 -9 -9 -9 -9 -9 -9 -9 -9 -9 -9 -9 -9 -9 -9 -9 -9 -9 -9 -9 -9 -9 -9 -9 -9 -9 -8 -8 -8 -10 -10 -10 -10 -10 -10 -10 -10 -10 -10 -10 -10 -10 -10 -10 -10 -10 -10 -9 -9 -8 -8 -8 -8 -8 -9 -9 -9 -9 -9 -9 -9 -10 -10 -10 -10 -9 -8 -8 -8 0
-5 -5 -5 -5 -5 -5 -6 -6 -6 -7 -7 -7 -7 -7 -7 -7 -8 -8 -7 -7 -7 -8 -8 -7 -8 -8 -8 -8 -8 -8 -8 -8 -8 -8 -8 -8 -8 -8 -8 -8 -8 -8 -8 -8 -8 -8 -8 -8 -8 -8 -8 -8 -8 -8 -8 -8 -8 -8 -8 -8 -8 -8 -8 -8 -8 -8 -8 -8 -8 -8 -8 -8 -8 -8 -8 -8 -8 -8 -7 -7 -7 -7 -7 -7 -7 -8 -8 -8 -8 -8 -9 -9 -7 -7 -8 -8 -8 -8 -8 -8 -8 -8 -8 -8 -8 -8 -7 -7 -7 -7 -8 -8 -8 -7 -7 -8 -8 -8 -8 -8 -8 -8 -8 -8 -8 -8 -8 -8 -8 -8 -8 -8 -8 -8 -8 -8 -8 -8 -8 -8 -8 -8 -8 -8 -8 -8 -8 -8 -8 -8 -8 -8 -8 -8 -8 -8 -8 -8 -8 -8 -8 -8 -8 -8 -8 -8 -8 -8 -8 -8 -8 -8 -8 -8 -8 -8 -8 -8 -8 -8 -8 -8 -8 -8 -8 -8 -7 -7 -8 -8 -8 -8 -8 -8 -8 -8 -8 -8 -8 -8 -8 -8 -8 -8 -7 -7 -7 -7 -7 -7 -7 -7 -7 -7 -7 -7 -8 -8 -8 -8 -7 -6 -6 -7 0
-3 -3 -3 -4 -5 -4 -4 -4 -4 -6 -6 -6 -6 -6 -5 -5 -6 -6 -6 -6 -6 -6 -6 -6 -6 -7 -7 -7 -8 -8 -6 -6 -6 -6 -6 -6 -6 -6 -6 -6 -6 -6 -6 -6 -7 -7 -6 -6 -6 -6 -6 -6 -6 -6 -6 -7 -7 -7 -7 -7 -7 -7 -6 -6 -6 -6 -7 -7 -7 -7 -7 -6 -6 -6 -7 -7 -6 -6 -6 -6 -6 -6 -6 -6 -6 -6 -6 -7 -8 -8 -7 -7 -6 -6 -6 -6 -6 -6 -6 -6 -6 -6 -6 -6 -6 -6 -6 -6 -6 -6 -6 -6 -6 -6 -6 -6 -6 -7 -7 -6 -6 -6 -6 -6 -6 -6 -7 -7 -7 -7 -7 -7 -7 -7 -7 -7 -7 -7 -7 -7 -6 -6 -7 -7 -7 -6 -6 -6 -6 -6 -6 -6 -6 -6 -6 -6 -6 -6 -6 -6 -6 -6 -6 -7 -7 -7 -7 -7 -7 -7 -7 -7 -7 -7 -7 -7 -7 -6 -6 -6 -6 -7 -7 -7 -6 -6 -6 -6 -7 -7 -7 -7 -7 -6 -6 -6 -6 -6 -6 -6 -7 -7 -7 -7 -6 -6 -6 -6 -6 -6 -6 -6 -6 -6 -6 -6 -6 -6 -6 -6 -5 -4 -4 -5 0
0 0 0 -1 -1 -2 -2 -1 -2 -3 -3 -4 -4 -4 -3 -3 -4 -4 -4 -4 -4 -4 -4 -4 -4 -5 -5 -5 -5 -5 -5 -5 -5 -5 -5 -5 -5 -5 -5 -5 -5 -4 -4 -4 -4 -4 -4 -4 -4 -4 -4 -5 -5 -5 -5 -5 -5 -5 -5 -5 -5 -5 -5 -5 -5 -5 -5 -4 -4 -4 -4 -5 -5 -5 -4 -4 -4 -4 -5 -5 -5 -5 -5 -5 -5 -5 -5 -6 -6 -6 -6 -6 -5 -5 -5 -5 -5 -5 -5 -5 -5 -4 -4 -4 -4 -4 -5 -5 -5 -5 -4 -4 -4 -4 -4 -4 -4 -4 -4 -4 -4 -4 -4 -4 -4 -4 -5 -5 -5 -5 -5 -5 -5 -6 -6 -6 -6 -6 -6 -6 -5 -5 -5 -5 -5 -5 -5 -5 -5 -5 -5 -5 -5 -5 -5 -5 -4 -4 -4 -4 -4 -4 -4 -4 -4 -4 -4 -4 -4 -4 -4 -4 -4 -4 -4 -4 -4 -4 -4 -4 -4 -4 -4 -4 -5 -5 -5 -5 -5 -5 -5 -5 -5 -5 -5 -5 -5 -5 -4 -4 -4 -4 -5 -5 -5 -5 -5 -5 -5 -5 -5 -5 -5 -5 -5 -5 -5 -5 -4 -4 -3 -3 -3 -3 0
2 2 1 0 0 1 1 0 -1 -1 -1 0 0 0 -2 -2 -1 -1 -1 -1 -1 -2 -2 -2 -2 -3 -3 -3 -2 -2 -3 -3 -3 -3 -3 -3 -3 -3 -3 -3 -3 -2 -2 -2 -2 -2 -2 -2 -2 -2 -2 -3 -3 -3 -3 -3 -3 -4 -4 -4 -4 -4 -3 -3 -3 -3 -3 -3 -3 -3 -3 -3 -3 -3 -2 -2 -2 -2 -3 -3 -3 -3 -3 -3 -3 -3 -3 -4 -4 -4 -4 -4 -3 -3 -3 -3 -3 -3 -3 -3 -3 -2 -2 -2 -2 -2 -3 -3 -3 -3 -2 -2 -2 -2 -2 -2 -2 -2 -2 -2 -2 -2 -2 -2 -2 -2 -3 -3 -3 -3 -3 -3 -3 -4 -4 -4 -4 -4 -4 -4 -3 -3 -3 -3 -3 -3 -3 -3 -3 -3 -3 -3 -3 -3 -3 -3 -2 -2 -2 -2 -2 -2 -2 -3 -3 -3 -3 -3 -2 -2 -2 -2 -3 -3 -3 -3 -3 -2 -2 -2 -2 -2 -2 -2 -3 -3 -3 -3 -3 -3 -3 -3 -3 -3 -3 -3 -3 -2 -2 -2 -3 -3 -3 -3 -3 -3 -3 -3 -3 -3 -3 -3 -3 -3 -3 -3 -3 -3 -2 -1 -1 -1 -1 -1 0
4 4 3 3 2 1 1 2 1 0 0 1 1 1 0 0 -1 -1 -1 -1 -1 0 0 0 0 -1 -1 -1 -1 -1 -1 -1 -1 -1 -1 -1 -1 -1 -1 -1 -1 0 0 0 0 0 0 0 0 0 0 -1 -1 -1 -1 -1 -1 -2 -2 -2 -2 -2 -1 -1 -1 -1 -1 -2 -2 -2 -2 -1 -1 -1 0 0 0 0 -1 -1 -1 -1 -1 -1 -1 -1 -1 -1 -2 -2 -3 -2 -2 -1 -1 -2 -2 -1 -2 -2 -1 -1 -1 -1 -1 -1 -1 -1 -1 -1 0 0 0 0 0 0 0 0 0 0 0 0 0 0 0 0 -1 -1 -1 -1 -1 -1 -1 -1 -2 -1 -2 -1 -1 -1 -1 -1 -1 -1 -1 -1 -1 -1 -1 -1 -1 -1 -1 -1 -1 -1 0 0 0 0 0 0 0 -1 -1 -1 -1 -1 0 0 0 0 -1 -1 -1 -1 -1 0 0 0 0 0 0 0 -1 -1 -1 -1 -1 -1 -1 -1 -1 -1 -1 -1 -1 -1 0 0 -1 -1 -1 -1 -2 -2 -2 -2 -1 -1 -2 -2 -2 -2 -1 -1 -1 -1 -1 -1 -1 0 0 0 0
4 4 4 4 3 1 2 3 3 2 2 3 3 3 2 2 1 1 2 2 2 2 2 1 1 1 1 1 1 1 1 1 1 1 1 0 0 1 1 1 1 1 1 1 0 1 1 1 1 1 1 1 1 1 1 1 1 0 0 0 1 1 0 0 0 0 0 0 0 0 0 0 0 0 1 1 1 1 1 1 1 1 1 1 1 1 1 1 1 1 0 1 1 1 1 1 1 1 1 1 1 0 0 1 1 1 0 0 1 1 1 1 1 1 1 1 1 1 1 0 0 0 0 0 1 1 1 1 1 0 0 0 0 0 0 0 1 1 1 1 1 1 0 0 0 0 1 1 1 1 1 1 1 1 1 1 1 1 1 1 1 1 1 1 1 1 1 1 1 1 1 1 1 1 1 1 1 1 1 1 0 1 1 1 0 0 0 0 0 0 0 0 0 0 1 1 1 1 1 1 1 1 0 0 0 0 0 2 2 1 1 1 1 1 1 1 1 1 1 1 1 1 2 2 0
7 7 7 7 6 4 4 5 5 4 4 4 4 4 4 4 4 4 4 4 4 4 4 2 3 3 3 2 3 3 3 3 1 2 2 2 2 2 2 2 2 2 3 3 3 3 2 2 2 2 2 2 2 2 2 2 2 1 1 1 2 2 1 1 1 1 1 1 1 2 2 2 2 2 2 2 2 2 2 2 2 2 2 2 2 2 2 2 2 2 1 1 1 1 1 1 1 1 1 1 1 2 2 1 1 1 2 2 2 2 2 2 2 2 2 2 2 2 2 1 1 1 1 1 2 2 2 2 2 1 1 1 1 1 1 1 2 2 2 1 2 1 1 1 1 1 2 2 2 2 2 2 2 2 2 2 2 2 2 1 1 2 2 2 2 2 2 2 2 2 2 2 2 2 2 2 2 2 2 2 2 3 3 3 1 1 1 1 1 1 1 1 1 2 2 2 2 2 2 2 1 1 1 1 1 1 1 2 2 2 2 2 2 2 2 2 2 2 2 2 2 2 3 2 0
9 9 9 9 9 7 7 6 7 6 6 6 6 6 5 5 4 4 5 5 5 5 5 4 4 4 4 4 4 4 4 4 3 5 5 5 5 4 4 4 4 4 4 4 4 4 4 4 5 5 5 4 4 4 4 4 4 3 3 3 3 3 3 3 3 3 3 3 3 3 3 3 3 3 3 3 3 3 3 3 3 3 3 3 3 3 3 3 3 3 2 2 3 3 3 3 3 3 3 3 3 2 2 3 3 3 2 2 3 3 3 3 3 3 3 3 3 3 3 3 3 3 3 3 4 4 4 4 4 3 3 3 3 3 3 3 4 4 4 3 4 2 3 3 3 2 3 3 3 3 3 3 3 3 3 3 2 2 2 3 3 3 3 4 4 4 4 4 4 4 4 4 4 4 4 4 4 3 3 4 4 5 5 5 3 3 2 2 4 3 3 3 3 4 4 3 3 3 3 3 3 3 3 3 3 3 3 3 3 3 3 3 3 3 3 3 3 3 3 3 3 4 4 4 0
9 9 9 9 9 8 8 8 8 7 7 7 7 7 6 6 7 7 6 6 6 6 6 6 6 6 6 6 6 6 6 6 5 6 7 7 7 6 6 6 6 6 6 6 6 6 6 6 6 6 6 6 6 6 6 6 6 6 6 6 5 5 5 5 5 5 5 5 5 5 5 5 5 5 5 5 4 4 4 4 4 4 4 5 5 4 4 5 5 4 3 3 3 3 3 3 3 3 3 3 3 3 3 3 3 3 3 3 4 4 4 4 4 4 4 4 4 5 5 4 4 4 4 4 4 4 4 4 4 4 4 4 4 4 4 4 4 4 5 4 4 3 4 4 4 3 4 4 4 4 4 4 4 4 4 4 3 3 3 3 3 5 5 6 6 6 6 6 6 6 6 6 6 6 6 6 6 5 5 4 4 4 4 4 3 3 4 4 5 5 5 5 5 4 4 4 4 4 4 4 3 3 4 4 4 4 4 3 3 3 3 5 5 5 5 5 4 4 5 5 5 5 6 6 0
11 10 9 9 9 8 9 8 8 8 8 7 8 9 9 9 9 9 8 7 7 7 7 8 8 8 8 8 8 8 8 8 7 7 8 8 8 8 8 8 7 8 9 9 8 8 8 8 8 8 8 8 8 8 8 9 8 8 8 8 7 7 7 7 6 6 7 7 8 7 7 7 7 7 6 6 6 6 6 6 6 6 7 7 7 7 6 6 6 6 6 6 6 5 5 5 6 6 6 6 6 4 4 4 4 4 4 4 5 5 5 5 5 5 5 5 4 5 5 5 5 5 5 5 6 6 6 6 6 5 5 5 5 5 5 5 5 5 6 5 5 5 6 6 6 6 6 6 6 6 6 6 6 4 5 5 4 4 3 4 5 6 6 5 5 6 6 6 6 6 6 6 6 6 6 7 7 5 5 4 4 4 4 4 4 4 4 4 5 5 5 5 5 4 4 5 5 5 5 5 5 5 5 6 6 5 5 5 5 5 5 5 5 6 7 8 7 7 7 7 7 7 7 7 0
13 12 10 10 10 10 10 10 9 10 10 9 9 9 10 10 9 9 9 8 8 9 9 8 8 8 8 8 8 8 8 8 10 10 10 10 10 10 10 11 10 10 10 10 10 10 9 9 10 10 10 10 10 8 8 9 8 9 9 9 9 9 9 9 8 8 8 8 9 9 9 10 10 10 9 9 9 9 10 10 9 9 10 10 10 9 8 9 10 10 9 9 8 7 7 7 8 8 8 8 8 7 7 7 7 7 7 7 8 8 8 8 8 7 7 8 7 7 7 7 7 7 6 6 6 6 6 6 6 6 6 6 6 6 6 6 6 6 8 7 7 8 8 8 8 8 8 9 9 8 8 8 8 7 8 6 6 6 5 5 5 7 7 6 6 5 5 5 6 6 5 5 5 5 5 6 6 5 5 5 5 6 6 6 6 6 5 5 6 6 6 5 5 6 6 6 6 6 7 7 8 8 8 8 8 8 8 7 7 7 7 7 8 9 9 10 10 10 9 9 9 9 9 10 0
14 13 13 13 13 13 13 12 11 13 13 12 11 11 9 9 10 10 10 10 9 9 9 10 10 10 10 10 10 10 10 10 10 10 11 11 11 11 11 11 10 10 10 10 9 9 10 10 9 9 10 11 11 10 10 11 10 10 11 11 11 11 11 11 12 11 11 11 10 10 10 10 11 11 11 11 9 9 10 9 9 9 10 10 10 10 11 11 11 11 12 12 11 10 9 9 9 9 9 9 9 9 9 9 9 9 10 10 11 11 11 11 11 12 12 11 11 10 10 10 10 10 8 8 8 8 7 7 7 8 8 8 8 8 8 8 8 8 10 9 9 10 11 11 11 11 11 9 9 10 11 11 11 11 11 9 8 7 6 6 6 7 7 6 6 5 4 5 6 6 6 6 6 6 7 8 8 7 7 7 7 7 7 7 6 6 4 4 5 5 5 6 6 7 7 8 8 8 9 9 10 10 10 9 9 10 10 9 9 9 9 8 9 9 11 12 11 11 11 11 11 11 11 11 0
15 14 14 13 13 14 14 14 13 14 14 13 12 11 11 11 10 10 11 10 10 11 11 10 10 10 10 10 10 10 11 11 11 11 13 13 13 12 11 10 9 10 10 10 12 12 9 9 10 10 10 11 11 11 11 13 12 12 12 12 12 12 12 12 13 12 12 11 10 10 10 11 12 13 13 13 11 12 11 11 10 11 11 12 12 11 11 12 12 12 12 12 11 10 10 10 12 12 12 12 12 11 11 12 12 12 13 13 13 13 13 13 13 14 14 14 13 13 13 13 12 12 11 11 11 11 10 10 10 10 10 9 9 9 9 9 9 9 11 10 10 11 12 12 12 11 12 12 12 12 12 12 12 13 12 12 11 10 10 10 9 9 9 8 7 8 8 7 6 6 7 7 7 7 8 9 9 9 10 9 9 8 8 8 7 7 8 8 8 8 8 8 8 7 7 8 8 9 10 10 11 11 11 10 10 11 11 10 10 9 9 10 11 11 11 11 11 11 12 12 11 11 11 11 0
17 16 16 15 15 15 15 15 15 15 15 14 14 14 13 12 12 12 13 13 13 13 13 11 11 10 10 11 11 11 12 12 11 12 13 13 14 15 13 12 12 11 11 11 12 11 11 11 12 12 12 12 13 14 14 15 15 16 16 16 13 13 13 13 14 14 13 13 13 12 12 11 13 14 14 14 13 13 13 13 13 13 13 13 12 13 12 13 13 13 13 13 12 12 12 13 13 14 13 14 14 13 13 14 14 14 15 15 15 15 16 17 17 17 17 16 15 16 16 15 14 12 13 13 13 13 12 12 12 12 11 10 10 10 10 10 10 10 11 11 11 11 11 11 12 13 13 13 13 13 13 13 13 13 13 13 13 13 13 13 12 13 13 12 11 11 11 10 10 9 9 8 9 10 10 9 9 10 11 11 11 10 10 10 9 9 9 9 9 9 9 9 9 9 9 10 10 10 10 10 10 10 9 9 9 9 9 8 8 10 10 10 10 11 12 11 11 11 12 12 11 11 11 10 0
19 18 18 17 16 17 17 16 16 17 15 14 14 14 15 15 14 14 14 14 14 14 14 13 14 14 14 14 14 13 13 13 13 13 13 13 13 14 15 14 13 13 13 13 12 12 12 12 13 13 13 14 14 14 14 14 15 15 15 16 15 14 15 14 14 15 15 15 15 14 13 14 15 15 15 15 15 14 15 14 14 14 14 15 14 13 13 13 13 13 14 15 14 14 14 15 16 16 16 17 17 15 15 15 15 15 16 16 16 16 17 18 18 16 16 17 16 17 17 16 15 15 15 15 14 14 13 13 13 13 12 12 12 11 11 12 12 12 12 12 12 12 13 13 13 14 14 14 14 14 14 14 13 14 15 15 14 14 14 14 14 15 15 14 14 14 15 14 13 14 12 12 12 12 12 13 13 12 12 11 11 10 10 10 10 10 10 10 10 10 10 10 10 10 10 11 11 11 10 10 10 10 10 10 10 10 10 10 10 10 10 11 11 11 11 11 12 12 11 11 11 11 11 11 0
21 20 19 18 18 19 19 18 18 17 16 15 16 16 16 17 17 17 16 16 16 16 16 17 17 17 17 18 18 17 16 16 15 14 13 13 13 14 15 15 14 15 15 15 16 15 14 14 15 15 16 16 15 14 14 13 13 13 14 15 15 15 15 15 14 16 17 17 17 16 15 17 16 17 18 18 17 16 17 16 15 15 15 15 13 12 13 14 14 14 15 17 17 17 16 16 17 17 17 17 17 18 18 18 17 17 16 16 16 16 17 17 17 17 17 17 17 17 17 18 18 18 17 17 16 16 16 15 16 15 14 14 14 14 14 14 12 12 12 12 12 12 13 13 13 13 13 12 12 12 12 12 13 15 14 14 14 14 14 14 14 14 14 13 13 14 15 15 15 16 17 16 17 16 16 16 16 16 15 14 14 13 13 13 11 11 11 11 12 12 12 12 12 12 11 12 12 12 12 12 12 12 12 12 12 12 12 12 12 12 12 12 12 12 12 12 13 13 13 13 13 13 13 12 0
23 22 22 21 20 21 21 19 19 17 17 17 17 17 16 18 18 17 18 17 17 17 17 18 18 18 17 18 19 18 18 18 17 17 16 16 16 15 15 16 16 16 16 17 18 17 17 17 17 17 18 17 16 16 16 15 15 15 15 15 15 15 15 15 15 16 17 20 19 19 19 19 19 18 19 19 19 18 19 17 16 16 15 14 13 13 14 16 17 17 17 18 17 16 15 15 16 16 17 18 18 19 19 18 18 17 16 16 16 16 17 17 17 18 18 18 17 18 18 17 18 18 17 17 17 17 18 18 18 16 16 15 15 16 15 14 14 14 14 13 13 13 13 12 12 12 12 11 11 11 11 12 13 14 12 12 13 12 12 14 15 16 15 15 15 15 15 16 17 19 20 20 19 19 18 18 18 19 17 16 16 15 15 14 13 13 12 12 13 14 13 13 13 12 12 13 13 12 12 13 14 14 14 14 15 15 15 14 15 16 16 15 14 14 15 15 14 14 14 14 14 14 15 16 0
23 24 24 24 23 22 21 21 20 20 20 20 20 20 19 19 18 14 17 17 17 19 19 18 19 20 19 19 19 20 20 19 18 18 18 18 18 18 18 16 17 18 18 19 17 17 17 17 17 17 17 18 18 18 18 17 16 15 15 15 15 16 15 15 16 16 15 16 15 16 17 16 18 20 20 20 19 18 18 18 18 18 17 17 16 16 17 18 19 19 18 19 18 18 17 18 20 19 18 18 18 18 17 19 18 16 17 17 17 18 18 18 18 19 19 20 20 20 20 19 19 19 18 18 18 18 18 18 18 17 17 16 16 18 17 16 16 16 18 17 16 16 15 15 14 14 14 14 13 13 13 14 15 14 14 15 15 15 16 16 17 18 17 18 19 19 20 20 20 20 22 23 23 23 23 23 23 20 16 16 16 16 15 15 15 15 15 15 16 14 14 15 15 13 14 14 15 15 15 15 16 16 16 17 18 18 17 17 18 20 20 19 18 17 18 18 17 17 16 17 17 17 19 20 0
20 22 22 23 24 24 23 22 22 21 21 21 20 20 19 19 19 16 17 18 18 19 19 19 19 19 18 18 20 21 21 18 17 17 18 18 18 19 19 17 18 19 20 21 20 21 21 20 20 19 19 18 18 17 16 17 17 16 16 16 16 17 18 17 18 17 16 16 16 15 15 14 15 17 17 17 17 18 17 18 20 20 19 19 19 18 19 20 20 21 19 20 20 20 19 21 22 20 18 19 19 19 19 20 20 21 22 21 21 22 22 22 22 21 21 22 23 23 23 22 21 21 21 21 20 20 20 19 19 19 19 19 19 19 18 18 18 17 17 16 16 16 16 16 14 13 13 15 15 15 15 15 14 14 14 15 15 18 19 17 17 17 18 20 20 21 22 22 21 22 24 27 28 28 27 26 23 18 17 16 17 17 16 17 18 18 19 20 18 15 16 16 16 16 17 16 17 17 17 18 18 18 18 19 19 19 19 17 17 18 18 19 19 20 20 20 21 21 18 18 19 20 20 20 0
21 21 22 22 22 22 21 22 22 21 21 21 21 22 23 23 22 22 22 22 23 23 23 24 23 22 19 19 19 19 17 17 18 18 18 17 17 18 18 18 19 20 22 23 23 24 25 23 24 23 22 22 20 19 17 19 20 19 19 18 17 18 20 19 21 20 19 17 18 19 18 18 17 17 17 17 18 19 20 21 22 21 21 22 22 21 22 22 22 22 20 20 20 21 21 21 21 20 20 21 21 21 23 23 24 26 26 24 24 25 25 25 25 25 25 26 26 26 26 25 24 24 24 24 24 24 23 22 22 20 20 21 21 22 21 21 19 18 18 17 16 16 17 16 15 15 15 16 17 17 17 16 16 16 15 16 17 17 18 18 19 18 18 19 17 18 19 20 20 22 24 25 26 29 30 30 23 18 18 18 19 20 21 22 23 23 21 21 19 18 18 17 18 18 19 19 19 18 19 19 19 19 19 20 21 20 20 19 18 20 20 20 22 23 22 22 22 22 21 22 22 21 21 20 0
24 23 24 24 23 22 22 23 24 24 23 24 25 26 27 27 26 26 26 26 27 27 26 26 25 24 23 21 20 19 20 19 19 19 19 19 19 18 17 18 17 19 21 23 24 24 26 25 25 24 25 24 23 22 21 20 21 22 22 21 19 20 20 21 21 20 19 18 18 20 19 18 18 19 19 18 19 20 20 21 22 21 22 23 23 22 22 23 23 23 23 21 20 21 21 21 21 22 23 23 23 26 27 27 27 27 27 26 25 25 25 26 26 26 26 26 26 25 26 26 25 25 26 26 26 26 24 24 22 22 22 23 23 24 23 24 22 20 19 19 19 19 19 18 18 19 19 19 19 19 19 18 18 18 17 17 18 19 19 20 20 20 19 18 17 19 19 20 20 20 21 21 22 23 26 27 22 22 22 19 21 24 24 25 27 27 23 21 22 20 21 22 20 21 22 23 23 21 21 22 21 21 22 23 24 23 23 21 20 21 22 22 21 22 22 22 23 23 22 22 21 21 21 21 0
24 24 24 25 26 26 26 26 27 27 27 28 28 28 29 29 29 29 29 29 29 29 28 27 26 25 25 25 24 24 23 22 21 21 21 22 22 22 21 20 19 20 20 20 22 24 27 28 28 27 27 27 26 26 25 21 22 22 23 22 21 21 18 20 21 20 19 18 17 19 20 20 21 20 19 20 20 21 21 22 23 23 23 22 22 21 21 22 23 23 22 22 22 22 22 22 22 23 25 25 24 28 29 29 29 28 28 27 27 27 27 27 27 26 27 27 27 26 27 28 28 27 27 27 28 27 26 25 24 23 24 25 26 25 24 24 23 22 20 19 20 20 20 20 20 19 19 19 19 19 19 19 20 20 18 19 20 21 22 24 24 25 25 24 24 24 24 23 22 21 22 22 22 21 22 22 20 25 24 22 23 25 25 26 29 29 27 24 24 24 27 27 23 24 27 27 28 27 25 25 24 23 23 23 25 25 24 22 21 22 22 22 22 24 24 24 24 24 23 23 23 23 22 21 0
25 27 27 28 28 29 30 30 30 31 31 31 31 31 30 30 30 31 31 30 30 31 31 31 30 29 27 28 29 29 28 26 24 23 22 24 24 23 24 22 20 22 21 19 19 20 23 26 28 31 31 30 30 30 27 24 24 23 24 23 22 22 22 24 25 24 24 22 19 18 19 20 21 20 21 22 21 21 20 21 21 21 22 22 22 20 20 21 23 23 22 22 23 23 24 24 24 26 27 26 25 27 29 30 32 30 30 30 29 29 29 29 30 31 31 32 31 30 30 31 31 31 30 30 31 31 30 30 28 26 26 26 26 26 25 26 25 23 22 22 22 21 20 20 20 20 20 21 21 20 20 20 21 21 21 22 21 21 22 24 25 26 27 28 28 28 27 27 27 27 28 28 28 28 27 26 20 24 24 22 23 25 25 27 31 31 29 28 28 29 30 28 23 24 27 31 33 32 31 30 30 27 25 25 27 27 27 27 26 25 25 25 26 28 28 27 26 27 26 26 27 26 23 22 0
27 29 29 30 30 30 32 32 31 30 30 31 31 31 30 30 29 29 29 29 29 29 29 30 29 30 28 28 30 31 30 28 27 25 23 24 22 23 24 23 21 21 21 21 20 19 20 21 25 31 33 32 32 31 30 29 28 28 29 29 28 27 27 29 27 26 26 25 23 22 21 22 20 21 21 20 20 19 20 20 19 20 21 21 21 22 22 22 24 26 25 24 25 25 25 25 25 26 28 27 24 27 30 32 33 32 32 31 31 31 30 31 33 34 32 32 33 34 33 33 33 34 34 34 33 35 34 33 33 31 30 30 30 28 26 27 26 25 24 23 22 22 20 20 20 20 20 21 21 21 21 21 22 22 22 23 24 24 23 24 26 26 28 27 27 27 28 29 29 29 30 30 31 32 33 29 19 23 26 24 24 25 26 28 31 32 31 29 28 26 25 26 24 23 27 31 35 36 35 34 33 31 28 28 30 29 30 32 31 32 32 31 30 31 31 30 30 30 30 30 31 30 28 25 0
27 27 28 28 29 30 31 32 31 29 29 29 29 29 28 27 28 27 27 27 27 28 29 29 28 27 27 27 28 30 30 29 27 26 27 26 23 21 22 22 21 21 21 20 18 20 20 20 23 28 31 33 34 34 32 30 30 29 29 29 29 29 29 30 28 25 25 26 27 25 24 23 23 23 23 22 20 20 22 21 21 22 21 20 23 24 23 24 27 27 27 26 26 25 25 25 26 25 26 25 25 27 29 32 35 34 32 33 33 32 32 34 35 35 33 31 32 33 32 33 35 36 35 36 34 35 36 36 35 34 32 32 31 29 28 27 27 25 25 25 24 22 22 23 23 22 22 22 21 20 20 22 23 25 24 24 25 26 26 26 26 26 26 26 27 27 28 28 28 29 31 31 31 31 30 26 16 21 25 25 26 25 25 27 31 31 28 28 28 23 24 27 29 26 28 31 35 36 36 36 36 34 31 30 30 31 31 31 33 34 35 34 33 33 33 33 34 34 33 33 34 33 33 31 0
28 28 28 29 30 31 31 31 31 30 30 29 28 28 27 26 28 28 28 28 28 28 29 31 30 30 29 28 28 29 29 28 29 28 26 26 25 22 22 22 21 21 20 20 19 20 20 20 19 20 22 25 27 28 29 29 32 31 31 30 29 29 29 29 27 26 25 27 28 26 25 25 25 25 24 24 25 25 24 23 22 22 21 22 22 22 23 23 25 24 25 26 26 25 25 25 26 27 27 26 26 27 29 31 32 32 32 33 33 32 33 35 35 33 32 32 33 32 33 34 35 34 34 35 35 35 34 36 37 36 35 33 32 30 29 28 27 27 27 28 26 25 25 26 26 25 24 24 23 22 22 24 24 26 26 24 24 24 25 26 25 25 26 26 26 27 27 27 28 28 29 29 29 27 27 23 16 20 24 25 25 25 27 29 30 28 27 29 31 26 24 28 30 29 31 32 35 36 36 38 38 36 34 33 32 33 32 29 30 32 34 34 33 33 34 35 36 36 36 36 36 36 35 35 0
32 32 31 30 30 30 30 29 29 29 29 29 29 29 28 29 30 30 30 30 30 30 31 32 31 31 31 29 27 27 26 26 27 28 26 25 25 24 24 25 25 23 22 22 22 23 21 22 21 20 20 20 19 20 25 27 29 28 27 26 26 25 24 23 23 26 28 28 27 27 26 25 25 25 24 24 25 25 25 25 24 25 24 23 23 23 22 21 21 21 22 23 23 23 26 27 27 28 28 26 26 26 28 30 30 29 30 31 31 33 32 33 32 31 31 32 33 32 34 35 35 34 34 35 35 35 36 36 34 34 36 36 31 30 28 27 27 26 27 27 26 27 28 28 28 27 25 25 25 24 24 25 25 25 25 23 22 23 25 26 23 23 25 26 26 27 27 27 27 28 30 30 29 28 27 21 16 17 21 23 22 23 26 28 27 25 26 31 33 28 23 24 27 28 30 31 33 35 36 38 39 38 36 36 37 37 34 32 33 32 32 33 34 34 36 36 36 38 38 38 38 37 36 36 0
34 34 33 31 31 31 31 31 32 30 30 31 31 31 30 31 32 32 32 32 32 32 33 34 33 33 33 30 28 30 30 29 28 26 25 23 21 22 22 24 27 24 23 23 26 25 23 22 22 20 19 19 18 19 24 27 27 25 25 24 23 22 21 21 23 24 25 26 26 28 27 27 27 26 25 25 23 23 24 24 23 24 23 23 25 27 24 22 20 21 22 21 20 21 25 25 26 26 26 26 26 26 25 26 26 26 27 28 27 29 31 32 31 31 32 31 32 32 34 34 34 35 34 35 34 36 38 37 35 35 34 36 35 33 31 28 26 25 27 27 26 27 28 27 28 26 25 24 24 24 24 24 24 22 22 22 21 23 24 24 21 22 25 25 25 27 27 27 27 28 29 29 29 27 26 20 16 16 19 21 20 20 22 24 25 24 25 31 30 25 21 22 25 27 27 29 31 32 33 37 38 38 37 38 38 38 34 34 35 36 33 33 34 34 34 35 36 38 39 39 40 39 36 36 0
35 34 33 33 34 33 33 32 33 35 35 35 37 36 36 37 37 37 36 35 35 35 34 33 33 35 36 35 34 36 36 36 33 31 29 27 25 25 23 25 26 26 25 23 26 24 25 25 23 23 21 19 18 18 22 27 26 25 26 27 25 25 24 25 25 24 25 25 26 25 25 26 27 28 29 28 26 25 26 25 25 27 26 26 26 27 25 24 24 24 24 23 22 22 21 22 23 23 23 25 26 24 24 25 25 26 27 27 27 28 27 25 26 28 28 28 29 31 33 33 33 34 34 33 35 36 37 37 38 38 38 37 34 33 33 33 30 28 26 27 28 28 26 26 27 28 26 24 23 24 23 23 23 22 22 21 21 23 24 22 21 22 24 23 24 25 25 25 26 29 29 31 31 27 25 22 18 17 17 19 19 17 20 21 23 23 24 27 27 23 21 20 23 28 27 27 28 29 31 34 36 37 36 38 39 36 32 36 38 38 36 35 34 32 32 34 34 32 35 39 42 40 38 39 0
35 36 35 36 36 35 35 36 37 39 40 39 40 41 41 40 39 38 38 36 36 36 37 34 32 32 34 34 33 34 34 34 34 34 32 31 30 30 29 30 30 30 31 29 28 26 24 23 23 25 25 25 25 26 29 31 32 32 32 34 32 30 29 28 26 24 26 26 26 26 27 25 26 28 29 29 27 26 26 25 25 27 27 27 27 27 28 27 25 23 21 21 21 20 20 21 20 20 20 22 23 22 22 23 24 23 23 24 26 27 25 23 23 26 26 26 26 28 30 30 30 30 31 32 34 33 31 32 35 36 37 38 35 35 33 33 32 30 29 28 30 29 27 26 26 25 26 24 23 23 23 23 24 23 22 22 22 22 21 20 20 22 23 22 23 23 22 24 25 26 27 30 32 31 31 29 24 18 14 19 20 17 17 21 21 22 23 24 24 21 20 19 21 26 25 21 23 26 28 31 33 35 36 37 37 31 30 34 38 39 40 39 32 33 34 33 31 31 32 33 39 42 41 41 0
40 40 39 40 40 39 40 41 41 41 42 38 38 39 38 37 38 38 39 39 39 38 39 39 37 36 37 36 35 35 35 34 35 36 35 34 33 34 37 37 35 36 38 36 34 33 30 29 27 26 28 30 31 33 34 34 36 35 33 34 33 33 31 30 28 27 26 24 23 24 26 25 24 24 25 26 25 24 22 22 23 24 22 22 21 21 22 22 20 19 19 18 20 19 19 20 20 21 20 20 22 22 22 21 20 20 19 21 25 27 25 24 24 26 27 26 26 26 26 27 27 27 27 28 28 26 25 25 28 28 29 30 32 32 31 30 28 29 27 26 27 27 26 26 27 26 26 23 22 22 22 22 23 24 23 22 23 22 21 20 20 21 22 21 21 22 22 22 24 24 23 28 31 32 33 34 31 21 18 21 22 20 18 20 20 21 23 23 20 18 18 16 19 19 19 22 20 23 26 29 32 34 35 34 33 27 27 32 37 38 41 38 29 31 35 38 34 30 34 33 32 36 40 39 0
42 40 39 40 40 40 40 40 41 41 40 37 39 39 37 38 38 39 40 41 40 39 39 42 41 41 40 41 40 40 40 40 40 40 39 38 36 36 38 38 37 38 40 39 38 37 36 36 34 33 34 36 35 34 34 34 36 34 32 33 33 34 33 34 33 32 30 29 26 22 23 22 22 24 24 25 24 24 25 26 26 26 23 22 21 20 21 21 20 20 21 19 21 21 22 22 22 23 22 22 23 23 22 22 22 20 20 22 25 26 24 25 25 25 24 25 24 26 25 26 25 25 26 25 25 25 25 24 25 24 24 24 24 25 25 26 26 27 28 26 26 27 26 26 27 28 26 24 22 22 22 22 23 22 22 23 23 23 22 22 21 21 21 22 21 22 22 22 23 23 23 26 27 29 32 33 29 22 22 20 23 23 20 20 18 19 21 21 18 17 17 18 26 23 25 31 27 25 25 30 33 35 33 31 29 26 28 32 35 37 38 32 25 29 34 36 32 30 36 37 33 30 35 39 0
40 40 40 40 41 39 39 39 39 39 39 40 41 40 38 38 39 39 40 40 40 39 39 40 40 40 40 41 41 44 43 43 44 44 43 42 42 40 42 42 42 42 43 44 42 41 40 41 41 41 40 40 39 37 37 38 39 38 37 36 35 32 31 33 33 32 31 29 28 24 22 22 22 23 23 22 23 22 25 28 26 26 26 22 20 20 21 22 19 20 20 19 20 22 24 23 24 23 21 21 23 23 22 24 24 23 23 24 24 26 25 25 24 24 25 25 25 27 25 23 23 23 24 24 23 24 25 24 25 24 26 24 26 27 25 24 22 23 24 26 26 27 27 26 27 28 26 26 25 24 23 24 25 24 24 25 24 23 23 24 24 24 26 27 27 26 24 24 24 24 25 26 27 28 30 31 29 28 25 22 22 23 23 19 15 17 19 17 16 15 17 23 33 34 35 34 34 33 29 31 33 32 32 30 31 31 30 30 31 35 33 26 23 26 30 29 27 30 34 35 34 33 31 34 0
38 40 41 43 43 39 38 39 39 40 42 43 41 39 40 41 43 44 44 42 41 41 43 45 46 44 43 43 43 44 44 44 43 43 43 43 42 42 42 44 44 44 44 45 44 43 43 42 42 42 42 41 40 40 40 40 40 41 41 40 39 37 36 33 33 30 28 27 26 25 24 24 27 24 22 21 20 19 18 19 17 18 21 18 18 19 19 19 18 18 17 16 15 17 18 19 22 23 23 22 24 25 23 24 26 27 26 25 23 23 24 22 22 23 23 23 23 25 24 22 22 22 22 21 20 22 23 24 24 23 23 23 26 29 29 29 29 30 29 27 27 28 28 28 29 29 27 27 28 27 25 25 25 23 26 26 23 21 21 23 25 25 27 28 28 28 27 26 26 26 28 29 28 26 27 29 28 27 26 22 20 21 20 17 15 17 17 15 16 17 22 27 30 32 34 35 37 39 34 31 30 32 34 33 34 36 34 32 29 31 28 23 21 23 28 25 24 28 30 33 33 31 30 29 0
38 42 46 44 42 41 41 40 41 43 43 43 43 44 48 48 48 48 45 45 46 48 50 50 50 47 44 44 43 41 42 42 41 41 42 42 43 44 44 43 43 45 44 44 43 42 41 41 41 39 39 42 41 42 42 43 43 42 41 40 40 40 41 38 35 32 30 29 27 27 25 23 26 27 23 21 21 20 19 18 18 17 19 18 18 19 18 18 17 17 19 18 17 17 17 20 24 25 26 26 28 28 25 26 27 27 25 23 22 21 22 21 21 23 23 25 25 22 22 23 23 23 24 24 22 21 21 22 23 20 20 22 22 22 23 25 27 29 31 32 33 32 32 31 32 32 29 29 27 25 23 23 23 23 24 23 20 20 20 22 25 25 27 29 30 29 28 29 29 29 30 31 30 28 29 29 23 23 24 21 18 18 17 17 18 17 19 20 20 19 26 31 32 34 34 35 36 39 42 34 30 32 34 34 34 36 34 35 29 28 27 26 23 22 22 21 23 27 28 29 29 29 30 26 0
43 44 47 46 43 43 45 45 46 47 45 46 47 50 50 48 48 48 48 49 50 49 48 47 44 42 40 40 42 43 43 44 45 45 45 44 44 44 44 42 42 43 43 43 43 42 42 43 42 43 45 46 47 48 47 48 47 45 44 43 43 42 43 40 38 37 35 32 29 28 26 25 26 25 24 25 24 22 21 20 21 20 20 20 20 20 18 18 18 18 19 19 20 20 20 22 26 27 25 24 25 26 25 26 25 24 23 22 22 21 22 22 23 22 23 23 24 24 22 22 23 24 24 24 24 21 21 22 21 19 22 24 22 20 19 17 18 20 22 22 26 29 29 28 28 27 24 22 20 19 19 19 20 22 21 19 19 21 21 23 24 23 26 27 29 29 28 28 28 28 28 31 31 30 31 30 26 25 26 24 20 19 17 18 19 17 19 22 20 21 25 29 34 32 33 36 35 37 37 33 27 27 30 30 32 35 33 32 29 28 27 24 22 20 18 20 22 24 23 23 23 25 27 23 0
50 51 51 50 49 49 50 48 48 48 48 49 50 50 48 47 47 48 51 53 49 44 43 44 43 44 46 49 51 51 49 47 47 47 45 44 44 44 45 45 46 46 46 45 45 46 46 44 44 45 47 47 47 48 47 48 46 45 44 43 44 42 41 40 40 40 39 36 33 33 28 28 27 25 24 25 24 24 21 20 21 20 19 19 21 20 19 21 20 20 20 20 19 19 22 23 24 26 26 26 27 27 27 27 26 25 25 25 24 23 23 23 23 22 21 21 23 22 21 20 20 21 20 19 20 21 21 20 20 17 19 21 23 22 26 26 21 19 20 17 17 21 19 19 20 19 17 17 18 18 20 19 20 20 19 20 19 22 21 22 23 22 24 26 26 27 27 28 28 27 26 30 30 29 29 30 30 29 28 28 26 24 21 21 19 15 18 21 22 27 29 26 29 30 33 35 33 34 35 25 16 17 20 22 25 26 26 27 26 26 27 23 21 20 20 22 24 23 22 22 23 25 25 24 0
54 54 54 53 52 52 52 52 51 51 50 51 50 50 52 51 52 52 53 50 47 46 47 49 52 54 54 55 54 53 51 48 50 50 47 47 49 50 50 49 49 48 47 46 45 44 44 43 43 44 46 47 45 45 46 48 47 44 43 44 44 42 41 40 41 40 40 39 36 34 30 30 28 25 25 24 26 25 23 24 23 23 22 22 23 22 21 22 23 23 23 22 21 23 23 24 27 26 27 27 27 26 25 27 27 27 27 25 24 25 25 23 21 23 24 22 23 22 23 21 20 20 20 20 19 21 20 20 20 19 19 19 21 21 26 27 22 19 18 18 19 18 17 18 20 19 17 19 19 20 22 20 19 19 21 20 18 19 18 20 20 17 19 22 21 22 24 26 25 24 25 27 28 28 28 29 31 31 31 31 31 30 28 28 26 22 21 22 23 30 33 27 22 26 31 37 35 33 35 22 15 13 15 16 20 23 24 26 26 26 32 30 27 21 19 21 22 23 23 24 26 26 24 24 0
54 53 52 50 49 51 52 52 52 52 54 51 50 53 56 59 60 58 57 56 56 56 58 58 60 60 59 59 60 61 60 59 60 58 55 55 57 57 57 55 55 55 54 52 49 47 46 46 46 48 49 49 50 49 50 49 49 48 47 46 45 44 43 41 40 37 36 35 33 33 31 32 30 29 28 27 28 27 27 28 26 25 26 25 26 26 25 24 26 26 24 23 22 26 25 25 28 28 27 25 24 23 24 25 24 24 24 21 22 23 23 23 22 21 23 24 24 23 23 23 23 22 22 21 21 20 18 19 21 20 21 20 19 19 20 21 19 18 19 21 21 18 19 21 21 19 18 19 17 19 21 20 18 20 20 19 17 18 18 20 19 17 18 19 18 20 21 24 24 23 23 25 27 28 28 28 28 29 29 28 29 28 27 27 29 28 23 21 20 25 29 26 19 19 24 31 24 23 33 26 21 15 9 11 17 16 21 27 28 28 33 32 30 21 16 15 18 20 21 24 28 28 26 26 0
52 52 51 51 52 52 54 54 54 55 55 54 55 58 61 61 61 62 62 62 64 64 64 62 61 62 62 63 64 65 64 62 63 62 60 61 61 60 60 58 58 59 58 56 54 52 52 51 50 51 52 53 54 54 53 53 53 53 51 50 46 43 43 41 38 35 35 36 35 36 36 35 35 34 32 31 29 29 28 27 26 28 28 28 29 28 28 29 30 30 30 29 26 28 28 28 28 30 30 31 32 29 30 28 27 27 25 24 24 24 24 26 30 28 27 27 27 28 27 28 28 28 25 26 25 25 23 22 23 20 20 20 21 21 21 20 19 18 20 21 18 18 19 21 19 19 19 18 20 24 26 24 19 21 19 19 19 19 19 21 19 19 19 18 19 19 20 21 22 23 23 24 26 26 28 27 27 27 26 26 27 27 28 28 30 28 20 19 20 23 25 26 22 15 17 20 17 23 27 28 30 23 14 12 16 12 18 26 30 31 29 27 29 25 18 15 19 20 21 23 25 25 25 25 0
52 52 53 53 53 53 54 55 56 55 55 55 57 58 61 62 62 64 64 65 66 66 66 64 64 64 65 65 65 66 64 63 63 63 62 62 62 61 60 60 60 62 60 59 57 56 56 54 53 54 55 56 55 56 55 54 54 53 49 46 40 38 38 39 36 36 36 36 37 37 36 38 38 37 34 34 32 30 30 27 28 30 29 29 30 30 30 31 31 31 32 32 29 32 34 35 36 37 36 40 43 41 41 38 37 37 36 36 37 38 39 38 38 37 36 35 33 32 32 31 28 27 29 30 30 32 31 29 29 28 28 27 27 28 24 21 21 21 22 21 20 20 18 19 17 16 19 20 23 27 27 24 21 20 19 17 18 19 19 19 17 17 17 19 17 17 19 20 21 22 21 20 21 24 26 24 25 25 26 27 25 26 27 26 28 29 22 18 19 21 21 24 26 17 17 21 21 26 21 19 20 21 18 14 13 12 10 14 20 28 24 23 24 25 24 23 24 23 23 24 22 23 23 24 0
53 52 53 53 53 54 55 56 57 56 56 56 56 58 60 63 64 65 66 67 67 68 68 67 67 67 67 67 67 66 65 64 64 64 63 63 63 63 62 62 62 61 61 62 59 58 57 56 55 56 56 56 56 55 55 53 53 53 48 44 37 34 35 35 33 33 33 34 34 34 34 36 36 35 34 33 32 32 32 31 30 31 30 31 32 31 31 32 32 32 33 33 33 37 39 38 38 39 37 39 43 42 42 41 40 40 40 40 39 39 39 40 38 39 40 39 38 37 38 36 35 35 37 38 38 40 39 37 38 38 39 38 38 38 34 35 34 33 31 28 28 24 22 24 23 22 21 22 23 24 25 25 23 21 17 17 19 19 19 17 14 16 16 18 13 13 14 17 19 19 18 17 16 20 19 18 21 24 25 25 24 25 27 28 28 30 26 21 22 22 22 22 26 21 20 24 27 26 22 22 21 25 24 22 17 18 14 12 16 23 25 25 24 26 24 23 23 22 23 24 18 19 22 24 0
53 52 54 54 54 54 55 54 55 55 57 58 58 60 61 62 64 65 65 65 66 67 67 69 69 69 68 68 68 67 65 66 66 65 64 64 64 64 63 62 61 61 61 61 60 58 57 56 56 56 56 57 57 56 54 55 55 55 55 53 49 45 39 36 35 32 32 32 33 33 33 33 34 35 34 33 32 32 31 32 30 30 31 31 32 30 30 31 32 32 31 30 33 35 36 35 35 36 36 37 39 37 37 38 38 38 37 38 37 36 37 38 39 39 39 38 37 39 40 40 38 37 39 40 39 40 41 40 41 40 38 38 38 35 35 37 36 34 32 33 35 31 28 26 25 24 24 24 23 23 25 24 24 24 22 22 21 22 22 21 21 21 17 16 17 16 13 15 16 16 14 15 17 15 17 20 21 21 21 21 24 27 27 27 26 26 26 23 23 21 21 21 24 21 20 21 28 26 22 23 23 20 21 20 18 20 19 19 19 23 26 23 24 24 22 21 21 23 22 21 18 16 18 18 0
53 53 53 53 54 54 54 53 53 55 56 57 59 60 62 63 64 64 63 64 65 66 67 69 69 70 67 66 67 66 66 65 66 65 64 63 64 66 64 62 61 61 60 59 60 59 58 58 58 58 58 59 58 57 56 56 57 56 55 54 53 50 47 43 41 40 39 36 35 33 32 33 34 33 34 34 33 33 31 32 33 34 32 32 31 31 33 32 32 32 32 32 35 34 34 36 35 34 34 34 34 35 35 35 36 35 34 35 36 36 36 34 36 35 35 35 36 38 38 37 37 36 37 37 37 36 38 36 37 35 34 35 33 32 33 33 33 33 30 31 33 31 30 27 23 23 24 25 21 24 24 25 25 26 24 24 22 24 23 24 25 23 21 21 21 21 19 21 18 19 17 16 18 16 17 16 17 18 19 19 23 24 25 22 21 24 24 21 20 19 20 19 24 22 19 17 22 24 23 26 28 25 22 18 19 21 22 20 20 22 25 22 20 21 21 21 22 24 21 19 16 14 14 12 0
53 53 55 53 51 52 52 52 53 54 55 56 56 58 59 60 63 63 63 63 64 65 66 66 67 68 66 65 66 66 66 65 66 65 66 66 66 66 66 64 62 62 62 62 62 61 60 60 60 59 59 60 59 58 57 57 57 57 54 54 54 51 49 45 42 42 41 39 37 35 34 34 34 33 32 31 32 33 31 33 33 34 33 33 31 32 34 33 33 32 33 34 33 32 31 33 32 31 32 33 33 34 34 34 34 34 33 34 34 34 35 34 34 32 33 33 33 32 32 32 33 33 33 31 31 31 31 31 32 33 32 33 34 32 30 30 30 33 32 31 32 32 30 28 26 26 24 26 24 24 23 24 26 27 24 24 24 26 24 27 25 22 22 21 22 22 22 23 22 23 22 22 20 20 20 16 17 19 22 21 19 21 21 18 16 18 17 17 19 18 16 16 16 17 17 14 18 23 23 26 31 28 24 21 22 22 23 19 18 18 18 19 20 22 21 16 16 22 21 19 16 16 17 17 0
53 53 53 51 51 52 53 53 53 54 55 56 58 58 57 58 60 60 61 62 63 64 65 65 67 67 67 66 66 67 67 66 66 67 67 67 67 66 66 65 64 63 63 63 62 61 62 62 62 61 60 60 60 59 59 56 55 53 50 48 49 51 49 44 39 37 36 34 35 35 34 34 35 35 34 32 33 34 34 32 32 34 35 34 33 33 34 35 35 33 32 32 34 33 31 33 32 31 32 32 32 32 32 32 31 31 31 32 32 32 32 32 32 33 34 34 33 32 30 31 31 31 32 30 30 29 30 31 25 27 30 30 31 30 28 29 28 28 28 29 28 27 27 28 28 28 29 29 28 26 27 25 26 27 26 26 27 27 26 26 24 24 24 24 25 23 23 22 23 22 21 21 19 20 22 21 21 20 19 19 19 17 19 17 16 12 15 15 17 18 16 12 11 11 13 14 17 19 20 21 26 24 22 22 22 22 20 18 16 15 15 19 19 18 15 11 10 18 19 19 18 19 19 22 0
53 53 51 51 51 54 55 53 53 54 54 55 56 57 56 57 59 61 61 61 62 63 64 66 68 66 64 64 67 67 68 67 68 69 68 68 68 67 65 65 64 63 63 63 62 61 60 60 62 61 61 61 62 63 63 61 59 58 53 45 41 41 41 42 41 40 39 36 35 34 33 34 34 34 33 34 34 34 34 33 32 34 34 33 33 34 34 34 35 33 32 32 34 33 33 33 34 34 35 34 33 32 33 33 33 33 33 31 32 32 31 32 30 32 34 33 34 33 32 33 34 34 35 32 33 31 32 34 29 31 33 30 28 29 28 27 26 27 26 27 27 25 27 27 26 27 28 27 27 28 27 27 26 26 27 28 27 26 28 26 26 27 24 24 27 25 24 27 26 22 22 22 20 19 21 21 23 20 22 21 22 21 21 20 20 19 20 18 17 18 20 20 16 14 14 17 15 15 14 13 14 17 19 21 20 21 17 17 18 16 16 16 16 15 16 15 12 14 17 18 19 22 20 22 0
55 53 50 52 52 51 51 50 51 53 55 56 55 55 56 56 59 61 60 61 61 63 64 66 68 65 70 68 64 66 69 69 68 69 70 70 69 68 66 65 63 63 62 61 62 63 60 61 62 62 62 62 62 63 63 62 61 61 59 52 42 38 38 41 44 43 43 40 37 37 36 36 36 36 35 35 36 34 32 33 34 34 33 33 32 32 32 32 32 33 33 32 33 33 34 33 34 34 34 35 34 35 34 34 35 34 35 34 34 36 35 34 32 34 34 32 33 33 33 33 35 35 36 35 36 35 34 34 34 34 33 30 29 29 29 28 28 29 29 30 28 28 29 27 27 26 29 28 25 28 27 28 27 27 28 30 27 26 26 27 26 25 24 25 26 26 23 26 25 24 25 25 23 24 25 22 23 23 23 22 22 22 22 23 20 21 24 22 21 21 24 21 21 20 22 19 16 17 17 15 18 19 19 18 18 20 19 17 16 15 13 14 12 16 18 15 12 10 13 14 13 13 20 22 0
60 53 51 56 54 50 48 46 49 53 55 55 56 56 56 57 59 59 60 60 60 63 64 67 64 61 77 80 67 64 65 66 70 70 71 71 70 70 69 66 63 63 62 61 62 63 62 62 61 61 61 61 61 60 60 60 58 58 58 55 48 40 37 36 39 38 39 39 38 38 38 37 37 37 35 35 35 34 32 33 33 34 33 33 33 33 32 31 31 31 32 33 34 34 34 33 33 32 32 33 32 33 33 33 34 34 33 33 34 34 33 31 31 32 32 33 32 33 33 32 33 33 32 33 33 34 33 34 34 31 31 31 30 31 31 30 29 29 30 31 28 28 28 28 26 28 28 28 30 30 30 30 29 31 28 29 27 25 25 26 26 26 25 26 26 26 25 26 26 25 24 26 25 24 24 22 22 23 23 20 21 21 21 21 22 22 23 21 22 21 21 19 19 20 20 18 18 18 17 18 18 17 16 14 16 17 15 15 14 16 20 21 19 17 20 21 15 9 11 13 11 11 14 12 0
67 59 54 56 54 49 49 51 52 56 58 57 57 56 58 59 61 60 60 62 61 61 58 63 64 61 76 83 82 74 64 62 61 68 72 73 72 71 70 69 67 65 64 64 65 65 64 63 62 62 62 63 63 63 62 61 60 58 59 59 58 56 51 45 42 37 38 39 39 39 39 37 38 38 36 36 36 35 32 34 33 34 35 35 34 34 34 33 32 33 34 34 35 34 34 34 34 34 32 32 31 32 32 32 33 33 32 31 33 33 31 28 29 31 32 32 33 33 32 32 32 33 32 34 32 33 34 35 35 34 32 32 32 33 33 32 30 30 30 30 28 28 29 29 28 29 27 29 28 28 29 29 31 32 30 30 28 27 29 29 28 29 28 26 26 26 25 24 27 23 24 25 24 23 23 23 22 23 23 20 21 22 18 20 20 21 20 19 21 20 21 20 18 19 16 18 18 19 18 20 19 17 15 15 16 16 16 16 14 18 24 23 26 23 22 23 16 11 13 13 14 15 11 12 0
70 66 62 62 59 58 58 55 55 59 62 63 60 58 59 59 59 58 60 65 64 62 61 60 60 67 77 86 89 80 71 74 68 61 65 71 72 71 69 69 68 67 67 66 66 68 68 66 63 63 62 61 61 62 61 63 61 60 61 61 61 62 63 62 58 52 47 44 43 44 43 39 38 40 38 37 37 37 34 35 33 33 34 35 35 35 36 37 39 41 42 43 43 41 39 38 38 39 37 36 36 37 38 37 39 41 41 39 39 41 39 38 39 42 45 44 44 41 38 38 34 34 35 34 33 31 32 33 33 32 35 33 33 32 31 32 30 29 30 30 29 30 31 31 30 29 28 30 28 29 29 29 31 30 31 30 27 28 30 31 29 29 29 25 26 25 26 25 25 23 23 26 24 23 23 24 23 23 20 21 20 22 23 22 19 21 20 19 20 20 22 21 20 19 15 20 20 19 16 18 19 20 18 16 18 15 16 15 11 15 20 21 24 23 20 18 13 12 14 11 15 15 14 16 0
65 63 64 64 63 64 63 59 58 62 65 66 63 59 57 56 57 58 62 66 67 64 64 62 57 67 78 88 89 76 75 84 85 75 65 64 65 68 69 69 67 68 67 65 67 68 62 59 57 58 58 58 59 60 60 61 61 61 63 65 65 64 64 63 62 59 57 54 51 51 49 45 40 39 39 38 38 39 37 37 36 39 41 43 46 45 44 46 49 50 51 52 51 48 47 47 47 46 44 45 43 42 45 47 49 50 49 48 47 49 50 50 51 53 52 54 54 50 45 46 42 37 36 36 35 35 34 33 33 33 34 33 31 29 28 29 30 30 31 32 30 30 30 29 30 29 29 29 28 28 31 28 29 30 29 31 29 29 30 30 28 29 28 27 27 28 26 24 24 25 27 25 24 25 25 24 25 24 23 23 24 24 23 23 21 22 23 22 21 21 21 20 20 20 19 20 18 19 18 19 19 20 20 19 20 19 16 15 14 17 21 20 21 18 17 15 14 14 15 14 17 15 17 21 0
60 62 64 64 64 65 64 61 61 64 65 64 62 59 58 59 61 60 62 68 64 64 67 64 58 69 78 88 86 73 77 85 91 90 83 77 72 68 68 66 64 65 65 63 63 60 56 57 60 62 63 64 64 62 62 64 66 67 65 64 66 65 65 65 65 64 63 61 56 54 52 51 48 41 40 39 38 39 38 45 49 54 57 56 56 56 56 57 57 57 56 56 56 53 52 52 52 52 50 50 49 50 52 53 53 54 54 53 54 55 56 55 55 56 56 57 56 54 51 51 51 49 48 48 46 45 43 41 42 43 38 35 29 29 29 31 31 33 32 32 31 29 28 26 28 28 28 30 30 29 29 29 31 32 30 30 29 30 31 30 27 27 29 28 28 28 26 25 28 28 28 25 24 27 25 26 28 25 25 24 25 23 22 23 22 24 25 23 22 19 21 21 19 20 22 19 18 19 20 22 20 19 19 19 20 21 21 19 19 22 21 19 19 15 15 16 16 19 18 18 22 23 21 21 0
59 60 62 63 63 60 60 59 59 60 60 60 60 59 60 60 64 63 72 78 70 63 67 65 63 70 76 84 84 79 78 85 92 95 93 90 88 74 62 61 62 63 64 63 60 59 60 58 60 62 63 64 66 65 65 64 62 59 54 53 55 54 54 56 59 62 63 62 59 56 55 55 55 52 50 50 51 52 54 57 59 60 61 60 60 60 60 63 64 64 63 62 59 56 55 54 54 54 52 50 48 51 52 51 51 54 56 56 56 58 58 58 59 61 63 62 60 60 58 56 57 57 57 56 54 54 52 51 52 52 50 45 39 37 32 31 32 33 30 30 31 30 29 26 29 29 29 29 30 30 30 30 30 30 31 29 29 30 30 30 26 28 29 29 28 28 26 27 30 29 29 27 25 28 25 26 27 26 25 25 24 25 25 24 22 23 23 23 21 21 21 22 22 22 24 21 21 23 19 21 21 22 20 18 18 19 21 19 21 21 20 19 18 18 16 18 20 21 19 19 20 23 21 17 0
53 56 58 56 54 52 54 55 55 54 57 58 58 59 59 59 60 66 79 87 84 70 64 65 66 68 74 82 81 80 76 82 90 93 93 92 91 81 61 59 62 63 64 63 60 58 58 59 59 58 57 58 59 58 57 56 55 53 54 56 56 55 55 55 54 55 55 56 56 58 59 58 57 58 57 58 60 61 60 61 61 63 64 64 65 65 65 67 67 67 67 66 65 63 60 59 57 57 54 51 51 52 51 52 53 54 54 55 57 59 59 62 62 63 64 65 65 67 67 66 64 63 62 60 60 61 59 57 57 59 58 55 51 48 42 37 33 31 31 31 30 31 31 29 32 31 30 30 31 30 29 30 31 31 29 29 30 30 30 30 26 29 28 29 28 28 27 28 28 28 28 29 29 29 28 26 25 26 26 25 25 23 22 24 23 21 22 23 24 19 21 22 20 24 23 25 20 21 23 21 22 22 21 22 21 19 20 20 21 19 20 21 22 23 20 21 23 20 19 20 19 21 20 18 0
41 43 44 42 41 42 43 43 43 42 45 49 54 54 57 57 57 64 80 89 91 84 69 65 69 71 75 80 80 77 78 84 88 92 94 91 88 81 60 57 61 63 63 61 57 56 56 57 56 53 53 55 54 54 54 56 57 59 60 61 60 58 56 56 55 53 52 54 53 56 58 59 59 59 58 59 60 61 59 59 60 62 63 63 64 64 67 67 67 67 68 67 66 65 65 65 64 63 60 59 56 56 55 56 57 57 59 59 59 61 62 63 61 61 62 64 65 68 69 68 66 66 67 66 64 64 63 59 56 58 57 58 57 52 47 42 35 32 32 32 31 31 31 30 32 30 30 30 29 30 30 29 32 31 30 29 31 30 29 30 27 29 29 29 29 28 27 28 28 30 28 28 27 25 27 26 24 24 25 24 23 23 23 24 25 20 20 20 22 20 19 23 22 23 24 26 10 18 24 23 21 23 22 23 22 23 22 21 22 21 21 21 23 22 21 21 22 21 22 23 22 23 22 20 0
37 38 40 42 43 44 43 43 45 43 41 42 46 46 55 64 62 65 78 89 94 86 72 71 79 79 78 78 79 76 81 84 87 92 96 93 89 78 58 55 57 59 58 55 54 55 54 54 54 52 53 55 56 55 56 59 62 64 65 65 61 60 59 59 59 57 56 56 57 57 58 58 59 59 60 61 61 62 61 61 62 63 64 64 65 66 66 66 65 66 67 67 68 66 65 64 64 63 61 61 59 59 57 59 61 62 63 62 61 61 61 62 62 63 64 65 66 66 66 66 65 65 66 67 67 67 66 62 60 57 56 56 56 51 45 41 35 31 32 34 34 33 32 30 29 29 30 30 32 32 30 31 32 31 33 30 29 31 31 30 28 30 29 28 27 26 27 27 28 30 27 28 28 26 27 25 24 22 25 24 23 23 25 26 24 22 22 21 22 24 23 23 23 21 24 23 10 17 24 23 22 25 24 25 24 22 22 21 21 24 23 22 21 19 20 22 21 22 24 25 25 24 24 25 0
42 43 43 45 47 48 47 47 49 50 49 48 50 50 59 70 68 67 77 88 90 77 71 74 81 83 85 80 78 77 81 84 88 92 95 93 89 81 71 59 52 53 54 53 53 55 54 55 56 56 59 60 60 58 59 63 64 65 67 66 63 63 64 64 62 60 60 61 61 60 60 62 62 63 63 65 66 67 67 67 69 69 68 66 68 68 68 70 70 69 69 69 70 68 67 65 64 64 63 62 63 62 61 60 58 61 62 61 61 63 63 64 63 63 63 64 65 64 64 64 65 63 64 64 63 63 62 59 60 57 56 56 56 53 47 42 37 31 30 33 36 34 31 32 31 31 31 32 33 31 32 29 29 31 31 29 30 31 30 30 28 28 28 27 27 32 36 37 40 39 34 30 28 27 27 26 26 25 27 26 24 24 26 23 24 24 24 21 22 22 22 20 24 24 21 20 23 23 24 23 22 25 22 23 24 21 22 23 20 21 22 23 19 22 20 22 22 21 20 21 19 23 25 24 0
46 46 47 47 49 49 47 47 47 49 51 50 49 51 61 67 66 66 77 86 85 75 73 76 84 87 88 83 79 77 81 84 91 93 94 94 93 91 86 63 53 53 52 52 53 54 56 57 60 60 64 63 63 64 65 67 64 61 61 63 64 65 64 63 62 61 61 62 63 62 61 62 65 66 67 68 68 69 70 71 72 72 70 70 68 68 68 70 70 69 69 69 69 68 66 66 66 66 65 65 64 65 64 63 61 62 61 59 59 63 63 63 63 64 64 63 65 67 67 66 64 63 63 62 59 60 59 56 54 56 54 53 52 52 49 42 38 34 31 33 33 33 31 32 33 32 33 33 32 30 31 29 32 34 30 30 32 30 31 31 34 37 36 37 40 46 52 53 52 51 49 47 46 41 35 34 27 26 27 24 24 21 24 23 22 23 22 23 24 24 22 23 25 21 21 22 25 22 23 23 22 23 23 25 23 23 23 22 21 23 24 22 21 22 22 23 22 22 22 20 20 20 21 23 0
47 47 49 48 48 46 44 42 41 42 45 44 44 51 59 64 65 67 76 86 86 77 77 78 85 90 89 86 83 79 82 85 91 93 94 96 95 91 82 67 61 60 60 57 56 56 57 60 63 66 66 62 63 64 61 60 59 56 58 57 57 60 59 59 59 61 62 61 61 61 60 59 60 66 69 68 70 71 70 72 72 71 70 68 67 67 68 68 67 67 69 70 70 68 67 67 67 65 66 66 64 65 64 62 60 62 64 62 60 62 59 60 64 66 66 64 63 65 65 64 60 60 58 58 58 59 58 56 53 53 51 49 47 46 44 41 37 34 34 35 35 35 33 32 34 34 32 32 33 34 33 32 32 32 32 30 30 30 31 30 33 35 38 43 48 52 53 54 54 54 56 58 59 58 55 50 42 35 29 25 25 25 25 23 21 22 21 22 22 23 23 24 22 20 23 22 21 22 22 24 21 22 25 23 22 20 23 21 23 22 23 25 23 22 22 21 25 25 23 22 23 21 22 23 0
43 45 50 46 43 44 43 43 45 43 43 42 44 53 58 62 67 68 74 85 86 78 80 80 87 91 87 88 85 80 83 87 91 94 95 98 98 87 73 73 71 69 65 61 59 59 59 62 64 66 64 62 59 59 61 59 58 57 57 55 55 56 57 59 58 59 60 61 62 61 59 58 56 63 70 71 71 70 70 71 70 70 69 68 69 70 71 71 69 69 70 71 70 68 68 68 68 68 68 69 68 68 65 64 63 61 61 60 58 56 54 53 55 55 56 54 53 53 54 55 53 53 53 54 53 54 54 52 49 48 47 46 45 43 41 41 40 36 36 34 35 37 35 34 35 34 32 31 32 32 34 33 33 33 35 38 37 36 39 36 30 31 34 37 42 48 53 54 55 58 62 64 64 64 62 59 55 50 38 27 26 29 25 24 22 22 24 21 22 23 22 23 22 21 22 19 18 24 23 22 22 22 21 21 19 20 21 22 24 22 20 22 23 22 23 21 23 23 20 20 22 22 23 22 0
41 47 49 43 43 48 46 46 46 45 45 44 48 55 60 63 67 69 71 81 85 81 81 80 89 91 76 73 78 81 82 86 90 92 93 94 91 82 77 80 79 80 72 64 59 60 60 61 62 61 59 59 59 63 61 58 58 59 59 57 55 55 54 54 55 56 57 59 61 60 61 62 62 68 68 67 70 68 68 67 68 67 68 67 68 70 71 69 66 68 69 70 68 69 67 67 68 67 66 63 64 64 60 61 62 60 59 59 58 55 54 51 48 49 53 49 49 50 51 51 50 50 51 51 51 56 55 54 53 54 55 53 52 52 53 54 52 46 43 43 42 39 40 39 37 38 36 36 42 41 43 48 47 47 53 62 62 60 60 55 49 52 53 46 41 41 44 48 55 61 66 70 70 68 66 62 58 54 51 43 35 32 32 35 36 35 36 34 35 35 33 32 34 31 26 23 24 25 22 24 23 24 22 22 23 23 20 23 22 24 20 20 24 24 22 21 23 23 22 21 22 23 23 24 0
53 65 69 50 39 41 43 48 48 48 50 49 50 53 60 63 64 71 72 79 84 85 84 81 90 93 75 66 67 75 81 85 87 85 81 76 73 74 80 83 80 83 82 71 62 64 64 62 61 58 58 60 60 62 60 60 62 61 59 58 58 59 58 56 56 56 57 57 57 57 60 62 62 61 62 65 69 68 65 64 65 62 59 59 59 60 61 59 59 61 65 66 60 58 58 56 56 57 59 58 59 59 56 57 63 67 64 60 56 54 54 52 51 55 59 56 56 56 55 58 56 58 61 56 56 59 59 61 61 59 59 61 61 63 63 64 63 56 52 56 58 53 51 50 47 49 49 51 56 56 57 57 59 56 56 63 61 57 56 57 59 66 68 63 57 56 57 58 59 64 70 73 76 77 74 69 64 60 59 54 53 51 47 47 48 48 47 45 45 44 44 45 47 44 35 29 31 26 22 24 24 20 22 24 24 25 24 20 14 25 21 22 23 23 20 22 23 22 22 23 23 24 22 23 0
69 76 84 71 51 40 41 57 58 62 66 57 52 58 62 62 64 69 72 78 80 85 83 79 81 75 73 73 71 69 75 84 85 77 69 73 73 79 82 83 84 85 87 80 63 62 62 58 57 57 58 59 59 60 61 64 63 59 58 57 61 64 64 63 62 62 59 57 58 57 56 55 53 54 54 55 57 58 59 57 56 58 60 62 65 62 60 60 62 58 56 56 54 53 56 55 56 56 57 57 61 65 62 62 70 73 72 70 63 60 65 64 60 66 69 66 62 58 59 64 62 61 61 62 59 59 60 67 71 69 66 67 64 63 65 66 65 63 58 62 66 65 62 57 55 58 59 58 60 61 61 56 57 56 55 56 54 52 54 58 66 68 69 68 63 59 63 66 67 67 71 70 74 75 76 75 71 68 62 56 56 56 56 57 56 56 55 54 53 50 49 49 47 45 40 38 40 38 34 29 28 26 25 24 21 20 25 19 9 22 23 21 22 22 19 22 23 22 21 22 22 22 21 21 0
72 74 84 83 68 48 49 71 77 81 82 71 64 66 64 62 64 68 71 77 79 82 76 70 69 68 74 81 80 70 65 78 84 75 79 85 78 80 83 85 91 93 90 85 62 53 53 55 56 60 63 63 64 65 62 61 58 58 59 59 62 64 65 65 65 64 62 60 58 56 59 58 55 56 55 57 59 61 60 58 58 61 65 69 70 69 70 67 57 57 61 63 64 60 58 58 58 60 63 61 67 75 74 68 63 65 70 75 68 70 76 74 68 72 74 74 70 64 63 61 60 61 62 65 65 63 61 64 70 74 74 73 71 67 66 63 69 67 63 61 64 68 70 64 61 63 65 63 63 61 60 59 56 56 57 55 55 57 62 61 64 64 63 61 60 59 62 65 67 70 74 66 64 63 70 79 69 61 59 56 57 56 57 58 60 61 61 62 63 61 57 54 51 48 44 46 47 45 43 39 36 33 32 27 22 20 21 19 20 22 23 20 20 18 19 19 20 22 22 22 21 19 19 18 0
78 71 80 89 76 61 61 70 76 86 86 83 77 67 63 61 65 69 73 74 75 73 71 73 75 75 76 83 87 80 72 72 77 76 84 87 80 80 84 87 93 96 94 87 62 52 53 53 54 56 58 59 60 60 58 57 59 63 65 67 68 65 63 61 61 59 59 59 58 56 57 58 59 62 65 66 63 63 61 61 62 63 65 68 69 70 72 63 57 63 69 69 69 67 59 59 62 68 71 72 73 79 79 76 70 69 71 71 72 77 79 75 73 75 77 74 71 68 69 67 67 66 64 66 65 64 63 62 63 64 71 74 75 75 70 66 68 70 69 64 63 68 72 69 63 66 68 67 63 59 59 58 57 58 56 60 66 64 64 62 60 61 62 59 60 63 61 61 61 62 64 61 58 55 58 65 61 55 53 56 58 55 50 49 53 56 56 57 60 62 58 57 55 54 52 54 53 49 47 44 40 37 32 27 26 27 22 24 26 22 23 24 20 20 21 22 20 20 20 21 21 22 18 17 0
90 82 80 79 77 75 69 72 77 77 79 84 78 67 62 61 66 69 72 70 70 65 67 75 79 77 76 83 89 86 80 75 71 72 82 82 80 81 85 88 95 99 96 90 75 66 53 50 53 53 51 52 52 55 56 58 61 66 69 71 70 67 65 63 63 63 62 60 59 59 58 60 65 69 69 67 64 63 63 67 69 72 73 71 72 70 66 58 61 68 72 71 70 69 66 65 70 71 74 77 78 79 79 78 79 79 79 76 75 78 76 76 78 78 79 73 72 74 71 70 71 71 70 67 63 63 64 64 67 65 63 64 69 75 74 71 68 70 69 66 63 63 63 61 58 63 65 61 60 64 66 63 60 57 60 66 73 71 63 62 58 61 66 57 56 58 59 59 60 58 57 59 59 58 56 53 55 58 58 62 66 68 60 48 51 49 45 46 45 44 43 44 45 51 54 56 56 51 50 46 40 40 35 31 35 46 42 44 43 28 32 27 20 28 31 23 23 22 22 21 22 21 19 19 0
88 87 79 72 77 81 76 80 85 78 82 83 82 72 65 63 68 69 69 73 68 65 66 74 77 76 77 82 90 90 86 82 76 73 80 80 80 81 85 91 98 100 96 91 83 78 67 58 61 65 58 56 55 58 58 60 57 58 60 62 62 63 65 66 68 68 66 64 64 64 63 65 66 69 68 67 66 65 68 71 74 76 76 72 65 59 59 60 66 71 74 75 74 72 72 70 72 73 77 78 81 81 81 81 82 82 83 83 82 81 79 79 81 79 77 74 73 75 71 69 70 69 67 67 63 63 66 66 64 64 62 60 62 68 72 74 68 68 67 66 64 59 57 58 57 56 57 56 59 68 71 68 62 59 64 68 73 76 69 63 58 57 61 61 59 59 62 64 70 71 67 67 69 66 65 62 57 60 62 60 59 63 62 54 52 49 51 51 48 44 41 41 42 47 52 54 53 51 47 45 38 37 38 41 46 51 57 57 54 44 44 38 38 43 43 26 28 28 23 22 24 25 29 30 0
79 81 75 72 72 77 79 87 94 85 85 90 91 82 76 72 73 70 69 71 70 69 69 73 76 73 76 79 88 91 89 85 83 78 78 79 80 81 85 91 97 101 102 95 88 81 76 68 70 78 65 58 57 58 64 65 64 62 60 63 65 64 64 65 65 64 64 66 68 66 65 66 67 68 66 66 66 67 68 71 74 76 72 60 58 59 57 62 70 71 72 73 70 69 70 67 66 70 76 77 81 82 83 82 82 80 80 81 79 78 73 71 72 73 72 70 68 71 73 73 76 73 69 70 69 68 63 63 61 58 60 62 61 62 67 69 66 65 63 63 61 59 60 61 56 52 53 56 57 61 65 63 57 60 67 70 74 78 72 60 56 55 61 65 65 67 68 68 74 79 75 70 70 66 65 67 63 61 61 57 54 55 57 58 53 50 50 52 55 54 53 49 43 41 44 45 44 47 44 45 44 42 42 48 52 54 61 57 56 51 46 43 49 49 47 34 39 38 29 29 31 33 37 39 0
0 0 0 0 0 0 0 0 0 0 0 0 0 0 0 0 0 0 0 0 0 0 0 0 0 0 0 0 0 0 0 0 0 0 0 0 0 0 0 0 0 0 0 0 0 0 0 0 0 0 0 0 0 0 0 0 0 0 0 0 0 0 0 0 0 0 0 0 0 0 0 0 0 0 0 0 0 0 0 0 0 0 0 0 0 0 0 0 0 0 0 0 0 0 0 0 0 0 0 0 0 0 0 0 0 0 0 0 0 0 0 0 0 0 0 0 0 0 0 0 0 0 0 0 0 0 0 0 0 0 0 0 0 0 0 0 0 0 0 0 0 0 0 0 0 0 0 0 0 0 0 0 0 0 0 0 0 0 0 0 0 0 0 0 0 0 0 0 0 0 0 0 0 0 0 0 0 0 0 0 0 0 0 0 0 0 0 0 0 0 0 0 0 0 0 0 0 0 0 0 0 0 0 0 0 0 0 0 0 0 0 0 0 0 0 0 0 0 0 0 0 0 0 0 0