-115 -115 -116 -116 -116 -115 -115 -116 -116 -115 -115 -115 -115 -115 -115 -115 -115 -115 -115 -115 -115 -115 -115 -116 -116 -116 -115 -115 -115 -115 -115 -115 -115 -115 -115 -115 -115 -115 -115 -115 -115 -116 -116 -116 -115 -115 -115 -115 -115 -115 -116 -115 -115 -115 -115 -116 -116 -115 -115 -115 -115 -115 -115 -115 -115 -115 -115 -115 -115 -115 -115 -115 -115 -115 -115 -115 -115 -115 -115 -115 -116 -116 -116 -115 -115 -115 -115 -115 -115 -115 -115 -115 -115 -115 -115 -115 -115 -115 -115 -115 -115 -115 -115 -115 -115 -115 -115 -115 -115 -115 -115 -115 -115 -115 -115 -118 -118 -118 -118 -116 -116 -116 -115 -115 -115 -115 -115 -115 -115 -115 -116 -115 -115 -115 -115 -115 -115 -115 -115 -115 -115 -115 -115 -115 -115 -115 -115 -115 -115 -115 -115 -115 -115 -115 -116 -116 -115 -115 -115 -115 -115 -116 -116 -116 -116 -115 -115 -115 -116 -116 -115 -115 -115 -115 -116 -118 -118 -118 -118 -115 -115 -116 -116 -116 -115 -115 -115 -115 -115 -115 -115 -115 -115 -116 -116 -115 -115 -115 -115 -116 -116 -116 -115 -115 -115 -115 -115 -115 -115 -115 -115 -115 -115 -115 -115 -115 -115 -115 -116 -116 -116 -115 -115 -115 0
-115 -115 -116 -116 -116 -115 -115 -115 -115 -115 -115 -115 -115 -115 -115 -115 -115 -115 -115 -115 -115 -115 -115 -115 -115 -115 -115 -115 -115 -115 -115 -115 -115 -115 -115 -115 -115 -115 -115 -115 -115 -115 -115 -115 -115 -115 -115 -115 -115 -115 -116 -115 -115 -115 -115 -115 -115 -115 -115 -115 -115 -115 -115 -115 -115 -115 -115 -115 -115 -115 -115 -115 -115 -115 -115 -115 -115 -115 -115 -115 -115 -115 -115 -115 -115 -115 -115 -115 -115 -115 -115 -115 -115 -115 -115 -115 -115 -115 -115 -115 -115 -115 -115 -115 -115 -115 -115 -115 -115 -115 -115 -115 -115 -115 -115 -116 -116 -116 -116 -115 -115 -115 -115 -115 -115 -115 -115 -115 -115 -115 -115 -115 -115 -115 -115 -115 -115 -115 -115 -115 -115 -115 -115 -115 -115 -115 -115 -115 -115 -115 -115 -115 -115 -115 -115 -115 -115 -115 -115 -115 -115 -114 -114 -115 -115 -115 -115 -115 -115 -115 -115 -115 -115 -115 -115 -116 -116 -116 -116 -115 -115 -115 -115 -115 -115 -115 -115 -115 -115 -115 -115 -115 -115 -115 -115 -115 -115 -115 -115 -115 -115 -115 -115 -115 -115 -115 -115 -115 -115 -115 -115 -115 -115 -115 -115 -115 -115 -115 -115 -115 -115 -115 -115 -115 0
-115 -115 -116 -116 -116 -115 -115 -116 -116 -115 -115 -115 -115 -115 -115 -115 -115 -115 -115 -115 -115 -115 -115 -115 -116 -115 -115 -115 -115 -115 -115 -115 -115 -115 -115 -115 -115 -115 -115 -115 -115 -115 -115 -115 -115 -115 -115 -115 -115 -115 -116 -115 -115 -115 -115 -115 -115 -115 -115 -115 -115 -115 -115 -115 -115 -115 -115 -115 -115 -115 -115 -115 -115 -115 -115 -115 -115 -115 -115 -115 -115 -115 -115 -115 -115 -116 -116 -115 -115 -115 -115 -115 -115 -115 -115 -115 -115 -115 -115 -115 -115 -115 -115 -115 -115 -115 -115 -115 -115 -115 -115 -115 -115 -115 -115 -116 -116 -116 -116 -115 -115 -115 -115 -115 -115 -115 -115 -115 -115 -116 -115 -115 -115 -115 -115 -115 -115 -115 -115 -115 -115 -115 -115 -115 -115 -115 -115 -115 -115 -115 -115 -115 -115 -115 -115 -115 -115 -115 -115 -115 -115 -115 -115 -115 -115 -115 -115 -115 -115 -115 -115 -115 -115 -115 -115 -116 -116 -116 -116 -115 -115 -115 -115 -115 -115 -115 -115 -115 -115 -115 -115 -115 -115 -115 -115 -115 -115 -115 -115 -115 -115 -115 -115 -115 -115 -115 -115 -115 -115 -115 -115 -115 -115 -115 -115 -115 -115 -115 -115 -115 -115 -115 -115 -115 0
-115 -115 -116 -116 -116 -115 -115 -117 -117 -115 -115 -115 -115 -115 -115 -115 -115 -115 -115 -115 -115 -115 -115 -116 -117 -115 -115 -115 -115 -115 -115 -115 -115 -115 -115 -115 -115 -115 -115 -115 -115 -115 -115 -115 -115 -115 -115 -115 -115 -115 -116 -115 -115 -115 -115 -115 -115 -115 -115 -115 -115 -115 -115 -115 -115 -115 -115 -115 -115 -115 -115 -115 -115 -115 -115 -115 -115 -115 -115 -115 -115 -115 -115 -115 -115 -116 -116 -115 -115 -115 -115 -115 -115 -115 -115 -115 -115 -115 -115 -115 -115 -115 -115 -115 -115 -115 -115 -115 -115 -115 -115 -115 -115 -115 -115 -116 -116 -116 -116 -115 -115 -115 -115 -115 -115 -115 -115 -115 -115 -116 -115 -115 -115 -115 -115 -115 -115 -115 -115 -115 -115 -115 -115 -115 -115 -115 -115 -115 -115 -115 -115 -115 -115 -115 -115 -115 -115 -115 -115 -115 -115 -116 -116 -115 -115 -115 -115 -115 -115 -115 -115 -115 -115 -115 -115 -116 -116 -116 -116 -115 -115 -115 -115 -115 -115 -115 -115 -115 -115 -115 -115 -115 -115 -115 -115 -115 -115 -115 -116 -115 -115 -115 -115 -115 -115 -115 -115 -115 -115 -115 -115 -115 -115 -115 -115 -115 -115 -115 -115 -115 -115 -115 -115 -115 0
-117 -117 -117 -117 -117 -117 -117 -117 -117 -117 -117 -116 -115 -115 -115 -115 -116 -116 -115 -115 -116 -117 -117 -116 -116 -116 -116 -116 -117 -117 -115 -115 -116 -116 -116 -116 -116 -115 -115 -117 -117 -116 -116 -116 -116 -116 -115 -115 -117 -117 -117 -116 -116 -116 -116 -116 -116 -116 -116 -116 -116 -116 -116 -116 -116 -116 -116 -117 -117 -116 -116 -116 -116 -116 -115 -115 -115 -115 -115 -115 -116 -116 -116 -117 -117 -116 -116 -116 -116 -116 -115 -115 -115 -115 -116 -116 -116 -116 -116 -117 -117 -117 -117 -116 -116 -116 -115 -115 -115 -115 -115 -115 -115 -116 -116 -116 -116 -116 -116 -116 -116 -116 -116 -116 -116 -116 -115 -115 -115 -116 -115 -116 -116 -116 -116 -116 -116 -116 -115 -115 -117 -117 -116 -115 -115 -116 -116 -116 -116 -116 -116 -116 -116 -116 -116 -116 -116 -116 -116 -115 -116 -117 -117 -116 -116 -117 -117 -117 -116 -116 -116 -116 -116 -116 -116 -116 -116 -115 -115 -116 -116 -116 -116 -116 -116 -116 -115 -115 -115 -115 -115 -115 -115 -116 -116 -116 -116 -116 -117 -117 -116 -116 -115 -115 -115 -115 -115 -116 -116 -116 -116 -117 -117 -117 -116 -116 -116 -116 -115 -115 -115 -115 -115 -115 0
-116 -116 -116 -116 -116 -116 -116 -116 -116 -116 -116 -115 -115 -115 -115 -115 -116 -116 -115 -115 -115 -116 -116 -116 -116 -115 -115 -115 -116 -116 -115 -115 -116 -116 -115 -115 -115 -115 -115 -116 -116 -115 -115 -115 -115 -115 -115 -115 -116 -116 -116 -115 -115 -116 -116 -115 -115 -115 -115 -115 -115 -115 -115 -115 -115 -115 -115 -116 -116 -115 -115 -115 -115 -115 -115 -115 -115 -115 -115 -115 -115 -115 -115 -116 -116 -115 -115 -115 -115 -115 -115 -115 -115 -115 -115 -115 -115 -115 -115 -116 -116 -116 -116 -116 -116 -116 -115 -115 -115 -115 -115 -115 -115 -115 -115 -115 -115 -115 -115 -115 -115 -115 -115 -115 -115 -115 -115 -115 -115 -116 -115 -115 -115 -115 -115 -115 -116 -116 -115 -115 -116 -116 -115 -115 -115 -116 -116 -115 -115 -115 -115 -115 -115 -115 -115 -115 -115 -115 -115 -115 -116 -116 -116 -115 -115 -116 -116 -116 -115 -115 -115 -115 -115 -115 -115 -115 -115 -115 -115 -115 -115 -115 -115 -115 -115 -115 -115 -115 -115 -115 -115 -115 -115 -115 -115 -115 -115 -115 -116 -116 -115 -115 -115 -115 -115 -115 -115 -115 -115 -115 -115 -116 -116 -116 -115 -115 -116 -116 -115 -115 -115 -115 -115 -115 0
-116 -116 -116 -116 -116 -116 -116 -116 -116 -116 -116 -115 -115 -115 -115 -115 -116 -116 -115 -115 -115 -116 -116 -116 -116 -115 -115 -115 -116 -116 -115 -115 -116 -116 -115 -115 -115 -115 -115 -116 -116 -115 -115 -115 -115 -115 -115 -115 -116 -116 -116 -115 -115 -116 -116 -115 -115 -115 -115 -115 -115 -115 -115 -115 -115 -115 -115 -116 -116 -115 -115 -115 -115 -115 -115 -115 -115 -115 -115 -115 -115 -115 -115 -116 -116 -115 -115 -115 -115 -115 -115 -115 -115 -115 -115 -115 -115 -115 -115 -116 -116 -116 -116 -116 -116 -116 -115 -115 -115 -115 -115 -115 -115 -115 -115 -115 -115 -115 -115 -115 -115 -115 -115 -115 -115 -115 -115 -115 -115 -116 -115 -115 -115 -115 -115 -115 -116 -116 -115 -115 -116 -116 -115 -115 -115 -116 -116 -115 -115 -115 -115 -115 -115 -115 -115 -115 -115 -115 -115 -115 -116 -116 -116 -115 -115 -116 -116 -116 -115 -115 -115 -115 -115 -115 -115 -115 -115 -115 -115 -115 -115 -115 -115 -115 -115 -115 -115 -115 -115 -115 -115 -115 -115 -115 -115 -115 -115 -115 -116 -116 -115 -115 -115 -115 -115 -115 -115 -115 -115 -115 -115 -116 -116 -116 -115 -115 -116 -116 -115 -115 -115 -115 -115 -115 0
-115 -115 -115 -115 -115 -115 -115 -115 -115 -115 -115 -115 -115 -115 -115 -115 -116 -116 -115 -115 -115 -115 -115 -116 -116 -115 -115 -115 -115 -115 -115 -115 -116 -116 -115 -115 -115 -115 -115 -115 -115 -115 -115 -115 -115 -115 -115 -115 -115 -115 -115 -115 -115 -116 -116 -115 -115 -115 -115 -115 -115 -115 -115 -115 -115 -115 -115 -115 -115 -115 -115 -115 -115 -115 -115 -115 -115 -115 -115 -115 -115 -115 -115 -115 -115 -115 -115 -115 -115 -115 -115 -115 -115 -115 -115 -115 -115 -115 -115 -115 -115 -115 -115 -116 -116 -116 -115 -115 -115 -115 -115 -115 -115 -115 -115 -114 -114 -114 -114 -115 -115 -115 -115 -115 -115 -115 -115 -115 -115 -116 -115 -115 -115 -115 -115 -115 -116 -116 -115 -115 -115 -115 -115 -115 -115 -116 -116 -115 -115 -115 -115 -115 -115 -115 -115 -115 -115 -115 -115 -115 -116 -115 -115 -115 -115 -115 -115 -115 -115 -115 -115 -115 -115 -115 -115 -114 -114 -114 -114 -115 -115 -115 -115 -115 -115 -115 -115 -115 -115 -115 -115 -115 -115 -115 -115 -115 -115 -115 -115 -115 -115 -115 -115 -115 -115 -115 -115 -115 -115 -115 -115 -115 -115 -115 -115 -115 -116 -116 -115 -115 -115 -115 -115 -115 0
-115 -115 -115 -115 -115 -115 -115 -115 -115 -115 -115 -115 -115 -115 -115 -115 -115 -115 -115 -115 -115 -115 -115 -116 -116 -115 -115 -115 -115 -115 -115 -115 -116 -115 -115 -115 -115 -115 -115 -115 -116 -115 -115 -115 -115 -115 -115 -115 -115 -115 -115 -115 -115 -116 -116 -115 -115 -115 -115 -115 -115 -115 -115 -115 -115 -115 -115 -115 -115 -115 -115 -115 -115 -115 -115 -115 -115 -115 -115 -116 -115 -115 -115 -115 -115 -115 -115 -115 -115 -115 -115 -115 -115 -115 -115 -115 -115 -115 -115 -115 -115 -115 -115 -115 -115 -115 -115 -115 -115 -115 -115 -115 -115 -115 -115 -115 -115 -115 -115 -115 -115 -115 -115 -115 -115 -115 -115 -115 -115 -115 -115 -115 -115 -115 -115 -115 -115 -115 -115 -115 -115 -115 -114 -114 -115 -115 -115 -115 -115 -115 -115 -115 -115 -115 -115 -115 -115 -115 -115 -115 -115 -115 -115 -115 -115 -115 -115 -115 -115 -115 -115 -115 -115 -115 -115 -115 -115 -115 -115 -115 -115 -114 -114 -114 -115 -115 -115 -115 -115 -115 -115 -114 -115 -115 -115 -115 -115 -115 -115 -115 -115 -115 -115 -115 -115 -115 -115 -115 -115 -115 -115 -115 -115 -115 -115 -115 -115 -115 -115 -115 -115 -115 -115 -115 0
-115 -115 -115 -115 -115 -115 -115 -115 -115 -115 -115 -116 -116 -116 -115 -115 -115 -115 -115 -115 -115 -115 -115 -116 -116 -115 -115 -115 -115 -115 -115 -115 -115 -115 -115 -115 -115 -115 -115 -115 -116 -115 -115 -115 -115 -115 -115 -115 -115 -115 -115 -115 -115 -116 -116 -115 -115 -115 -115 -115 -115 -115 -115 -115 -115 -115 -115 -115 -115 -115 -115 -115 -115 -115 -115 -115 -115 -115 -116 -116 -115 -115 -115 -115 -115 -115 -115 -115 -115 -115 -115 -115 -115 -115 -115 -115 -115 -115 -115 -115 -115 -116 -116 -116 -116 -116 -115 -115 -115 -115 -115 -115 -115 -115 -115 -115 -115 -115 -115 -115 -115 -115 -115 -115 -115 -115 -115 -115 -115 -115 -115 -115 -115 -115 -115 -115 -116 -116 -115 -115 -115 -115 -115 -115 -115 -115 -115 -115 -115 -115 -115 -115 -115 -115 -115 -115 -115 -115 -115 -115 -115 -115 -115 -115 -115 -116 -116 -116 -115 -115 -115 -115 -115 -115 -115 -115 -115 -115 -115 -116 -116 -115 -115 -115 -115 -115 -115 -115 -115 -115 -115 -115 -115 -115 -115 -115 -115 -115 -116 -116 -115 -115 -115 -115 -115 -115 -115 -115 -115 -115 -115 -115 -115 -115 -115 -115 -116 -116 -115 -115 -115 -115 -115 -115 0
-116 -116 -115 -115 -115 -116 -116 -116 -116 -115 -115 -116 -117 -117 -116 -116 -115 -115 -116 -116 -116 -116 -116 -116 -116 -116 -116 -116 -116 -116 -116 -116 -115 -115 -116 -116 -116 -116 -116 -115 -115 -116 -116 -116 -116 -116 -116 -116 -115 -115 -115 -116 -116 -116 -116 -116 -116 -116 -116 -116 -116 -116 -116 -116 -116 -116 -116 -115 -115 -115 -115 -116 -116 -116 -116 -116 -116 -116 -117 -116 -116 -116 -116 -116 -116 -116 -116 -116 -116 -116 -116 -116 -116 -116 -115 -115 -115 -115 -115 -116 -116 -117 -117 -117 -117 -117 -116 -116 -116 -116 -115 -115 -115 -116 -116 -116 -116 -116 -116 -116 -116 -116 -116 -116 -116 -116 -115 -115 -115 -116 -116 -116 -116 -116 -116 -116 -117 -117 -116 -116 -116 -116 -116 -116 -115 -116 -116 -116 -116 -116 -116 -116 -116 -116 -116 -116 -116 -116 -116 -115 -115 -116 -116 -116 -116 -117 -117 -116 -115 -115 -116 -116 -116 -116 -116 -116 -116 -116 -116 -116 -116 -115 -115 -115 -116 -116 -116 -116 -116 -116 -116 -116 -115 -116 -116 -116 -116 -116 -117 -117 -116 -116 -116 -116 -116 -116 -116 -115 -115 -116 -116 -115 -115 -115 -116 -116 -117 -117 -116 -116 -116 -115 -115 -115 0
-116 -116 -115 -115 -115 -116 -115 -115 -115 -115 -115 -116 -117 -117 -116 -116 -116 -116 -116 -115 -115 -115 -115 -115 -115 -116 -116 -116 -116 -116 -116 -116 -116 -116 -116 -115 -115 -115 -115 -115 -115 -115 -115 -115 -116 -116 -116 -116 -115 -115 -115 -115 -115 -115 -116 -115 -115 -116 -116 -116 -116 -116 -115 -115 -115 -115 -115 -116 -116 -116 -116 -117 -117 -117 -117 -117 -116 -115 -116 -116 -115 -115 -115 -115 -115 -115 -115 -115 -115 -115 -115 -115 -115 -115 -115 -115 -116 -115 -115 -116 -115 -117 -117 -116 -115 -115 -115 -115 -116 -116 -115 -116 -116 -116 -115 -115 -115 -115 -115 -115 -115 -115 -115 -115 -116 -116 -116 -116 -116 -116 -116 -115 -115 -115 -115 -115 -116 -116 -116 -116 -117 -117 -117 -117 -116 -117 -117 -115 -115 -115 -115 -115 -115 -115 -115 -115 -116 -116 -116 -115 -115 -115 -115 -115 -115 -116 -116 -115 -115 -115 -116 -116 -116 -116 -116 -115 -115 -115 -115 -117 -117 -117 -117 -117 -117 -117 -117 -117 -116 -115 -115 -116 -116 -115 -115 -116 -116 -116 -116 -116 -115 -115 -115 -115 -116 -115 -115 -116 -116 -116 -116 -116 -115 -116 -116 -116 -115 -115 -116 -116 -116 -115 -115 -116 0
-116 -116 -115 -115 -115 -115 -115 -115 -115 -115 -115 -116 -116 -116 -116 -116 -116 -116 -115 -115 -115 -115 -115 -115 -115 -116 -116 -116 -116 -116 -116 -116 -116 -116 -115 -115 -115 -115 -115 -115 -115 -115 -115 -115 -116 -116 -116 -116 -115 -115 -115 -115 -115 -115 -116 -115 -115 -116 -116 -116 -116 -116 -115 -115 -115 -115 -115 -116 -115 -116 -116 -116 -116 -116 -116 -116 -116 -115 -116 -116 -115 -115 -115 -115 -115 -115 -115 -115 -115 -115 -115 -115 -115 -115 -115 -115 -116 -115 -115 -116 -115 -116 -116 -116 -115 -115 -115 -115 -116 -116 -115 -116 -116 -116 -115 -115 -115 -115 -115 -115 -115 -115 -115 -115 -116 -116 -116 -116 -116 -116 -116 -115 -115 -115 -115 -115 -115 -115 -116 -116 -116 -116 -116 -116 -116 -116 -116 -115 -115 -115 -115 -115 -115 -115 -115 -115 -116 -116 -116 -115 -115 -115 -115 -115 -115 -115 -115 -115 -115 -115 -116 -116 -116 -116 -116 -115 -115 -115 -115 -117 -117 -118 -118 -118 -116 -116 -116 -116 -115 -115 -115 -116 -116 -115 -115 -116 -116 -116 -115 -115 -115 -115 -115 -115 -116 -115 -115 -116 -116 -116 -116 -116 -115 -116 -116 -116 -115 -115 -116 -116 -116 -115 -115 -116 0
-116 -116 -115 -115 -115 -115 -115 -115 -115 -115 -115 -115 -115 -115 -115 -115 -116 -116 -115 -115 -115 -115 -115 -115 -115 -115 -115 -115 -115 -115 -115 -115 -116 -116 -115 -115 -115 -115 -115 -115 -115 -115 -115 -115 -115 -115 -115 -115 -115 -115 -115 -115 -115 -115 -116 -115 -115 -115 -115 -115 -115 -115 -115 -115 -115 -115 -115 -116 -115 -116 -116 -116 -116 -116 -116 -116 -116 -115 -115 -115 -115 -115 -115 -115 -115 -115 -115 -115 -115 -115 -115 -115 -115 -115 -115 -115 -116 -115 -115 -116 -115 -116 -116 -116 -116 -116 -115 -115 -115 -115 -115 -115 -116 -116 -115 -115 -115 -115 -115 -115 -115 -115 -115 -115 -115 -115 -115 -115 -115 -116 -116 -115 -115 -115 -115 -115 -115 -115 -115 -115 -116 -116 -116 -116 -116 -116 -116 -115 -115 -115 -115 -115 -115 -115 -115 -115 -115 -115 -115 -115 -115 -115 -115 -115 -115 -115 -115 -115 -115 -115 -115 -115 -115 -115 -115 -115 -115 -115 -115 -117 -117 -117 -117 -117 -116 -116 -116 -116 -115 -115 -115 -115 -115 -115 -115 -115 -115 -115 -115 -115 -115 -115 -115 -115 -116 -115 -115 -116 -116 -117 -117 -116 -115 -116 -115 -115 -115 -115 -115 -115 -115 -115 -115 -116 0
-116 -116 -115 -115 -115 -115 -116 -115 -115 -115 -115 -115 -115 -115 -115 -115 -115 -115 -115 -115 -115 -115 -115 -115 -115 -115 -115 -115 -115 -115 -115 -115 -115 -115 -115 -115 -115 -115 -115 -115 -115 -115 -115 -115 -115 -115 -115 -115 -115 -115 -115 -115 -115 -115 -116 -115 -115 -115 -115 -115 -115 -115 -115 -115 -115 -115 -115 -116 -115 -115 -115 -115 -115 -115 -115 -115 -116 -115 -115 -115 -115 -115 -115 -115 -115 -115 -115 -115 -115 -115 -115 -115 -115 -115 -115 -115 -116 -115 -115 -116 -115 -115 -115 -115 -115 -115 -115 -115 -115 -115 -114 -115 -116 -116 -115 -115 -115 -115 -115 -115 -115 -115 -115 -115 -115 -115 -115 -115 -115 -116 -116 -115 -115 -115 -115 -115 -115 -115 -115 -115 -115 -115 -115 -115 -115 -115 -115 -115 -115 -115 -115 -115 -115 -115 -115 -115 -115 -115 -115 -115 -115 -115 -115 -115 -115 -115 -115 -115 -115 -115 -115 -115 -115 -115 -115 -115 -115 -115 -115 -118 -118 -118 -118 -117 -115 -115 -115 -115 -115 -115 -115 -115 -115 -115 -115 -115 -115 -115 -115 -115 -115 -115 -115 -115 -116 -115 -115 -116 -116 -116 -116 -116 -115 -116 -115 -115 -115 -115 -115 -115 -115 -115 -115 -115 0
-115 -115 -115 -115 -115 -115 -115 -116 -116 -115 -115 -115 -115 -115 -115 -115 -115 -115 -115 -115 -115 -116 -116 -115 -115 -115 -115 -116 -117 -117 -115 -115 -116 -116 -115 -115 -115 -116 -115 -115 -115 -116 -116 -116 -116 -116 -115 -115 -115 -115 -115 -115 -115 -115 -115 -116 -116 -115 -115 -116 -117 -117 -115 -115 -115 -115 -115 -115 -115 -116 -116 -115 -115 -115 -116 -116 -116 -116 -115 -115 -115 -115 -115 -116 -116 -115 -115 -115 -115 -115 -115 -115 -115 -115 -115 -115 -116 -116 -116 -115 -115 -115 -115 -115 -115 -115 -115 -115 -115 -115 -115 -115 -115 -116 -116 -115 -115 -115 -115 -115 -115 -115 -115 -115 -115 -115 -115 -115 -115 -115 -115 -116 -116 -115 -115 -115 -115 -115 -115 -115 -115 -115 -115 -115 -115 -116 -116 -116 -116 -115 -115 -115 -115 -115 -116 -116 -116 -116 -116 -116 -116 -115 -115 -115 -115 -116 -116 -116 -116 -116 -115 -115 -116 -117 -116 -115 -115 -115 -115 -116 -116 -116 -117 -116 -115 -116 -115 -115 -116 -116 -116 -115 -115 -116 -116 -116 -116 -116 -115 -115 -115 -115 -116 -116 -116 -116 -116 -115 -115 -116 -116 -115 -115 -115 -116 -116 -115 -115 -116 -116 -116 -115 -115 -115 0
-115 -115 -115 -115 -115 -115 -115 -116 -116 -115 -115 -115 -115 -115 -115 -115 -115 -115 -115 -115 -115 -116 -116 -116 -116 -115 -115 -115 -116 -116 -115 -115 -116 -116 -115 -115 -115 -116 -115 -115 -115 -116 -116 -116 -116 -116 -115 -115 -115 -115 -115 -115 -115 -115 -115 -116 -116 -115 -115 -115 -116 -116 -115 -115 -115 -115 -115 -115 -115 -116 -116 -115 -115 -116 -117 -117 -116 -116 -115 -115 -116 -116 -116 -117 -117 -115 -115 -115 -115 -115 -116 -116 -115 -115 -115 -115 -116 -116 -116 -115 -115 -115 -115 -115 -115 -115 -115 -115 -115 -115 -115 -115 -115 -116 -116 -115 -115 -116 -116 -115 -115 -115 -115 -115 -116 -116 -115 -115 -115 -115 -115 -116 -116 -116 -116 -116 -116 -116 -115 -115 -116 -116 -115 -115 -116 -117 -117 -116 -116 -115 -115 -115 -115 -115 -116 -116 -116 -116 -116 -116 -116 -115 -115 -115 -115 -116 -116 -116 -116 -116 -115 -115 -116 -116 -116 -115 -115 -115 -115 -115 -115 -116 -116 -116 -115 -116 -116 -116 -116 -116 -116 -115 -115 -117 -117 -116 -116 -116 -115 -115 -115 -115 -116 -116 -116 -117 -117 -115 -115 -116 -116 -115 -115 -115 -116 -116 -115 -115 -116 -116 -116 -115 -115 -115 0
-115 -115 -115 -115 -115 -115 -115 -116 -116 -115 -115 -115 -115 -115 -115 -115 -115 -115 -115 -115 -115 -115 -115 -116 -116 -115 -115 -115 -116 -116 -115 -115 -116 -116 -115 -115 -115 -116 -115 -115 -115 -115 -115 -115 -115 -115 -115 -115 -115 -115 -115 -115 -115 -115 -115 -115 -115 -115 -115 -115 -116 -116 -115 -115 -115 -115 -115 -115 -115 -115 -115 -115 -115 -116 -117 -117 -116 -116 -115 -115 -116 -116 -116 -117 -117 -115 -115 -115 -115 -115 -116 -116 -115 -115 -115 -115 -115 -115 -115 -115 -115 -115 -115 -115 -115 -115 -115 -115 -115 -115 -115 -115 -115 -115 -115 -115 -115 -117 -117 -116 -115 -115 -115 -115 -116 -116 -115 -115 -115 -115 -115 -115 -115 -116 -117 -117 -117 -117 -115 -115 -116 -116 -115 -115 -116 -117 -117 -115 -115 -115 -115 -115 -115 -115 -115 -115 -115 -115 -115 -115 -115 -115 -115 -115 -115 -115 -115 -115 -115 -115 -115 -115 -116 -116 -116 -115 -115 -115 -115 -115 -115 -115 -115 -115 -115 -116 -117 -117 -116 -116 -116 -115 -115 -117 -117 -116 -116 -116 -115 -115 -115 -115 -115 -115 -116 -117 -117 -115 -115 -115 -115 -115 -115 -115 -115 -115 -115 -115 -115 -115 -115 -115 -115 -115 0
-115 -115 -115 -115 -115 -115 -115 -116 -116 -115 -115 -115 -115 -115 -115 -115 -115 -115 -115 -115 -115 -115 -115 -115 -115 -115 -115 -115 -115 -115 -115 -115 -116 -116 -115 -115 -115 -116 -115 -115 -115 -115 -115 -115 -115 -115 -115 -115 -115 -115 -115 -115 -115 -115 -115 -115 -115 -115 -115 -115 -115 -115 -115 -115 -115 -115 -115 -115 -115 -115 -115 -115 -115 -115 -115 -115 -116 -116 -115 -115 -114 -114 -114 -115 -115 -115 -115 -115 -115 -115 -114 -114 -115 -115 -115 -115 -115 -115 -115 -115 -115 -115 -115 -115 -115 -115 -115 -115 -115 -115 -115 -115 -115 -115 -115 -115 -115 -116 -116 -115 -115 -115 -115 -115 -115 -115 -115 -115 -115 -115 -115 -115 -115 -116 -116 -116 -116 -116 -115 -115 -114 -114 -115 -115 -115 -115 -115 -115 -115 -115 -115 -115 -115 -115 -115 -115 -115 -115 -115 -115 -115 -115 -115 -115 -115 -115 -115 -115 -115 -115 -115 -115 -115 -115 -115 -115 -115 -115 -115 -115 -115 -115 -115 -115 -115 -116 -116 -116 -116 -116 -116 -115 -115 -115 -115 -116 -116 -116 -115 -115 -115 -115 -115 -115 -115 -115 -115 -115 -115 -115 -115 -115 -115 -115 -115 -115 -115 -115 -115 -115 -115 -115 -115 -115 0
-115 -115 -115 -115 -115 -115 -115 -115 -115 -116 -116 -115 -115 -115 -115 -116 -115 -116 -115 -115 -115 -115 -115 -116 -116 -115 -115 -115 -115 -116 -115 -115 -116 -116 -116 -116 -116 -116 -115 -115 -115 -116 -116 -116 -115 -115 -116 -116 -115 -115 -116 -115 -115 -115 -115 -115 -115 -115 -115 -115 -115 -115 -116 -116 -115 -115 -115 -115 -115 -115 -115 -115 -115 -115 -115 -115 -115 -115 -115 -115 -115 -115 -115 -115 -115 -115 -115 -115 -115 -115 -115 -115 -115 -115 -115 -115 -115 -115 -115 -115 -115 -115 -115 -115 -115 -115 -115 -115 -115 -115 -115 -115 -115 -115 -115 -115 -115 -115 -115 -115 -115 -116 -116 -115 -115 -115 -115 -115 -115 -116 -115 -115 -115 -115 -115 -115 -115 -115 -116 -116 -115 -115 -115 -115 -115 -116 -116 -115 -115 -115 -115 -115 -115 -115 -115 -115 -115 -115 -116 -115 -115 -115 -115 -115 -115 -115 -115 -115 -115 -116 -115 -115 -116 -115 -114 -115 -115 -115 -115 -115 -115 -115 -115 -115 -115 -116 -115 -115 -115 -115 -115 -115 -115 -115 -115 -115 -115 -115 -115 -115 -115 -115 -115 -115 -115 -115 -115 -115 -115 -115 -115 -115 -115 -115 -115 -115 -115 -115 -115 -115 -115 -115 -115 -115 0
-115 -115 -115 -115 -115 -115 -115 -115 -115 -116 -116 -115 -115 -115 -115 -116 -115 -116 -115 -115 -115 -115 -115 -116 -116 -115 -115 -115 -115 -116 -115 -115 -116 -116 -116 -116 -116 -116 -115 -115 -115 -116 -116 -116 -115 -115 -116 -116 -115 -115 -116 -115 -115 -115 -115 -115 -115 -115 -115 -115 -115 -115 -116 -116 -115 -115 -115 -115 -115 -115 -115 -115 -115 -115 -115 -115 -115 -115 -115 -115 -116 -117 -116 -115 -115 -115 -115 -115 -115 -115 -115 -115 -115 -115 -115 -115 -115 -115 -115 -115 -115 -115 -115 -115 -115 -115 -115 -115 -115 -115 -115 -115 -115 -115 -115 -115 -115 -115 -115 -115 -115 -116 -116 -115 -115 -115 -115 -115 -115 -116 -115 -115 -115 -115 -115 -115 -115 -115 -116 -116 -115 -115 -115 -115 -115 -116 -116 -117 -117 -116 -115 -115 -115 -115 -115 -115 -115 -115 -116 -115 -115 -115 -115 -115 -115 -115 -115 -115 -115 -116 -115 -115 -116 -115 -116 -117 -117 -115 -115 -115 -115 -115 -115 -115 -115 -116 -115 -115 -115 -115 -115 -115 -115 -117 -117 -116 -115 -115 -115 -115 -116 -116 -115 -115 -115 -115 -115 -115 -115 -115 -115 -115 -115 -115 -115 -115 -115 -115 -116 -116 -116 -115 -115 -116 0
-115 -115 -115 -115 -115 -115 -115 -115 -115 -116 -116 -115 -115 -115 -115 -116 -115 -116 -115 -115 -115 -115 -115 -116 -116 -115 -115 -115 -115 -116 -115 -115 -116 -116 -116 -116 -116 -116 -115 -115 -115 -116 -116 -116 -115 -115 -116 -116 -115 -115 -116 -115 -115 -115 -115 -115 -115 -115 -115 -115 -115 -115 -116 -116 -115 -115 -115 -115 -115 -115 -115 -115 -115 -115 -115 -115 -115 -115 -115 -115 -116 -117 -116 -115 -115 -115 -115 -115 -115 -115 -115 -115 -115 -115 -115 -115 -115 -115 -115 -115 -115 -115 -115 -115 -115 -115 -115 -115 -115 -115 -115 -115 -115 -115 -115 -115 -115 -115 -115 -115 -115 -116 -116 -115 -115 -115 -115 -115 -115 -116 -115 -115 -115 -115 -115 -115 -115 -115 -116 -116 -115 -115 -115 -115 -115 -116 -116 -117 -117 -115 -115 -115 -115 -115 -115 -115 -115 -115 -116 -115 -115 -115 -115 -115 -115 -115 -115 -115 -115 -116 -115 -115 -115 -115 -116 -117 -117 -115 -115 -115 -115 -115 -115 -115 -115 -116 -115 -115 -115 -115 -115 -115 -115 -117 -117 -115 -115 -115 -115 -115 -116 -116 -115 -115 -115 -115 -115 -115 -115 -115 -115 -115 -115 -115 -115 -115 -115 -115 -116 -116 -116 -115 -115 -116 0
-115 -115 -115 -115 -115 -115 -115 -115 -115 -116 -116 -115 -115 -115 -115 -116 -115 -116 -115 -115 -115 -115 -115 -116 -116 -115 -115 -115 -115 -116 -115 -115 -116 -116 -116 -116 -116 -116 -115 -115 -115 -116 -116 -116 -115 -115 -116 -116 -115 -115 -116 -115 -115 -115 -115 -115 -115 -115 -115 -115 -115 -115 -116 -116 -115 -115 -115 -115 -115 -115 -115 -115 -115 -115 -115 -115 -115 -115 -115 -115 -115 -115 -115 -115 -115 -115 -115 -115 -115 -115 -115 -115 -115 -115 -115 -115 -115 -115 -115 -115 -115 -115 -115 -115 -115 -115 -115 -115 -115 -115 -115 -115 -115 -115 -115 -115 -115 -115 -115 -115 -115 -116 -116 -115 -115 -115 -115 -115 -115 -116 -115 -115 -115 -115 -115 -115 -115 -115 -116 -116 -115 -115 -115 -115 -115 -116 -116 -115 -115 -115 -115 -115 -115 -115 -115 -115 -115 -115 -116 -115 -115 -115 -115 -115 -115 -115 -115 -115 -115 -116 -115 -115 -115 -115 -116 -115 -115 -115 -115 -115 -115 -115 -115 -115 -115 -116 -115 -115 -115 -115 -115 -115 -115 -115 -115 -115 -115 -115 -115 -115 -115 -115 -115 -115 -115 -115 -115 -115 -115 -115 -115 -115 -115 -115 -115 -115 -115 -115 -114 -114 -115 -115 -115 -115 0
-115 -115 -115 -115 -115 -115 -115 -115 -115 -115 -115 -115 -115 -115 -115 -115 -115 -115 -115 -115 -115 -115 -115 -115 -115 -115 -115 -115 -115 -115 -115 -115 -115 -116 -116 -115 -115 -115 -115 -115 -115 -116 -116 -115 -115 -115 -115 -115 -115 -115 -115 -115 -115 -115 -115 -115 -115 -115 -115 -115 -115 -115 -116 -116 -115 -115 -115 -115 -115 -115 -115 -115 -115 -115 -115 -115 -115 -115 -116 -115 -115 -115 -115 -116 -116 -115 -115 -115 -115 -115 -115 -115 -115 -115 -115 -115 -115 -115 -115 -115 -115 -115 -115 -115 -115 -115 -115 -115 -115 -115 -115 -115 -115 -115 -115 -115 -115 -115 -115 -115 -115 -115 -115 -115 -115 -115 -115 -115 -115 -115 -115 -115 -115 -115 -115 -115 -115 -115 -115 -115 -115 -115 -115 -115 -115 -116 -116 -115 -115 -115 -115 -115 -115 -115 -115 -115 -115 -115 -115 -115 -115 -115 -115 -115 -115 -115 -115 -115 -115 -115 -115 -115 -115 -115 -115 -116 -116 -115 -115 -115 -115 -115 -115 -115 -115 -115 -115 -115 -115 -115 -115 -115 -115 -115 -115 -116 -116 -116 -115 -115 -115 -115 -115 -115 -115 -115 -115 -115 -115 -115 -115 -115 -115 -115 -115 -115 -115 -115 -115 -115 -115 -115 -115 -115 0
-116 -116 -116 -116 -116 -116 -116 -116 -116 -115 -115 -115 -115 -115 -115 -115 -116 -116 -115 -115 -115 -116 -116 -116 -116 -115 -115 -115 -116 -116 -116 -116 -115 -116 -116 -116 -116 -116 -116 -116 -116 -117 -116 -115 -116 -116 -115 -115 -116 -116 -116 -116 -116 -117 -117 -116 -116 -116 -116 -116 -116 -116 -116 -116 -116 -116 -116 -116 -116 -116 -116 -116 -116 -116 -115 -115 -116 -116 -116 -116 -116 -115 -116 -117 -117 -115 -115 -116 -116 -116 -116 -116 -116 -116 -116 -116 -116 -116 -116 -117 -117 -116 -116 -116 -116 -116 -117 -117 -116 -116 -116 -116 -116 -116 -116 -116 -116 -117 -117 -117 -117 -117 -116 -116 -117 -117 -116 -115 -115 -116 -116 -116 -116 -116 -116 -116 -116 -116 -116 -116 -116 -116 -115 -115 -115 -116 -116 -116 -116 -116 -116 -116 -115 -115 -116 -116 -116 -116 -116 -115 -115 -116 -116 -116 -116 -117 -117 -117 -116 -116 -116 -116 -115 -115 -115 -116 -116 -116 -116 -116 -116 -116 -116 -116 -117 -117 -116 -116 -116 -116 -116 -116 -116 -115 -115 -116 -116 -116 -117 -117 -116 -116 -116 -116 -116 -116 -116 -116 -116 -116 -116 -116 -116 -116 -116 -116 -115 -115 -116 -117 -117 -116 -116 -116 0
-116 -116 -116 -116 -116 -116 -116 -116 -116 -116 -116 -117 -117 -117 -115 -115 -116 -116 -116 -116 -116 -116 -116 -116 -116 -117 -117 -117 -116 -116 -116 -116 -115 -116 -116 -116 -116 -116 -116 -116 -116 -117 -116 -115 -116 -116 -115 -115 -116 -116 -116 -116 -116 -117 -117 -116 -116 -116 -116 -116 -116 -116 -116 -116 -116 -116 -116 -116 -116 -116 -116 -116 -116 -116 -116 -116 -116 -116 -117 -116 -116 -116 -116 -116 -116 -116 -116 -116 -116 -116 -116 -116 -116 -116 -116 -116 -116 -116 -116 -117 -117 -116 -116 -116 -116 -116 -117 -117 -116 -116 -116 -116 -116 -116 -116 -116 -116 -117 -117 -117 -117 -117 -116 -116 -117 -117 -116 -116 -116 -116 -116 -116 -116 -116 -116 -117 -117 -117 -117 -117 -116 -116 -115 -115 -115 -116 -116 -116 -116 -116 -116 -116 -117 -117 -116 -116 -116 -116 -116 -115 -115 -116 -116 -116 -116 -117 -117 -117 -116 -116 -116 -116 -115 -115 -115 -116 -116 -116 -116 -116 -116 -116 -116 -116 -117 -117 -116 -116 -116 -116 -116 -116 -116 -115 -115 -116 -116 -116 -117 -117 -116 -116 -116 -116 -116 -116 -116 -116 -116 -116 -116 -116 -116 -116 -116 -116 -116 -116 -116 -117 -117 -116 -116 -116 0
-117 -116 -116 -116 -116 -116 -116 -116 -116 -116 -116 -116 -116 -116 -115 -115 -116 -117 -116 -116 -116 -117 -117 -117 -116 -116 -116 -116 -116 -116 -116 -116 -116 -116 -117 -117 -116 -116 -116 -116 -116 -116 -116 -116 -116 -116 -115 -115 -116 -116 -116 -117 -117 -116 -116 -116 -116 -117 -117 -117 -116 -116 -116 -116 -116 -116 -116 -116 -116 -116 -116 -117 -117 -117 -116 -116 -116 -116 -117 -116 -116 -116 -116 -115 -115 -116 -116 -117 -117 -117 -117 -117 -117 -117 -116 -116 -117 -116 -116 -116 -116 -117 -117 -117 -116 -116 -116 -116 -116 -116 -116 -116 -116 -116 -116 -116 -117 -116 -116 -116 -116 -116 -116 -116 -116 -116 -116 -116 -116 -117 -117 -116 -116 -117 -117 -116 -115 -115 -115 -115 -116 -116 -116 -115 -115 -116 -116 -116 -116 -116 -116 -116 -116 -116 -116 -116 -116 -116 -116 -115 -115 -117 -116 -117 -117 -116 -116 -116 -116 -116 -116 -116 -116 -115 -115 -116 -116 -116 -116 -117 -117 -116 -116 -116 -116 -116 -116 -116 -116 -116 -117 -117 -117 -115 -115 -116 -116 -116 -116 -116 -116 -116 -117 -117 -116 -116 -116 -116 -116 -116 -116 -116 -116 -116 -117 -117 -116 -116 -116 -116 -116 -116 -116 -117 0
-116 -115 -115 -115 -115 -115 -115 -115 -115 -116 -116 -115 -115 -115 -115 -115 -115 -116 -116 -115 -116 -117 -117 -116 -115 -115 -115 -115 -115 -115 -115 -115 -115 -115 -116 -116 -115 -115 -115 -115 -115 -115 -115 -115 -115 -115 -115 -115 -115 -115 -115 -116 -116 -116 -116 -115 -115 -116 -116 -116 -115 -115 -115 -115 -115 -115 -115 -115 -115 -115 -115 -116 -116 -116 -115 -115 -115 -115 -117 -117 -116 -115 -115 -115 -115 -115 -115 -116 -116 -116 -116 -116 -116 -116 -115 -115 -116 -115 -115 -115 -115 -117 -117 -116 -115 -115 -116 -116 -115 -115 -115 -115 -115 -115 -115 -115 -116 -115 -115 -115 -115 -116 -115 -115 -115 -115 -115 -115 -115 -116 -116 -115 -115 -116 -116 -116 -115 -115 -115 -115 -115 -115 -115 -115 -115 -115 -115 -115 -115 -115 -115 -115 -115 -115 -115 -115 -115 -115 -115 -115 -115 -116 -115 -116 -116 -115 -115 -115 -115 -115 -115 -115 -115 -115 -115 -115 -115 -115 -115 -116 -116 -115 -115 -115 -116 -115 -115 -115 -115 -115 -116 -117 -117 -115 -115 -115 -115 -115 -115 -115 -115 -115 -116 -116 -115 -115 -115 -115 -115 -115 -115 -115 -115 -115 -116 -116 -115 -115 -116 -116 -116 -115 -115 -116 0
-116 -115 -115 -115 -115 -115 -115 -115 -115 -115 -115 -115 -115 -115 -115 -115 -115 -116 -116 -115 -115 -116 -116 -115 -115 -116 -115 -115 -115 -115 -115 -115 -115 -115 -116 -116 -116 -115 -115 -115 -115 -115 -115 -115 -115 -115 -115 -115 -115 -115 -115 -115 -116 -116 -116 -115 -115 -115 -115 -115 -115 -115 -115 -115 -115 -115 -115 -115 -115 -116 -116 -116 -116 -116 -115 -115 -115 -115 -116 -116 -115 -115 -115 -115 -115 -115 -115 -115 -115 -115 -115 -115 -115 -115 -115 -115 -116 -115 -115 -115 -115 -116 -116 -115 -115 -116 -117 -117 -115 -115 -115 -115 -115 -115 -115 -115 -116 -115 -115 -115 -115 -116 -115 -115 -115 -115 -115 -115 -115 -116 -116 -115 -115 -115 -115 -115 -115 -115 -115 -115 -115 -115 -115 -115 -115 -115 -115 -115 -115 -115 -115 -115 -115 -115 -116 -116 -115 -115 -115 -115 -115 -116 -115 -116 -116 -115 -115 -115 -115 -115 -115 -115 -115 -115 -115 -115 -115 -115 -115 -115 -115 -115 -115 -115 -116 -115 -115 -115 -115 -115 -115 -116 -116 -115 -115 -115 -115 -115 -115 -115 -115 -115 -115 -115 -115 -115 -115 -115 -115 -115 -115 -115 -115 -115 -115 -115 -115 -115 -116 -116 -116 -115 -115 -115 0
-116 -115 -115 -115 -115 -115 -115 -115 -115 -115 -115 -115 -115 -115 -115 -115 -115 -116 -116 -115 -115 -116 -116 -115 -116 -116 -115 -115 -115 -115 -115 -115 -115 -115 -115 -116 -116 -115 -115 -115 -115 -115 -115 -115 -115 -115 -115 -115 -115 -115 -115 -115 -115 -116 -116 -115 -115 -115 -115 -115 -115 -115 -115 -115 -115 -115 -115 -115 -115 -115 -115 -116 -116 -116 -115 -115 -115 -115 -116 -116 -115 -115 -115 -115 -115 -115 -115 -115 -115 -115 -115 -115 -115 -115 -115 -115 -116 -115 -115 -115 -115 -116 -116 -115 -115 -115 -116 -116 -115 -115 -115 -115 -115 -115 -115 -115 -116 -115 -115 -115 -115 -116 -115 -115 -115 -115 -115 -115 -115 -116 -116 -115 -115 -115 -115 -115 -115 -115 -115 -115 -115 -115 -115 -115 -115 -115 -115 -115 -115 -115 -115 -115 -115 -115 -115 -115 -115 -115 -115 -115 -115 -116 -115 -116 -116 -115 -115 -115 -115 -115 -115 -115 -115 -115 -115 -115 -115 -115 -115 -115 -115 -115 -115 -115 -116 -115 -115 -115 -115 -115 -115 -116 -116 -115 -115 -115 -115 -115 -115 -115 -115 -115 -115 -115 -115 -115 -115 -115 -115 -115 -115 -115 -115 -115 -115 -115 -115 -115 -116 -116 -116 -115 -115 -115 0
-116 -115 -115 -115 -115 -115 -115 -115 -115 -115 -115 -115 -115 -115 -115 -115 -115 -116 -116 -115 -115 -115 -115 -115 -116 -115 -115 -115 -115 -115 -115 -115 -115 -115 -115 -116 -116 -115 -115 -115 -115 -115 -115 -115 -115 -115 -115 -115 -115 -115 -115 -115 -115 -116 -116 -115 -115 -115 -115 -115 -115 -115 -115 -115 -115 -115 -115 -115 -115 -115 -115 -115 -115 -115 -115 -115 -115 -115 -115 -115 -115 -115 -115 -115 -115 -115 -115 -115 -115 -115 -115 -115 -115 -115 -115 -115 -116 -115 -115 -115 -115 -115 -115 -115 -115 -115 -115 -115 -115 -115 -115 -115 -115 -115 -115 -115 -116 -115 -115 -115 -115 -115 -115 -115 -115 -115 -115 -115 -115 -116 -116 -115 -115 -115 -115 -115 -115 -115 -115 -115 -115 -115 -115 -115 -115 -115 -115 -115 -115 -115 -115 -115 -115 -115 -115 -115 -115 -115 -115 -115 -116 -116 -115 -116 -116 -115 -115 -115 -115 -115 -115 -115 -115 -115 -115 -115 -115 -115 -115 -115 -115 -115 -115 -115 -115 -115 -115 -115 -115 -115 -115 -115 -115 -115 -115 -115 -115 -115 -115 -115 -115 -115 -115 -115 -115 -115 -115 -115 -115 -115 -115 -115 -115 -115 -115 -115 -115 -115 -115 -115 -115 -115 -115 -115 0
-115 -115 -115 -116 -116 -115 -115 -116 -116 -116 -116 -116 -114 -115 -115 -115 -116 -116 -116 -116 -116 -116 -116 -115 -115 -116 -116 -116 -116 -116 -115 -115 -115 -115 -115 -115 -115 -116 -116 -116 -116 -116 -116 -116 -116 -116 -115 -115 -115 -115 -115 -116 -116 -115 -115 -116 -116 -116 -116 -116 -116 -116 -116 -116 -116 -116 -116 -115 -115 -115 -115 -116 -116 -116 -116 -116 -116 -116 -116 -116 -116 -115 -115 -116 -116 -115 -115 -116 -116 -116 -115 -115 -116 -116 -115 -115 -116 -116 -116 -117 -117 -115 -115 -115 -115 -115 -116 -116 -115 -115 -116 -116 -116 -115 -115 -116 -116 -115 -115 -116 -116 -116 -116 -116 -115 -115 -115 -115 -115 -116 -116 -116 -116 -116 -116 -116 -115 -115 -116 -116 -116 -116 -115 -115 -115 -116 -116 -116 -116 -117 -117 -117 -116 -116 -116 -116 -115 -115 -115 -115 -116 -115 -115 -116 -116 -115 -115 -115 -116 -116 -116 -116 -116 -116 -116 -116 -116 -115 -115 -115 -115 -115 -115 -115 -116 -116 -116 -116 -116 -116 -116 -116 -116 -115 -115 -116 -116 -116 -115 -115 -116 -116 -115 -115 -115 -115 -115 -115 -115 -115 -115 -115 -116 -116 -115 -115 -115 -115 -116 -116 -116 -115 -115 -116 0
-115 -115 -116 -116 -116 -115 -115 -116 -116 -116 -116 -116 -115 -116 -115 -115 -116 -116 -116 -116 -116 -116 -116 -115 -115 -116 -116 -116 -116 -116 -115 -115 -115 -115 -115 -115 -115 -116 -116 -116 -116 -116 -116 -116 -116 -116 -115 -115 -115 -115 -115 -116 -116 -115 -115 -116 -116 -116 -116 -116 -116 -116 -116 -116 -116 -116 -116 -115 -115 -115 -115 -116 -116 -116 -116 -116 -116 -116 -116 -116 -116 -115 -115 -116 -116 -115 -115 -116 -116 -116 -115 -115 -116 -116 -115 -115 -116 -116 -116 -117 -117 -115 -115 -115 -115 -115 -116 -116 -115 -115 -116 -116 -116 -115 -115 -116 -116 -115 -115 -116 -116 -116 -116 -116 -115 -115 -115 -115 -115 -116 -116 -116 -116 -116 -116 -116 -115 -115 -116 -116 -116 -116 -115 -115 -115 -116 -116 -116 -116 -117 -117 -117 -116 -116 -116 -116 -115 -115 -115 -115 -115 -115 -115 -116 -116 -115 -115 -115 -116 -116 -116 -116 -116 -116 -116 -116 -116 -115 -115 -115 -115 -115 -115 -115 -116 -116 -116 -116 -116 -116 -116 -116 -116 -115 -115 -116 -116 -116 -115 -115 -116 -116 -115 -115 -115 -115 -115 -115 -115 -115 -115 -116 -116 -116 -115 -115 -115 -115 -116 -116 -116 -115 -115 -116 0
-115 -115 -116 -116 -115 -115 -115 -116 -116 -117 -117 -117 -115 -116 -115 -115 -116 -116 -116 -116 -116 -116 -116 -115 -115 -116 -117 -117 -117 -117 -115 -115 -115 -115 -115 -115 -115 -117 -117 -116 -116 -117 -117 -117 -116 -116 -116 -116 -115 -115 -115 -116 -116 -115 -115 -117 -117 -117 -117 -117 -117 -117 -116 -116 -116 -116 -116 -115 -115 -115 -115 -117 -117 -117 -117 -117 -116 -116 -117 -117 -116 -115 -115 -116 -116 -115 -115 -116 -117 -116 -115 -115 -117 -117 -115 -115 -116 -116 -116 -118 -118 -115 -115 -115 -115 -116 -117 -117 -115 -115 -116 -117 -116 -115 -115 -116 -116 -115 -115 -116 -117 -117 -117 -117 -115 -115 -115 -115 -115 -116 -116 -116 -116 -116 -116 -116 -115 -115 -117 -117 -117 -117 -116 -115 -116 -117 -117 -116 -116 -117 -118 -118 -117 -117 -116 -116 -116 -116 -116 -115 -115 -115 -115 -116 -116 -115 -115 -116 -117 -117 -117 -117 -117 -117 -117 -116 -116 -115 -115 -115 -115 -115 -115 -115 -117 -117 -117 -117 -117 -117 -117 -117 -117 -115 -115 -116 -116 -116 -115 -115 -116 -116 -116 -116 -116 -116 -116 -115 -115 -115 -115 -116 -116 -115 -115 -115 -115 -115 -116 -117 -116 -115 -115 -117 0
-115 -115 -115 -115 -115 -115 -115 -115 -115 -116 -116 -116 -115 -115 -115 -115 -116 -116 -115 -115 -115 -115 -115 -116 -116 -115 -116 -116 -116 -116 -115 -115 -115 -115 -116 -116 -116 -116 -116 -115 -115 -116 -116 -116 -115 -115 -115 -115 -116 -116 -116 -115 -115 -115 -115 -116 -116 -116 -116 -116 -116 -116 -115 -115 -116 -116 -116 -115 -115 -115 -115 -117 -117 -117 -116 -116 -116 -116 -116 -116 -116 -116 -116 -115 -115 -115 -115 -116 -116 -116 -115 -115 -116 -116 -115 -115 -116 -116 -116 -117 -117 -116 -116 -116 -116 -116 -116 -116 -115 -115 -115 -116 -116 -116 -116 -116 -115 -115 -115 -115 -116 -116 -116 -116 -115 -115 -115 -115 -115 -116 -116 -116 -116 -116 -116 -116 -116 -116 -116 -116 -116 -116 -115 -115 -115 -116 -116 -117 -117 -116 -117 -117 -116 -116 -115 -115 -115 -115 -116 -116 -116 -115 -115 -115 -115 -115 -115 -115 -116 -116 -116 -116 -116 -116 -116 -115 -115 -115 -115 -115 -115 -115 -115 -115 -116 -116 -116 -116 -116 -116 -116 -116 -116 -115 -115 -115 -115 -115 -115 -115 -115 -115 -115 -115 -115 -115 -115 -115 -115 -115 -115 -115 -115 -115 -115 -115 -116 -116 -116 -116 -116 -115 -115 -116 0
-115 -115 -115 -115 -115 -115 -115 -115 -115 -115 -115 -115 -115 -115 -115 -115 -115 -115 -115 -115 -115 -115 -115 -115 -115 -115 -115 -115 -115 -115 -115 -115 -115 -115 -116 -116 -116 -116 -116 -115 -115 -115 -115 -115 -115 -115 -115 -115 -116 -116 -116 -115 -115 -115 -115 -115 -115 -115 -115 -115 -115 -115 -115 -115 -115 -115 -115 -115 -115 -115 -115 -116 -116 -116 -115 -115 -115 -115 -115 -115 -115 -115 -115 -115 -115 -115 -115 -115 -115 -115 -115 -115 -115 -115 -115 -115 -116 -116 -116 -116 -116 -115 -115 -115 -115 -115 -115 -115 -115 -115 -115 -115 -115 -116 -116 -115 -115 -115 -115 -115 -115 -115 -115 -115 -115 -115 -115 -115 -115 -115 -115 -116 -116 -115 -115 -115 -115 -115 -115 -115 -115 -115 -115 -115 -115 -115 -115 -117 -117 -116 -116 -116 -115 -115 -115 -115 -115 -115 -115 -116 -116 -115 -115 -115 -115 -115 -115 -115 -115 -115 -115 -115 -115 -115 -115 -115 -115 -115 -115 -115 -115 -115 -115 -115 -115 -115 -115 -115 -115 -115 -115 -115 -115 -115 -115 -115 -115 -115 -115 -115 -115 -115 -115 -115 -115 -115 -115 -115 -115 -115 -115 -115 -115 -115 -115 -115 -115 -115 -115 -115 -115 -115 -115 -115 0
-115 -115 -115 -115 -115 -115 -115 -115 -115 -115 -115 -115 -115 -115 -115 -115 -114 -114 -115 -115 -115 -115 -115 -114 -114 -115 -115 -115 -115 -115 -115 -115 -115 -115 -116 -116 -116 -116 -116 -115 -115 -115 -115 -115 -115 -115 -115 -115 -116 -116 -116 -115 -115 -115 -115 -114 -114 -115 -115 -115 -114 -114 -115 -115 -114 -114 -114 -115 -115 -115 -115 -115 -115 -115 -114 -114 -114 -114 -114 -114 -114 -114 -114 -115 -115 -115 -115 -114 -114 -114 -115 -115 -115 -115 -115 -115 -116 -116 -116 -116 -116 -114 -114 -114 -114 -114 -114 -114 -115 -115 -115 -115 -115 -115 -115 -115 -115 -115 -115 -115 -115 -115 -115 -115 -115 -115 -115 -115 -115 -114 -114 -116 -116 -115 -114 -114 -114 -114 -115 -115 -114 -114 -115 -115 -115 -114 -114 -117 -117 -116 -116 -116 -115 -115 -115 -115 -115 -115 -115 -115 -115 -115 -115 -115 -115 -115 -115 -115 -115 -115 -115 -115 -115 -115 -115 -115 -115 -115 -115 -115 -115 -115 -115 -115 -115 -115 -115 -115 -114 -114 -114 -115 -115 -115 -115 -115 -115 -115 -115 -115 -115 -115 -115 -115 -115 -115 -115 -115 -115 -115 -115 -115 -115 -115 -115 -115 -114 -114 -114 -114 -114 -115 -115 -114 0
-115 -115 -115 -115 -115 -115 -115 -115 -115 -115 -115 -115 -115 -115 -115 -115 -115 -115 -115 -115 -115 -115 -115 -115 -115 -115 -115 -115 -115 -115 -115 -115 -115 -115 -116 -116 -116 -116 -116 -115 -115 -115 -115 -115 -115 -115 -115 -115 -116 -116 -116 -115 -115 -115 -115 -116 -116 -115 -115 -115 -116 -116 -115 -115 -116 -116 -116 -115 -115 -115 -115 -116 -116 -116 -116 -116 -116 -116 -116 -116 -116 -116 -116 -115 -115 -115 -115 -116 -116 -116 -115 -115 -115 -115 -115 -115 -116 -116 -116 -116 -116 -116 -116 -116 -116 -116 -116 -116 -115 -115 -115 -115 -115 -116 -116 -115 -115 -115 -115 -115 -115 -115 -115 -115 -115 -115 -115 -115 -115 -116 -116 -116 -116 -116 -116 -116 -116 -116 -115 -115 -116 -116 -115 -115 -115 -116 -116 -117 -117 -116 -116 -116 -115 -115 -115 -115 -115 -115 -115 -116 -116 -115 -115 -115 -115 -115 -115 -115 -115 -115 -115 -115 -115 -115 -115 -115 -115 -115 -115 -115 -115 -115 -115 -115 -115 -115 -115 -115 -116 -116 -116 -115 -115 -115 -115 -115 -115 -115 -115 -115 -115 -115 -115 -115 -115 -115 -115 -115 -115 -115 -115 -115 -115 -115 -115 -115 -116 -116 -116 -116 -116 -115 -115 -116 0
-115 -116 -116 -115 -115 -115 -115 -115 -115 -115 -115 -115 -115 -116 -120 -117 -112 -113 -115 -115 -115 -115 -115 -114 -112 -114 -116 -117 -116 -116 -116 -116 -116 -116 -115 -115 -116 -116 -116 -115 -115 -115 -115 -115 -115 -115 -116 -116 -115 -115 -115 -115 -115 -115 -115 -116 -116 -115 -115 -115 -116 -116 -115 -115 -115 -115 -115 -116 -116 -116 -116 -116 -116 -116 -115 -115 -117 -117 -116 -116 -117 -117 -116 -115 -115 -116 -116 -115 -115 -115 -115 -115 -115 -115 -115 -115 -115 -115 -115 -115 -116 -116 -116 -116 -116 -116 -116 -116 -116 -115 -115 -115 -115 -117 -117 -115 -115 -115 -115 -115 -115 -115 -115 -115 -115 -115 -116 -116 -116 -116 -115 -116 -116 -116 -116 -116 -117 -117 -115 -115 -116 -116 -116 -116 -116 -115 -115 -116 -116 -115 -115 -115 -115 -115 -115 -115 -116 -116 -116 -117 -117 -115 -115 -115 -115 -115 -115 -115 -115 -115 -115 -115 -115 -115 -115 -115 -115 -115 -115 -115 -115 -116 -116 -116 -116 -116 -115 -115 -116 -117 -117 -116 -116 -116 -116 -115 -115 -115 -116 -115 -116 -116 -115 -115 -115 -115 -115 -115 -115 -115 -115 -115 -115 -115 -116 -116 -115 -115 -116 -117 -116 -115 -115 -115 0
-115 -116 -116 -115 -115 -115 -115 -115 -115 -115 -115 -115 -115 -115 -119 -120 -117 -119 -121 -120 -119 -118 -118 -118 -118 -117 -116 -116 -115 -115 -116 -116 -116 -116 -115 -115 -116 -116 -116 -115 -115 -115 -115 -115 -116 -116 -115 -115 -115 -115 -115 -115 -115 -115 -115 -115 -115 -115 -115 -115 -115 -115 -115 -115 -115 -115 -115 -115 -115 -115 -115 -115 -115 -115 -115 -115 -115 -115 -115 -115 -115 -115 -116 -116 -116 -116 -116 -115 -115 -115 -115 -115 -115 -115 -116 -116 -115 -115 -115 -115 -116 -115 -115 -116 -116 -116 -115 -115 -116 -115 -115 -115 -115 -115 -116 -116 -116 -115 -115 -115 -115 -115 -115 -115 -116 -116 -115 -115 -116 -116 -116 -115 -115 -116 -116 -116 -115 -115 -115 -115 -115 -115 -116 -116 -116 -115 -115 -116 -116 -116 -116 -116 -115 -115 -115 -115 -115 -115 -115 -115 -115 -115 -115 -115 -115 -115 -115 -115 -115 -115 -115 -115 -115 -115 -115 -115 -115 -115 -115 -116 -116 -116 -116 -116 -115 -115 -115 -115 -116 -115 -115 -115 -115 -116 -116 -115 -115 -115 -116 -115 -115 -115 -115 -115 -115 -115 -115 -116 -116 -115 -115 -115 -115 -115 -116 -116 -115 -115 -116 -115 -116 -115 -115 -115 0
-117 -116 -115 -115 -116 -115 -115 -116 -116 -115 -115 -116 -116 -115 -117 -120 -123 -123 -123 -122 -121 -119 -118 -120 -123 -123 -117 -115 -116 -116 -116 -116 -116 -116 -115 -115 -116 -116 -116 -116 -116 -115 -115 -115 -116 -116 -116 -116 -115 -115 -115 -115 -115 -115 -115 -116 -116 -115 -115 -115 -116 -116 -116 -116 -115 -115 -115 -116 -116 -115 -115 -116 -116 -115 -115 -115 -115 -115 -116 -116 -115 -115 -115 -116 -116 -116 -116 -115 -115 -115 -115 -115 -116 -116 -116 -116 -115 -115 -115 -116 -117 -116 -116 -116 -116 -115 -115 -115 -116 -117 -115 -116 -116 -117 -116 -116 -116 -115 -115 -116 -116 -116 -116 -116 -116 -116 -116 -116 -115 -116 -116 -116 -116 -116 -116 -116 -115 -115 -115 -115 -116 -116 -116 -116 -116 -115 -115 -116 -116 -116 -116 -116 -115 -115 -115 -115 -116 -116 -116 -115 -115 -115 -115 -115 -115 -115 -115 -115 -115 -115 -116 -116 -115 -115 -115 -115 -115 -116 -116 -116 -116 -115 -115 -115 -116 -116 -115 -115 -115 -115 -115 -116 -116 -115 -115 -116 -117 -117 -116 -117 -116 -116 -115 -115 -116 -116 -116 -116 -116 -115 -115 -115 -116 -116 -116 -116 -115 -115 -115 -115 -115 -116 -116 -115 0
-116 -116 -115 -115 -116 -115 -115 -116 -116 -116 -116 -116 -116 -116 -117 -119 -122 -117 -116 -114 -109 -103 -98 -101 -115 -121 -118 -116 -117 -117 -116 -116 -116 -116 -115 -115 -116 -116 -116 -116 -116 -115 -115 -116 -117 -117 -117 -117 -116 -115 -115 -115 -115 -115 -115 -117 -117 -116 -115 -116 -117 -117 -116 -116 -115 -115 -116 -117 -117 -116 -116 -117 -117 -116 -115 -115 -117 -117 -117 -117 -116 -116 -116 -117 -117 -116 -116 -116 -116 -116 -116 -116 -116 -116 -117 -117 -116 -116 -116 -116 -117 -116 -116 -116 -116 -116 -116 -116 -116 -117 -116 -116 -116 -116 -115 -117 -117 -115 -115 -116 -116 -116 -116 -116 -117 -117 -117 -117 -116 -115 -117 -117 -117 -116 -116 -116 -116 -116 -115 -115 -117 -117 -116 -116 -116 -115 -115 -116 -116 -117 -117 -116 -115 -115 -115 -115 -117 -117 -117 -117 -117 -115 -115 -115 -115 -115 -115 -116 -117 -117 -116 -116 -116 -116 -116 -115 -115 -116 -116 -117 -117 -116 -116 -116 -117 -117 -115 -115 -116 -117 -117 -117 -117 -116 -116 -116 -116 -116 -116 -117 -117 -117 -116 -116 -116 -116 -116 -117 -117 -116 -116 -116 -116 -116 -116 -116 -115 -115 -116 -116 -116 -116 -116 -116 0
-116 -115 -115 -115 -115 -115 -115 -115 -115 -115 -115 -115 -115 -116 -116 -114 -118 -52 1 16 30 43 53 53 11 -98 -116 -117 -116 -116 -115 -115 -115 -115 -115 -115 -115 -115 -115 -115 -115 -115 -115 -115 -116 -116 -115 -115 -115 -115 -115 -115 -115 -115 -115 -116 -116 -116 -116 -116 -115 -115 -115 -115 -116 -116 -116 -116 -116 -115 -115 -115 -115 -115 -116 -116 -115 -115 -115 -115 -115 -115 -115 -115 -115 -116 -116 -115 -115 -115 -115 -115 -115 -115 -115 -115 -116 -116 -116 -115 -115 -115 -115 -116 -116 -116 -115 -115 -116 -116 -115 -115 -115 -115 -115 -115 -115 -115 -115 -115 -115 -115 -116 -116 -115 -115 -115 -115 -115 -115 -115 -116 -116 -115 -115 -115 -116 -116 -116 -116 -115 -115 -115 -115 -115 -115 -115 -115 -115 -116 -116 -116 -116 -116 -115 -115 -115 -115 -115 -115 -115 -116 -116 -115 -115 -115 -115 -115 -116 -116 -114 -114 -115 -115 -115 -115 -115 -115 -115 -115 -115 -115 -115 -115 -115 -115 -116 -116 -115 -115 -115 -116 -116 -115 -115 -115 -115 -115 -115 -115 -115 -115 -116 -116 -116 -116 -116 -115 -115 -116 -116 -115 -115 -115 -115 -115 -116 -116 -115 -115 -115 -115 -115 -116 0
-117 -117 -116 -116 -116 -116 -116 -117 -117 -116 -116 -117 -117 -118 -117 -114 -122 8 116 113 113 114 117 119 116 -8 -115 -119 -117 -117 -117 -117 -116 -116 -115 -115 -115 -116 -116 -116 -116 -116 -116 -116 -116 -116 -116 -116 -116 -116 -116 -117 -117 -116 -116 -115 -115 -116 -117 -117 -117 -117 -116 -116 -117 -117 -117 -116 -116 -116 -116 -116 -116 -116 -117 -117 -116 -116 -116 -116 -115 -115 -115 -116 -116 -117 -117 -117 -117 -117 -116 -116 -115 -115 -117 -117 -116 -115 -115 -115 -115 -117 -117 -117 -117 -117 -117 -117 -117 -117 -116 -115 -115 -115 -115 -117 -117 -116 -116 -116 -116 -116 -117 -117 -117 -117 -116 -116 -116 -117 -117 -115 -115 -115 -115 -116 -117 -117 -116 -116 -117 -117 -117 -117 -117 -116 -116 -115 -115 -116 -117 -116 -115 -115 -116 -116 -115 -115 -115 -116 -116 -115 -115 -116 -116 -116 -116 -116 -115 -115 -115 -115 -116 -116 -116 -117 -117 -115 -115 -117 -117 -117 -117 -117 -116 -116 -116 -116 -116 -116 -116 -117 -117 -115 -115 -116 -116 -116 -117 -117 -116 -116 -116 -116 -117 -117 -117 -116 -116 -115 -115 -115 -115 -115 -116 -116 -115 -115 -116 -116 -116 -115 -115 -115 0
-116 -116 -117 -117 -117 -117 -117 -117 -117 -117 -117 -117 -117 -117 -115 -117 -128 -39 114 116 115 114 115 114 119 87 -79 -120 -116 -116 -117 -117 -117 -117 -116 -115 -115 -117 -117 -116 -116 -117 -117 -117 -116 -116 -117 -117 -117 -117 -117 -117 -117 -117 -117 -116 -116 -116 -116 -116 -117 -117 -116 -116 -116 -116 -116 -116 -116 -117 -117 -116 -116 -116 -116 -116 -117 -117 -117 -117 -116 -115 -115 -116 -116 -116 -116 -117 -117 -117 -117 -117 -115 -115 -117 -117 -117 -116 -116 -115 -115 -116 -116 -116 -116 -116 -117 -117 -116 -116 -115 -115 -115 -115 -115 -117 -117 -117 -117 -117 -117 -117 -116 -116 -117 -117 -117 -117 -117 -117 -117 -116 -116 -117 -117 -117 -116 -116 -116 -116 -117 -117 -117 -117 -117 -117 -117 -115 -115 -116 -116 -116 -116 -116 -117 -117 -115 -115 -116 -117 -117 -116 -116 -116 -116 -117 -117 -117 -116 -116 -117 -117 -116 -116 -116 -117 -117 -115 -115 -117 -117 -117 -117 -117 -116 -116 -116 -116 -117 -117 -117 -116 -116 -115 -115 -116 -116 -116 -117 -117 -117 -117 -116 -116 -116 -116 -116 -116 -116 -116 -116 -115 -115 -116 -117 -117 -116 -116 -117 -117 -117 -115 -115 -117 0
-116 -116 -115 -115 -116 -116 -116 -116 -116 -115 -115 -116 -116 -115 -112 -116 -126 -81 96 117 113 111 113 112 117 116 19 -114 -117 -114 -117 -114 -113 -115 -115 -115 -115 -115 -115 -114 -114 -115 -115 -116 -116 -116 -115 -115 -115 -115 -116 -116 -116 -115 -115 -116 -116 -115 -115 -115 -116 -116 -116 -116 -116 -115 -115 -116 -116 -115 -115 -117 -117 -116 -115 -115 -115 -115 -115 -115 -115 -115 -116 -117 -117 -115 -115 -116 -116 -115 -115 -115 -115 -115 -116 -116 -116 -116 -116 -115 -115 -115 -115 -115 -115 -115 -116 -116 -115 -115 -115 -115 -115 -115 -115 -116 -116 -115 -115 -115 -115 -115 -115 -115 -116 -116 -116 -116 -116 -116 -116 -116 -116 -116 -116 -116 -115 -115 -116 -116 -116 -116 -116 -116 -115 -115 -115 -115 -115 -116 -115 -115 -116 -116 -115 -115 -115 -115 -115 -115 -115 -116 -116 -117 -117 -116 -115 -115 -116 -116 -115 -115 -116 -117 -117 -116 -116 -115 -115 -116 -116 -116 -116 -116 -117 -117 -116 -116 -116 -115 -115 -115 -115 -115 -115 -116 -117 -117 -116 -116 -115 -115 -116 -116 -115 -115 -115 -117 -117 -116 -116 -115 -115 -115 -115 -115 -116 -116 -115 -115 -115 -115 -115 -115 0
-117 -117 -117 -117 -117 -116 -116 -116 -116 -116 -116 -116 -116 -115 -115 -119 -118 -106 61 121 114 110 114 113 116 116 105 -56 -123 -113 -117 -111 -113 -116 -116 -116 -116 -116 -116 -116 -116 -116 -116 -116 -116 -116 -116 -116 -116 -116 -116 -116 -116 -116 -116 -116 -116 -116 -116 -116 -116 -116 -116 -116 -116 -116 -116 -116 -116 -116 -116 -116 -116 -116 -116 -116 -116 -116 -116 -116 -116 -116 -116 -116 -116 -116 -116 -116 -116 -116 -116 -116 -116 -116 -116 -116 -116 -116 -116 -116 -116 -116 -116 -116 -116 -116 -116 -116 -116 -116 -116 -116 -116 -116 -116 -117 -117 -117 -117 -116 -116 -116 -116 -116 -116 -116 -116 -116 -116 -116 -116 -116 -116 -116 -116 -116 -116 -116 -116 -116 -116 -116 -116 -116 -116 -116 -116 -116 -116 -116 -116 -116 -116 -116 -116 -116 -116 -116 -116 -116 -116 -116 -116 -116 -116 -116 -116 -116 -116 -116 -116 -116 -116 -116 -116 -116 -116 -116 -116 -117 -117 -116 -116 -116 -116 -116 -116 -116 -116 -116 -116 -116 -116 -116 -116 -116 -116 -116 -116 -116 -116 -116 -116 -116 -116 -116 -116 -116 -116 -116 -116 -116 -116 -116 -116 -116 -116 -116 -116 -116 -116 -116 -116 -116 0
-117 -117 -117 -117 -117 -116 -116 -116 -116 -116 -116 -116 -116 -116 -116 -120 -119 -117 19 121 114 111 114 113 116 115 116 50 -107 -121 -114 -114 -116 -116 -116 -116 -116 -116 -116 -116 -116 -116 -116 -116 -116 -116 -116 -116 -116 -116 -116 -116 -116 -116 -116 -116 -116 -116 -116 -116 -116 -116 -116 -116 -116 -116 -116 -116 -116 -116 -116 -116 -116 -116 -116 -116 -116 -116 -116 -116 -116 -116 -116 -116 -116 -116 -116 -116 -116 -116 -116 -116 -116 -116 -116 -116 -116 -116 -116 -116 -116 -116 -116 -116 -116 -116 -116 -116 -116 -116 -116 -116 -116 -116 -116 -117 -117 -117 -117 -116 -116 -116 -116 -116 -116 -116 -116 -116 -116 -116 -116 -116 -116 -116 -116 -116 -116 -116 -116 -116 -116 -116 -116 -116 -116 -116 -116 -116 -116 -116 -116 -116 -116 -116 -116 -116 -116 -116 -116 -116 -116 -116 -116 -116 -116 -116 -116 -116 -116 -116 -116 -116 -116 -116 -116 -116 -116 -116 -116 -116 -116 -116 -116 -116 -116 -116 -116 -116 -116 -116 -116 -116 -116 -116 -116 -116 -116 -116 -116 -116 -116 -116 -116 -116 -116 -116 -116 -116 -116 -116 -116 -116 -116 -116 -116 -116 -116 -116 -116 -116 -116 -116 -116 -116 0
-117 -117 -116 -116 -116 -116 -116 -115 -115 -115 -115 -115 -115 -115 -118 -121 -119 -121 -27 113 114 111 113 113 116 117 115 114 -26 -126 -115 -116 -116 -115 -115 -115 -115 -115 -115 -115 -115 -116 -116 -116 -115 -115 -116 -116 -116 -116 -116 -115 -115 -116 -116 -116 -116 -115 -115 -115 -115 -115 -115 -115 -115 -115 -115 -115 -115 -115 -115 -116 -116 -116 -115 -115 -116 -116 -115 -115 -116 -116 -116 -116 -116 -115 -115 -115 -115 -115 -116 -116 -115 -115 -115 -115 -116 -116 -116 -115 -115 -115 -115 -116 -116 -116 -115 -115 -115 -115 -115 -115 -115 -116 -116 -117 -117 -117 -117 -116 -115 -115 -115 -115 -116 -116 -116 -116 -116 -116 -116 -116 -116 -116 -116 -116 -115 -115 -115 -115 -116 -116 -115 -115 -115 -115 -115 -116 -116 -116 -116 -116 -116 -116 -116 -116 -115 -115 -115 -116 -116 -116 -116 -116 -116 -115 -115 -115 -116 -116 -116 -116 -116 -116 -116 -115 -115 -115 -115 -116 -116 -115 -115 -115 -116 -116 -116 -116 -116 -116 -116 -116 -116 -116 -116 -116 -116 -116 -115 -115 -115 -115 -115 -115 -116 -116 -116 -116 -116 -116 -116 -116 -116 -116 -115 -115 -116 -116 -115 -115 -115 -115 -115 -115 0
-117 -117 -118 -118 -117 -116 -116 -117 -117 -117 -117 -117 -117 -117 -119 -121 -121 -122 -71 95 115 113 112 113 115 117 116 122 79 -93 -123 -116 -117 -117 -117 -117 -117 -117 -117 -117 -117 -116 -116 -116 -117 -117 -116 -116 -116 -116 -116 -117 -117 -116 -116 -116 -116 -117 -116 -117 -117 -117 -117 -117 -117 -117 -117 -117 -117 -117 -117 -116 -116 -116 -117 -117 -116 -116 -117 -117 -116 -116 -116 -116 -116 -117 -117 -117 -117 -117 -116 -116 -117 -117 -117 -117 -116 -116 -116 -117 -117 -117 -117 -116 -116 -116 -117 -117 -117 -117 -117 -117 -117 -116 -116 -117 -117 -117 -117 -117 -117 -117 -117 -117 -116 -116 -116 -116 -116 -116 -116 -116 -116 -116 -116 -116 -117 -117 -117 -117 -116 -116 -117 -117 -117 -117 -117 -116 -116 -116 -116 -116 -116 -116 -116 -116 -117 -117 -117 -116 -116 -116 -116 -116 -116 -117 -117 -117 -116 -116 -116 -116 -116 -116 -116 -116 -116 -117 -117 -115 -115 -117 -117 -117 -116 -116 -116 -116 -116 -116 -116 -116 -116 -116 -116 -116 -116 -116 -117 -117 -117 -117 -117 -117 -116 -116 -116 -116 -116 -116 -116 -116 -116 -116 -117 -117 -116 -116 -117 -117 -117 -117 -117 -117 0
-117 -117 -117 -117 -116 -115 -115 -117 -117 -117 -117 -116 -116 -116 -119 -120 -120 -120 -103 62 117 115 112 113 115 116 117 115 121 7 -123 -116 -115 -117 -117 -117 -117 -117 -117 -117 -117 -117 -117 -117 -117 -117 -117 -117 -117 -117 -117 -117 -117 -116 -116 -117 -117 -115 -115 -115 -117 -117 -117 -117 -117 -117 -117 -116 -116 -116 -116 -117 -117 -117 -117 -117 -117 -117 -116 -116 -117 -117 -117 -117 -117 -117 -117 -117 -117 -117 -117 -117 -117 -117 -117 -117 -117 -117 -117 -117 -117 -117 -117 -117 -117 -117 -117 -117 -117 -117 -117 -117 -117 -117 -117 -118 -118 -118 -118 -117 -117 -117 -117 -117 -116 -116 -117 -117 -117 -117 -117 -117 -117 -117 -117 -117 -117 -117 -117 -117 -117 -117 -117 -117 -117 -117 -117 -117 -117 -117 -117 -117 -117 -117 -117 -117 -117 -117 -117 -117 -117 -117 -117 -117 -117 -116 -116 -116 -117 -117 -116 -116 -117 -117 -117 -116 -116 -117 -117 -116 -116 -116 -116 -116 -117 -117 -117 -117 -117 -117 -117 -117 -117 -117 -117 -117 -117 -117 -117 -117 -117 -117 -117 -117 -117 -117 -117 -117 -117 -117 -117 -117 -117 -117 -117 -117 -117 -117 -117 -117 -117 -117 -117 -117 0
-117 -117 -116 -116 -116 -115 -115 -116 -116 -116 -116 -115 -115 -115 -117 -117 -118 -119 -120 24 119 116 112 113 114 114 115 113 119 100 -68 -118 -115 -116 -116 -116 -116 -116 -116 -116 -116 -116 -116 -116 -116 -116 -116 -116 -116 -116 -116 -116 -116 -116 -116 -116 -116 -115 -115 -115 -116 -116 -116 -116 -116 -116 -116 -115 -115 -115 -115 -116 -116 -116 -116 -116 -116 -116 -115 -115 -116 -116 -116 -116 -116 -116 -116 -116 -116 -116 -116 -116 -116 -116 -116 -116 -116 -116 -116 -116 -116 -116 -116 -116 -116 -116 -116 -116 -116 -116 -116 -116 -116 -116 -116 -117 -117 -117 -117 -116 -116 -116 -116 -116 -115 -115 -116 -116 -116 -116 -116 -116 -116 -116 -116 -116 -116 -116 -116 -116 -116 -116 -116 -116 -116 -116 -116 -116 -116 -116 -116 -116 -116 -116 -116 -116 -116 -116 -116 -116 -116 -116 -116 -116 -116 -115 -115 -115 -116 -116 -115 -115 -116 -116 -116 -116 -116 -116 -116 -115 -115 -115 -115 -115 -116 -116 -116 -116 -116 -116 -116 -116 -116 -116 -116 -116 -116 -116 -116 -116 -116 -116 -116 -116 -116 -116 -116 -116 -116 -116 -116 -116 -116 -116 -116 -116 -116 -116 -116 -116 -116 -116 -116 -116 0
-117 -117 -116 -116 -116 -115 -115 -115 -115 -115 -115 -115 -115 -115 -115 -115 -116 -117 -124 -20 119 117 113 114 113 112 112 112 112 121 43 -115 -119 -115 -115 -115 -115 -115 -115 -115 -115 -115 -115 -115 -115 -115 -115 -115 -115 -115 -115 -115 -115 -116 -116 -115 -115 -115 -115 -115 -115 -115 -115 -115 -115 -115 -115 -115 -115 -116 -116 -115 -115 -115 -115 -115 -115 -115 -115 -115 -115 -115 -115 -115 -115 -115 -115 -115 -115 -115 -115 -115 -115 -115 -115 -115 -115 -115 -115 -115 -115 -115 -115 -115 -115 -115 -115 -115 -115 -115 -115 -115 -115 -115 -115 -116 -116 -116 -116 -115 -115 -115 -115 -115 -115 -115 -115 -115 -115 -115 -115 -115 -115 -115 -115 -115 -115 -115 -115 -115 -115 -115 -115 -115 -115 -115 -115 -115 -115 -115 -115 -115 -115 -115 -115 -115 -115 -115 -115 -115 -115 -115 -115 -115 -115 -115 -115 -115 -115 -115 -115 -115 -115 -115 -115 -116 -116 -115 -115 -115 -115 -115 -116 -116 -115 -115 -115 -115 -115 -115 -115 -115 -115 -115 -115 -115 -115 -115 -115 -115 -115 -115 -115 -115 -115 -115 -115 -115 -115 -115 -115 -115 -115 -115 -115 -115 -115 -115 -115 -115 -115 -115 -115 -115 0
-116 -116 -115 -115 -115 -115 -115 -115 -115 -115 -115 -115 -115 -115 -115 -115 -115 -115 -121 -68 107 117 111 113 113 113 113 112 112 117 112 -37 -125 -114 -115 -118 -113 -115 -115 -115 -115 -115 -115 -115 -115 -115 -115 -115 -115 -115 -115 -115 -115 -115 -115 -115 -115 -115 -115 -115 -115 -115 -115 -115 -115 -115 -115 -115 -115 -116 -115 -115 -115 -115 -116 -116 -115 -115 -115 -115 -116 -116 -116 -115 -115 -115 -115 -115 -115 -115 -115 -115 -116 -117 -117 -116 -116 -115 -115 -115 -115 -115 -115 -116 -115 -115 -115 -115 -116 -116 -115 -115 -115 -115 -115 -115 -115 -115 -115 -115 -115 -115 -115 -115 -115 -115 -115 -115 -116 -115 -115 -115 -115 -115 -115 -115 -115 -115 -115 -115 -115 -115 -115 -115 -115 -115 -115 -115 -115 -115 -115 -115 -115 -115 -115 -115 -115 -115 -115 -115 -115 -115 -115 -115 -115 -115 -115 -115 -115 -115 -115 -115 -115 -115 -115 -115 -115 -115 -115 -116 -117 -117 -117 -116 -115 -115 -115 -115 -115 -115 -115 -115 -115 -115 -115 -115 -115 -115 -115 -115 -115 -115 -115 -115 -115 -115 -115 -115 -115 -115 -115 -115 -115 -115 -115 -115 -115 -115 -115 -115 -115 -115 -115 -115 0
-115 -115 -115 -115 -115 -115 -115 -115 -115 -115 -115 -115 -115 -115 -115 -115 -115 -115 -116 -102 83 117 110 113 113 113 113 112 114 116 116 69 -100 -117 -116 -117 -115 -115 -115 -115 -115 -115 -115 -115 -115 -115 -115 -115 -115 -115 -115 -115 -115 -115 -115 -115 -115 -115 -115 -115 -115 -115 -115 -115 -115 -115 -115 -115 -115 -116 -115 -115 -115 -115 -116 -116 -115 -115 -115 -115 -116 -116 -116 -115 -115 -115 -115 -115 -115 -115 -115 -115 -117 -117 -117 -117 -115 -115 -115 -116 -116 -115 -115 -116 -115 -115 -115 -115 -116 -116 -115 -115 -115 -115 -115 -115 -115 -115 -115 -115 -115 -115 -115 -115 -115 -115 -115 -115 -116 -115 -115 -115 -115 -115 -115 -115 -115 -115 -115 -115 -115 -115 -115 -115 -115 -115 -115 -115 -115 -115 -115 -115 -115 -115 -115 -115 -115 -115 -115 -115 -115 -115 -115 -115 -115 -115 -115 -115 -115 -115 -115 -115 -115 -115 -115 -115 -115 -115 -115 -116 -117 -117 -117 -116 -115 -115 -115 -115 -115 -115 -115 -115 -115 -115 -115 -115 -115 -115 -115 -115 -115 -115 -115 -115 -115 -115 -115 -115 -115 -115 -115 -115 -115 -115 -115 -115 -115 -115 -115 -115 -115 -115 -115 -115 0
-115 -115 -115 -115 -115 -115 -115 -115 -115 -115 -115 -115 -115 -115 -115 -115 -115 -115 -117 -115 42 118 112 113 113 112 112 111 113 116 114 114 -6 -122 -120 -114 -119 -115 -115 -115 -115 -115 -115 -115 -115 -115 -115 -115 -115 -115 -115 -115 -115 -115 -115 -115 -115 -115 -115 -115 -115 -115 -115 -115 -115 -115 -115 -115 -115 -116 -115 -115 -115 -115 -116 -116 -115 -115 -115 -115 -116 -116 -116 -115 -115 -115 -115 -115 -115 -115 -115 -115 -117 -117 -116 -116 -115 -115 -115 -116 -116 -115 -115 -116 -115 -115 -115 -115 -116 -116 -115 -115 -115 -115 -115 -115 -115 -115 -115 -115 -115 -115 -115 -115 -115 -115 -115 -115 -116 -115 -115 -115 -115 -115 -115 -115 -115 -115 -115 -115 -115 -115 -115 -115 -115 -115 -115 -115 -115 -115 -115 -115 -115 -115 -115 -115 -115 -115 -115 -115 -115 -115 -115 -115 -115 -115 -115 -115 -115 -115 -115 -115 -115 -115 -115 -115 -115 -115 -115 -116 -116 -116 -116 -116 -115 -115 -115 -115 -115 -115 -115 -115 -115 -115 -115 -115 -115 -115 -115 -115 -115 -115 -115 -115 -115 -115 -115 -115 -115 -115 -115 -115 -115 -115 -115 -115 -115 -115 -115 -115 -115 -115 -115 -115 0
-115 -115 -115 -115 -115 -115 -115 -115 -115 -115 -115 -115 -115 -115 -115 -115 -115 -115 -117 -121 -8 115 115 114 113 112 112 111 113 116 115 117 92 -81 -124 -117 -117 -116 -116 -115 -115 -116 -116 -116 -115 -115 -115 -115 -115 -115 -115 -115 -115 -115 -115 -115 -115 -115 -115 -115 -115 -115 -115 -115 -115 -115 -115 -115 -115 -116 -115 -115 -115 -115 -116 -116 -115 -115 -116 -116 -116 -116 -116 -115 -115 -115 -115 -115 -115 -115 -115 -115 -118 -118 -116 -116 -115 -115 -115 -117 -117 -115 -115 -116 -115 -115 -115 -115 -116 -116 -115 -115 -115 -115 -115 -115 -115 -115 -115 -115 -115 -115 -115 -115 -115 -115 -115 -115 -116 -115 -115 -115 -115 -115 -115 -115 -115 -115 -115 -115 -115 -115 -115 -115 -115 -115 -115 -115 -115 -115 -115 -115 -115 -115 -116 -116 -115 -115 -115 -115 -115 -115 -115 -115 -115 -115 -115 -115 -115 -115 -115 -115 -115 -115 -115 -115 -115 -116 -116 -116 -116 -116 -116 -116 -115 -115 -115 -115 -115 -115 -115 -115 -115 -115 -115 -115 -115 -115 -115 -115 -115 -115 -116 -116 -115 -115 -115 -115 -115 -115 -115 -115 -115 -115 -115 -115 -115 -115 -115 -115 -115 -116 -116 -115 0
-115 -115 -115 -115 -115 -115 -115 -115 -115 -115 -115 -116 -115 -115 -115 -115 -115 -115 -118 -120 -55 106 116 113 113 113 113 111 111 114 115 116 119 26 -117 -122 -113 -115 -115 -115 -115 -115 -115 -115 -115 -115 -115 -115 -115 -115 -115 -116 -116 -115 -115 -115 -115 -115 -115 -115 -115 -115 -115 -115 -115 -115 -115 -115 -115 -115 -115 -115 -115 -115 -115 -115 -115 -115 -115 -115 -115 -115 -115 -115 -115 -115 -115 -115 -115 -115 -115 -115 -116 -116 -115 -115 -115 -115 -115 -115 -115 -115 -115 -115 -115 -115 -115 -115 -115 -115 -115 -115 -115 -115 -115 -115 -115 -115 -115 -115 -115 -115 -115 -115 -115 -115 -115 -115 -115 -115 -115 -116 -116 -115 -115 -115 -116 -116 -115 -115 -115 -115 -116 -116 -116 -115 -115 -115 -115 -115 -115 -115 -115 -115 -115 -115 -115 -115 -115 -115 -115 -115 -115 -115 -115 -115 -115 -115 -115 -115 -115 -115 -115 -115 -115 -115 -115 -115 -115 -115 -115 -115 -115 -115 -115 -115 -115 -115 -115 -115 -115 -116 -116 -115 -115 -115 -115 -115 -115 -115 -115 -115 -115 -115 -115 -115 -115 -115 -115 -115 -115 -115 -115 -115 -115 -115 -115 -115 -115 -115 -115 -115 -115 -115 0
-115 -115 -115 -115 -115 -115 -115 -115 -115 -115 -115 -116 -115 -115 -115 -115 -115 -115 -117 -118 -96 81 117 113 113 113 113 112 111 112 114 116 116 109 -52 -124 -112 -115 -115 -115 -115 -115 -115 -115 -115 -115 -115 -115 -115 -115 -115 -116 -116 -115 -115 -115 -115 -115 -115 -115 -115 -115 -115 -115 -115 -115 -115 -115 -115 -115 -115 -115 -115 -115 -115 -115 -115 -115 -115 -115 -115 -115 -115 -115 -115 -115 -115 -115 -115 -115 -115 -115 -115 -115 -115 -115 -115 -115 -115 -115 -115 -115 -115 -115 -115 -115 -115 -115 -115 -115 -115 -115 -115 -115 -115 -115 -115 -115 -115 -115 -115 -115 -115 -115 -115 -115 -115 -115 -115 -115 -115 -116 -116 -115 -115 -115 -116 -116 -115 -115 -115 -115 -116 -116 -116 -115 -115 -115 -115 -115 -115 -115 -115 -115 -115 -115 -115 -115 -115 -115 -115 -115 -115 -115 -115 -115 -115 -115 -115 -115 -115 -115 -115 -115 -115 -115 -115 -115 -115 -115 -115 -115 -115 -115 -115 -115 -115 -115 -115 -115 -115 -116 -116 -115 -115 -115 -115 -115 -115 -115 -115 -115 -115 -115 -115 -115 -115 -115 -115 -115 -115 -115 -115 -115 -115 -115 -115 -115 -115 -115 -115 -115 -115 -115 0
-115 -115 -115 -115 -115 -115 -115 -115 -115 -115 -115 -116 -115 -115 -115 -115 -115 -115 -115 -113 -117 49 119 113 113 113 113 113 113 112 111 113 115 121 59 -102 -118 -115 -115 -115 -115 -115 -115 -115 -115 -115 -115 -115 -115 -115 -115 -115 -115 -115 -115 -115 -115 -115 -115 -115 -115 -115 -115 -115 -115 -115 -115 -115 -115 -115 -115 -115 -115 -115 -115 -115 -115 -115 -115 -115 -115 -115 -115 -115 -115 -115 -115 -115 -115 -115 -115 -115 -115 -115 -115 -115 -115 -115 -115 -115 -115 -115 -115 -115 -115 -115 -115 -115 -115 -115 -115 -115 -115 -115 -115 -115 -115 -115 -115 -115 -115 -115 -115 -115 -115 -115 -115 -115 -115 -115 -115 -116 -116 -115 -115 -115 -115 -115 -115 -115 -115 -115 -115 -115 -115 -115 -115 -115 -115 -115 -115 -115 -115 -115 -115 -115 -115 -115 -115 -115 -115 -115 -115 -115 -115 -115 -115 -115 -115 -115 -115 -115 -115 -115 -115 -115 -115 -115 -115 -115 -115 -115 -115 -115 -115 -115 -115 -115 -115 -115 -115 -116 -116 -115 -115 -115 -115 -115 -115 -115 -115 -115 -115 -115 -115 -115 -115 -115 -115 -115 -115 -115 -115 -115 -115 -115 -115 -115 -115 -115 -115 -115 -115 -115 0
-115 -115 -115 -115 -115 -115 -115 -115 -115 -115 -115 -116 -115 -115 -115 -115 -115 -115 -115 -113 -127 4 118 113 113 113 114 114 113 111 110 112 117 113 117 -17 -126 -116 -115 -115 -115 -115 -115 -115 -115 -115 -115 -115 -115 -115 -115 -115 -115 -115 -115 -115 -115 -115 -115 -115 -115 -115 -115 -115 -115 -115 -115 -115 -115 -115 -115 -115 -115 -115 -115 -115 -115 -115 -115 -115 -115 -115 -115 -115 -115 -115 -115 -115 -115 -115 -115 -115 -114 -114 -114 -114 -115 -115 -115 -115 -115 -115 -115 -115 -115 -115 -115 -115 -115 -115 -115 -115 -115 -115 -115 -115 -115 -115 -115 -115 -115 -115 -115 -115 -115 -115 -115 -115 -115 -115 -115 -116 -116 -115 -115 -115 -115 -115 -115 -115 -115 -115 -115 -115 -115 -115 -115 -115 -115 -115 -115 -115 -115 -115 -115 -115 -115 -115 -115 -115 -115 -115 -115 -115 -115 -115 -115 -115 -115 -115 -115 -115 -115 -115 -115 -115 -115 -115 -115 -114 -114 -114 -114 -114 -115 -115 -115 -115 -115 -115 -115 -116 -116 -115 -115 -115 -115 -115 -115 -115 -115 -115 -115 -115 -115 -115 -115 -115 -115 -115 -115 -115 -115 -115 -115 -115 -115 -115 -115 -115 -115 -115 -115 -115 0
-116 -115 -115 -115 -115 -115 -115 -115 -115 -115 -116 -116 -115 -115 -115 -115 -116 -116 -115 -118 -128 -46 113 115 113 114 115 115 113 113 113 114 113 118 123 84 -83 -122 -115 -114 -115 -115 -115 -115 -115 -115 -115 -115 -115 -115 -115 -115 -115 -115 -115 -115 -115 -116 -116 -116 -116 -116 -115 -115 -115 -115 -115 -115 -115 -115 -115 -116 -116 -116 -116 -116 -116 -116 -115 -115 -116 -116 -115 -116 -117 -116 -116 -116 -116 -116 -115 -115 -116 -116 -116 -115 -115 -115 -115 -115 -115 -115 -115 -115 -115 -115 -116 -116 -115 -115 -115 -115 -115 -115 -115 -115 -115 -115 -115 -115 -115 -115 -116 -116 -115 -115 -115 -115 -115 -116 -116 -116 -116 -116 -116 -116 -115 -115 -115 -115 -116 -117 -115 -115 -115 -115 -115 -115 -115 -115 -115 -115 -115 -115 -115 -115 -115 -115 -115 -115 -115 -115 -115 -115 -115 -115 -115 -115 -115 -115 -116 -116 -116 -116 -116 -116 -116 -116 -116 -116 -116 -116 -116 -116 -115 -115 -116 -116 -117 -116 -115 -115 -115 -115 -115 -116 -116 -116 -116 -116 -115 -115 -116 -116 -116 -116 -116 -115 -115 -115 -115 -115 -115 -115 -115 -115 -115 -115 -116 -115 -115 -115 -115 -115 0
-116 -116 -116 -116 -116 -115 -115 -116 -116 -116 -116 -115 -115 -115 -116 -116 -116 -116 -115 -117 -123 -82 94 117 113 114 115 114 114 114 115 115 115 119 119 116 16 -116 -115 -118 -117 -116 -116 -116 -115 -115 -115 -115 -115 -115 -115 -115 -115 -115 -115 -115 -115 -116 -116 -116 -116 -116 -115 -115 -116 -116 -116 -116 -116 -116 -116 -116 -116 -116 -116 -116 -116 -116 -116 -116 -117 -116 -115 -116 -117 -116 -116 -116 -116 -116 -115 -115 -116 -116 -115 -115 -116 -116 -116 -116 -116 -116 -116 -115 -115 -115 -116 -116 -115 -115 -115 -115 -115 -116 -116 -115 -115 -115 -115 -116 -116 -116 -116 -116 -115 -115 -116 -116 -116 -116 -116 -116 -116 -116 -116 -116 -116 -116 -115 -115 -116 -117 -115 -115 -115 -116 -116 -116 -116 -115 -115 -115 -115 -115 -116 -116 -115 -115 -115 -115 -115 -115 -115 -115 -115 -115 -115 -115 -115 -115 -116 -116 -116 -116 -116 -116 -116 -117 -117 -116 -116 -116 -116 -116 -115 -115 -116 -116 -116 -116 -116 -115 -115 -115 -115 -116 -116 -116 -116 -116 -115 -115 -116 -116 -116 -116 -116 -115 -115 -116 -116 -116 -116 -116 -115 -115 -116 -116 -116 -115 -115 -115 -115 -115 0
-116 -117 -116 -116 -116 -115 -115 -116 -116 -116 -116 -115 -115 -115 -116 -116 -116 -116 -116 -117 -121 -104 60 119 115 114 113 113 114 114 115 115 118 118 116 115 100 -58 -119 -124 -118 -115 -116 -116 -115 -115 -115 -115 -116 -116 -116 -116 -116 -116 -116 -116 -116 -116 -116 -116 -116 -116 -116 -116 -116 -116 -116 -116 -116 -116 -116 -116 -116 -116 -116 -116 -116 -116 -116 -116 -117 -116 -115 -116 -117 -116 -116 -116 -116 -116 -115 -115 -116 -116 -115 -115 -116 -116 -116 -116 -116 -116 -116 -116 -116 -116 -116 -116 -115 -115 -115 -115 -115 -116 -116 -116 -116 -115 -115 -116 -116 -116 -116 -116 -115 -115 -116 -116 -116 -116 -116 -116 -116 -116 -116 -116 -116 -116 -115 -115 -116 -117 -115 -115 -115 -116 -116 -116 -116 -116 -116 -116 -116 -116 -116 -116 -115 -115 -115 -115 -115 -116 -116 -116 -116 -116 -116 -116 -116 -116 -116 -116 -116 -116 -116 -117 -117 -117 -117 -116 -116 -116 -116 -116 -115 -115 -116 -116 -116 -116 -116 -115 -115 -115 -115 -116 -116 -116 -116 -116 -115 -115 -116 -116 -116 -116 -116 -116 -116 -116 -116 -116 -116 -116 -116 -116 -116 -116 -116 -115 -115 -115 -115 -115 0
-116 -117 -117 -117 -116 -115 -115 -117 -117 -117 -116 -115 -115 -115 -117 -117 -116 -116 -116 -117 -119 -116 15 119 115 114 112 112 115 115 115 115 119 117 114 117 125 50 -108 -124 -118 -116 -117 -116 -115 -115 -115 -115 -116 -116 -116 -116 -116 -116 -116 -116 -116 -116 -116 -116 -116 -116 -116 -116 -117 -117 -117 -117 -117 -117 -117 -116 -116 -116 -116 -116 -116 -116 -117 -117 -117 -116 -115 -116 -117 -116 -116 -116 -116 -116 -115 -115 -116 -116 -115 -115 -117 -117 -117 -117 -117 -117 -117 -116 -116 -116 -116 -116 -115 -115 -115 -115 -116 -117 -117 -116 -116 -115 -115 -116 -117 -117 -116 -116 -115 -115 -116 -117 -117 -116 -116 -116 -116 -116 -116 -116 -117 -117 -115 -115 -116 -117 -115 -115 -116 -117 -117 -117 -117 -116 -116 -116 -116 -116 -117 -117 -115 -115 -115 -115 -115 -116 -116 -116 -116 -116 -116 -116 -116 -116 -116 -116 -116 -116 -116 -117 -117 -118 -118 -116 -116 -116 -116 -116 -115 -115 -116 -116 -115 -116 -116 -115 -115 -115 -115 -116 -116 -116 -116 -116 -115 -115 -116 -116 -116 -116 -115 -116 -116 -117 -117 -117 -117 -117 -116 -116 -117 -117 -116 -115 -115 -115 -115 -115 0
-116 -116 -115 -115 -115 -115 -115 -115 -115 -115 -115 -115 -115 -115 -116 -116 -116 -116 -117 -116 -117 -120 -33 113 116 116 113 112 115 115 115 117 120 117 116 121 125 115 -32 -121 -118 -115 -115 -115 -115 -115 -115 -115 -116 -116 -116 -116 -115 -115 -115 -116 -116 -115 -115 -115 -115 -115 -116 -116 -115 -115 -115 -115 -115 -116 -116 -115 -115 -115 -115 -115 -115 -115 -115 -115 -116 -116 -116 -116 -116 -115 -115 -115 -115 -115 -115 -115 -115 -115 -115 -115 -115 -115 -115 -115 -115 -115 -115 -115 -115 -115 -115 -115 -115 -115 -116 -116 -116 -116 -116 -115 -115 -115 -115 -115 -115 -115 -115 -115 -115 -115 -116 -116 -116 -116 -116 -116 -116 -115 -115 -115 -116 -116 -115 -115 -115 -115 -115 -115 -115 -115 -115 -115 -115 -115 -115 -115 -115 -115 -115 -115 -115 -115 -115 -115 -115 -116 -116 -115 -115 -116 -116 -116 -116 -116 -115 -115 -115 -115 -115 -116 -116 -116 -116 -115 -115 -116 -116 -116 -115 -115 -115 -115 -115 -115 -115 -115 -115 -116 -116 -116 -116 -116 -116 -116 -115 -115 -115 -115 -115 -115 -115 -115 -115 -115 -115 -116 -116 -116 -116 -116 -115 -115 -115 -115 -115 -115 -115 -115 0
-115 -115 -115 -115 -115 -115 -115 -115 -115 -115 -115 -115 -115 -115 -116 -116 -116 -116 -117 -116 -117 -121 -77 98 115 117 115 114 115 116 116 117 118 118 119 121 122 122 72 -89 -118 -117 -115 -115 -115 -115 -116 -116 -116 -116 -116 -116 -115 -115 -115 -116 -116 -115 -115 -115 -115 -115 -116 -116 -115 -115 -115 -115 -115 -116 -116 -115 -115 -115 -115 -115 -115 -115 -115 -115 -116 -116 -116 -116 -116 -115 -115 -115 -115 -115 -115 -115 -115 -115 -115 -115 -115 -115 -115 -115 -115 -115 -115 -115 -115 -115 -115 -115 -115 -115 -116 -116 -116 -116 -116 -115 -115 -115 -115 -115 -115 -115 -115 -115 -115 -115 -116 -116 -116 -116 -116 -116 -116 -115 -115 -115 -116 -116 -115 -115 -115 -115 -115 -115 -115 -115 -115 -115 -115 -115 -115 -115 -115 -115 -115 -115 -116 -116 -116 -116 -116 -116 -116 -115 -115 -116 -116 -116 -116 -116 -115 -115 -115 -115 -115 -116 -116 -116 -116 -115 -115 -116 -116 -116 -115 -115 -115 -115 -115 -115 -115 -115 -115 -116 -116 -116 -116 -116 -116 -116 -115 -115 -115 -115 -115 -115 -115 -115 -115 -115 -115 -116 -116 -116 -116 -116 -115 -115 -115 -115 -115 -115 -115 -115 0
-117 -117 -115 -115 -115 -115 -115 -115 -115 -115 -115 -115 -115 -115 -116 -116 -116 -116 -118 -115 -116 -123 -104 70 115 117 116 115 116 116 117 118 116 119 123 120 118 119 123 6 -121 -119 -115 -115 -115 -115 -116 -116 -116 -116 -116 -116 -115 -115 -115 -116 -116 -115 -115 -115 -115 -115 -116 -116 -115 -115 -115 -115 -115 -116 -116 -115 -115 -115 -115 -115 -115 -115 -115 -115 -116 -116 -116 -116 -116 -115 -115 -115 -115 -115 -115 -115 -115 -115 -115 -115 -115 -115 -115 -115 -115 -115 -115 -115 -115 -115 -115 -115 -115 -115 -116 -116 -116 -116 -116 -115 -115 -115 -115 -115 -115 -115 -115 -115 -115 -115 -116 -116 -116 -116 -116 -116 -116 -115 -115 -115 -116 -116 -115 -115 -115 -115 -115 -115 -115 -115 -115 -115 -115 -115 -115 -115 -115 -115 -115 -115 -116 -116 -116 -116 -116 -116 -116 -115 -115 -116 -116 -116 -116 -116 -115 -115 -115 -115 -115 -116 -116 -116 -116 -115 -115 -116 -116 -116 -115 -115 -115 -115 -115 -115 -115 -115 -115 -116 -116 -116 -116 -116 -116 -116 -115 -115 -115 -115 -115 -115 -115 -115 -115 -115 -115 -116 -116 -116 -116 -116 -115 -115 -115 -115 -115 -115 -115 -115 0
-115 -115 -115 -115 -115 -115 -115 -115 -115 -115 -115 -115 -115 -115 -116 -116 -116 -116 -117 -115 -115 -119 -119 30 121 114 117 115 116 117 118 119 117 120 123 120 116 117 126 96 -74 -123 -117 -114 -114 -117 -116 -116 -116 -116 -116 -116 -115 -115 -115 -116 -116 -115 -115 -115 -115 -115 -116 -116 -115 -115 -115 -115 -115 -116 -116 -115 -115 -115 -115 -115 -115 -115 -115 -115 -116 -116 -116 -116 -116 -115 -115 -115 -115 -115 -115 -115 -115 -115 -115 -115 -115 -115 -115 -115 -115 -115 -115 -115 -115 -115 -115 -115 -115 -115 -116 -116 -116 -116 -116 -115 -115 -115 -115 -115 -115 -115 -115 -115 -115 -115 -116 -116 -116 -116 -116 -116 -116 -115 -115 -115 -116 -116 -115 -115 -115 -115 -115 -115 -115 -115 -115 -115 -115 -115 -115 -115 -115 -115 -115 -115 -116 -116 -116 -117 -117 -116 -116 -115 -115 -116 -116 -116 -116 -116 -115 -115 -115 -115 -115 -116 -116 -116 -116 -115 -115 -116 -116 -116 -115 -115 -115 -115 -115 -115 -115 -115 -115 -116 -116 -116 -116 -116 -116 -116 -115 -115 -115 -115 -115 -115 -115 -115 -115 -115 -115 -116 -116 -116 -116 -116 -115 -115 -115 -115 -115 -115 -115 -115 0
-116 -116 -116 -116 -116 -116 -116 -116 -116 -116 -116 -116 -116 -116 -116 -116 -116 -116 -116 -116 -116 -116 -124 -18 126 110 116 114 116 118 119 120 120 120 121 121 120 119 127 125 35 -114 -118 -115 -115 -118 -115 -115 -116 -116 -116 -116 -116 -116 -116 -116 -116 -116 -116 -116 -116 -116 -116 -116 -116 -116 -116 -116 -116 -116 -116 -116 -116 -116 -116 -116 -116 -116 -116 -116 -116 -116 -116 -116 -116 -116 -116 -116 -116 -116 -116 -116 -116 -116 -116 -116 -117 -117 -117 -116 -116 -116 -116 -116 -116 -116 -116 -116 -116 -116 -116 -116 -116 -116 -116 -116 -116 -116 -116 -116 -116 -116 -116 -116 -117 -117 -116 -116 -116 -117 -117 -116 -116 -116 -116 -116 -117 -117 -116 -116 -116 -116 -116 -116 -116 -116 -116 -116 -116 -116 -116 -116 -116 -116 -116 -116 -116 -116 -116 -116 -116 -116 -116 -116 -116 -116 -116 -116 -116 -116 -116 -116 -116 -116 -116 -116 -116 -117 -117 -117 -117 -116 -116 -116 -116 -116 -116 -116 -116 -116 -116 -116 -116 -116 -116 -116 -116 -116 -116 -116 -116 -116 -116 -116 -116 -116 -116 -116 -116 -116 -116 -116 -116 -116 -116 -116 -116 -116 -116 -116 -116 -116 -116 -116 0
-116 -116 -116 -116 -116 -116 -116 -116 -116 -116 -116 -116 -116 -116 -116 -116 -116 -116 -116 -116 -116 -116 -122 -62 113 116 116 114 117 119 120 121 122 122 122 122 122 124 127 124 110 -42 -117 -119 -120 -115 -116 -115 -116 -116 -116 -116 -116 -116 -116 -116 -116 -116 -116 -116 -116 -116 -116 -116 -116 -116 -116 -116 -116 -116 -116 -116 -116 -116 -116 -116 -116 -116 -116 -116 -116 -116 -116 -116 -116 -116 -116 -116 -116 -116 -116 -116 -116 -116 -116 -116 -116 -116 -116 -116 -116 -116 -116 -116 -116 -116 -116 -116 -116 -116 -116 -116 -116 -116 -116 -116 -116 -116 -116 -116 -116 -116 -116 -116 -116 -116 -116 -116 -116 -116 -116 -116 -116 -116 -116 -116 -116 -116 -116 -116 -116 -116 -116 -116 -116 -116 -116 -116 -116 -116 -116 -116 -116 -116 -116 -116 -116 -116 -116 -116 -116 -116 -116 -116 -116 -116 -116 -116 -116 -116 -116 -116 -116 -116 -116 -116 -116 -116 -116 -116 -116 -116 -116 -116 -116 -116 -116 -116 -116 -116 -116 -116 -116 -116 -116 -116 -116 -116 -116 -116 -116 -116 -116 -116 -116 -116 -116 -116 -116 -116 -116 -116 -116 -116 -116 -116 -116 -116 -116 -116 -116 -116 -116 -116 0
-116 -116 -116 -116 -116 -116 -116 -116 -116 -116 -116 -116 -116 -116 -116 -116 -116 -116 -116 -116 -116 -116 -120 -97 86 123 117 114 119 120 122 122 122 122 123 123 124 127 126 125 127 70 -94 -123 -123 -113 -114 -115 -116 -116 -116 -116 -116 -116 -116 -116 -116 -116 -116 -116 -116 -116 -116 -116 -116 -116 -116 -116 -116 -116 -116 -116 -116 -116 -116 -116 -116 -116 -116 -116 -116 -116 -116 -116 -116 -116 -116 -116 -116 -116 -116 -116 -116 -116 -116 -116 -115 -115 -115 -116 -116 -116 -116 -116 -116 -116 -116 -116 -116 -116 -116 -116 -116 -116 -116 -116 -116 -116 -116 -116 -116 -116 -116 -116 -115 -115 -116 -116 -116 -115 -115 -116 -116 -116 -116 -116 -115 -115 -116 -116 -116 -116 -116 -116 -116 -116 -116 -116 -116 -116 -116 -116 -116 -116 -116 -116 -116 -116 -116 -116 -116 -116 -116 -116 -116 -116 -116 -116 -116 -116 -116 -116 -116 -116 -116 -116 -116 -115 -115 -115 -115 -116 -116 -116 -116 -116 -116 -116 -116 -116 -116 -116 -116 -116 -116 -116 -116 -116 -116 -116 -116 -116 -116 -116 -116 -116 -116 -116 -116 -116 -116 -116 -116 -116 -116 -116 -116 -116 -116 -116 -116 -116 -116 -116 0
-116 -116 -116 -116 -116 -116 -116 -116 -116 -116 -116 -117 -117 -117 -116 -116 -116 -116 -116 -116 -116 -116 -118 -119 44 127 117 115 120 121 122 122 123 123 124 124 125 123 120 122 127 124 -8 -123 -123 -113 -115 -116 -116 -116 -116 -116 -116 -116 -116 -116 -116 -116 -116 -116 -116 -116 -116 -116 -116 -116 -116 -116 -116 -117 -117 -116 -116 -116 -116 -116 -116 -116 -117 -117 -116 -116 -116 -116 -116 -116 -116 -116 -116 -116 -116 -116 -116 -116 -116 -116 -116 -116 -116 -116 -116 -116 -116 -116 -116 -116 -116 -116 -117 -117 -116 -116 -116 -116 -116 -116 -116 -116 -116 -116 -116 -116 -116 -116 -116 -116 -116 -116 -116 -116 -116 -116 -116 -116 -116 -116 -116 -116 -116 -116 -116 -116 -116 -116 -116 -116 -116 -116 -116 -116 -116 -116 -116 -116 -116 -116 -116 -116 -116 -116 -116 -116 -116 -116 -116 -116 -116 -116 -116 -116 -116 -116 -116 -116 -116 -116 -116 -116 -116 -116 -116 -116 -116 -116 -116 -116 -116 -116 -116 -116 -116 -116 -116 -116 -116 -116 -116 -116 -116 -116 -116 -116 -116 -116 -116 -116 -116 -116 -116 -116 -116 -116 -116 -116 -116 -116 -116 -116 -116 -116 -116 -116 -116 -116 0
-116 -116 -116 -116 -116 -116 -116 -116 -116 -116 -116 -116 -116 -116 -116 -116 -116 -116 -116 -116 -116 -116 -117 -127 -6 124 116 118 120 122 122 122 124 124 125 125 125 122 117 120 126 127 90 -82 -121 -116 -116 -116 -116 -116 -116 -116 -116 -116 -116 -116 -116 -116 -116 -116 -116 -116 -116 -116 -116 -116 -116 -116 -116 -116 -116 -116 -116 -116 -116 -116 -116 -116 -116 -116 -116 -116 -116 -116 -116 -116 -116 -116 -116 -116 -116 -116 -116 -116 -116 -116 -116 -116 -116 -116 -116 -116 -116 -116 -116 -116 -116 -116 -116 -116 -116 -116 -116 -116 -116 -116 -116 -116 -116 -116 -116 -116 -116 -116 -116 -116 -116 -116 -116 -116 -116 -116 -116 -116 -116 -116 -116 -116 -116 -116 -116 -116 -116 -116 -116 -116 -116 -116 -116 -116 -116 -116 -116 -116 -116 -116 -116 -116 -116 -116 -116 -116 -116 -116 -116 -116 -116 -116 -116 -116 -116 -116 -116 -116 -116 -116 -116 -116 -116 -116 -116 -116 -116 -116 -116 -116 -116 -116 -116 -116 -116 -116 -116 -116 -116 -116 -116 -116 -116 -116 -116 -116 -116 -116 -116 -116 -116 -116 -116 -116 -116 -116 -116 -116 -116 -116 -116 -116 -116 -116 -116 -116 -116 -116 0
-116 -116 -116 -116 -116 -116 -116 -116 -116 -116 -116 -115 -115 -115 -116 -116 -116 -116 -116 -116 -116 -116 -116 -124 -53 113 115 121 121 122 122 123 124 124 125 125 125 125 122 123 125 127 124 25 -112 -118 -117 -116 -116 -116 -116 -116 -116 -116 -116 -116 -116 -116 -116 -116 -116 -116 -116 -116 -116 -116 -116 -116 -116 -115 -115 -116 -116 -116 -116 -116 -116 -116 -115 -115 -116 -116 -116 -116 -116 -116 -116 -116 -116 -116 -116 -116 -116 -116 -116 -116 -116 -116 -116 -116 -116 -116 -116 -116 -116 -116 -116 -116 -115 -115 -116 -116 -116 -116 -116 -116 -116 -116 -116 -116 -116 -116 -116 -116 -116 -116 -116 -116 -116 -116 -116 -116 -116 -116 -116 -116 -116 -116 -116 -116 -116 -116 -116 -116 -116 -116 -116 -116 -116 -116 -116 -116 -116 -116 -116 -116 -116 -116 -116 -116 -116 -116 -116 -116 -116 -116 -116 -116 -116 -116 -116 -116 -116 -116 -116 -116 -116 -116 -116 -116 -116 -116 -116 -116 -116 -116 -116 -116 -116 -116 -116 -116 -116 -116 -116 -116 -116 -116 -116 -116 -116 -116 -116 -116 -116 -116 -116 -116 -116 -116 -116 -116 -116 -116 -116 -116 -116 -116 -116 -116 -116 -116 -116 -116 0
-116 -116 -116 -116 -116 -116 -116 -116 -116 -116 -116 -116 -116 -116 -116 -116 -116 -116 -116 -116 -116 -116 -115 -121 -88 93 115 123 121 122 122 124 125 125 126 126 126 127 127 127 126 126 127 107 -56 -127 -118 -116 -116 -116 -116 -116 -116 -116 -116 -116 -116 -116 -116 -116 -116 -116 -116 -116 -116 -116 -116 -116 -116 -116 -116 -116 -116 -116 -116 -116 -116 -116 -116 -116 -116 -116 -116 -116 -116 -116 -116 -116 -116 -116 -116 -116 -116 -116 -116 -116 -116 -116 -116 -116 -116 -116 -116 -116 -116 -116 -116 -116 -116 -116 -116 -116 -116 -116 -116 -116 -116 -116 -116 -116 -116 -116 -116 -116 -116 -116 -116 -116 -116 -116 -116 -116 -116 -116 -116 -116 -116 -116 -116 -116 -116 -116 -116 -116 -116 -116 -116 -116 -116 -116 -116 -116 -116 -116 -116 -116 -116 -116 -116 -116 -116 -116 -116 -116 -116 -116 -116 -116 -116 -116 -116 -116 -116 -116 -116 -116 -116 -116 -116 -116 -116 -116 -116 -116 -116 -116 -116 -116 -116 -116 -116 -116 -116 -116 -116 -116 -116 -116 -116 -116 -116 -116 -116 -116 -116 -116 -116 -116 -116 -116 -116 -116 -116 -116 -116 -116 -116 -116 -116 -116 -116 -116 -116 -116 0
-116 -116 -116 -116 -116 -117 -117 -117 -117 -117 -117 -117 -117 -117 -117 -117 -117 -117 -117 -117 -117 -117 -116 -117 -113 54 123 122 121 123 124 125 127 127 127 127 127 127 127 127 127 124 127 127 54 -106 -121 -121 -111 -113 -119 -117 -117 -117 -117 -116 -116 -116 -116 -116 -117 -117 -117 -117 -117 -117 -117 -117 -117 -117 -117 -117 -117 -117 -116 -116 -116 -116 -117 -117 -117 -117 -117 -116 -116 -116 -116 -117 -117 -117 -117 -117 -117 -117 -117 -117 -117 -117 -117 -117 -117 -117 -117 -117 -117 -117 -117 -117 -117 -117 -117 -117 -117 -117 -117 -117 -117 -117 -117 -117 -117 -117 -117 -117 -117 -117 -117 -117 -117 -117 -117 -117 -117 -117 -117 -117 -117 -117 -117 -117 -117 -117 -117 -117 -117 -117 -117 -117 -117 -117 -117 -117 -117 -117 -117 -117 -117 -117 -117 -117 -117 -117 -117 -117 -117 -117 -117 -117 -117 -117 -116 -116 -116 -116 -116 -117 -117 -117 -117 -117 -117 -117 -117 -117 -116 -116 -116 -116 -117 -117 -117 -117 -117 -117 -117 -117 -117 -117 -117 -117 -117 -117 -117 -117 -117 -117 -117 -117 -117 -117 -117 -117 -117 -117 -117 -117 -117 -117 -117 -117 -117 -117 -117 -117 0
-116 -116 -116 -116 -116 -117 -117 -117 -117 -117 -117 -117 -117 -117 -117 -117 -117 -117 -117 -117 -117 -117 -116 -117 -123 8 125 122 121 123 125 125 127 127 127 127 127 127 127 127 127 123 126 127 118 -24 -121 -121 -114 -113 -119 -117 -117 -117 -117 -116 -116 -116 -116 -116 -117 -117 -117 -117 -117 -117 -117 -117 -117 -117 -117 -117 -117 -117 -116 -116 -116 -116 -117 -117 -117 -117 -117 -116 -116 -116 -116 -117 -117 -117 -117 -117 -117 -117 -117 -117 -117 -117 -117 -117 -117 -117 -117 -117 -117 -117 -117 -117 -117 -117 -117 -117 -117 -117 -117 -117 -117 -117 -117 -117 -117 -117 -117 -117 -117 -117 -117 -117 -117 -117 -117 -117 -117 -117 -117 -117 -117 -117 -117 -117 -117 -117 -117 -117 -117 -117 -117 -117 -117 -117 -117 -117 -117 -117 -117 -117 -117 -117 -117 -117 -117 -117 -117 -117 -117 -117 -117 -117 -117 -117 -116 -116 -116 -116 -116 -117 -117 -117 -117 -117 -117 -117 -117 -117 -116 -116 -116 -116 -117 -117 -117 -117 -117 -117 -117 -117 -117 -117 -117 -117 -117 -117 -117 -117 -117 -117 -117 -117 -117 -117 -117 -117 -117 -117 -117 -117 -117 -117 -117 -117 -117 -117 -117 -117 0
-116 -116 -116 -116 -116 -117 -117 -117 -117 -117 -117 -117 -117 -117 -117 -117 -117 -117 -117 -117 -117 -117 -117 -118 -123 -35 117 122 121 123 125 125 127 127 127 127 127 127 127 127 127 126 127 126 123 82 -87 -123 -123 -116 -117 -117 -117 -117 -117 -116 -116 -116 -116 -116 -117 -117 -117 -117 -117 -117 -117 -117 -117 -117 -117 -117 -117 -117 -116 -116 -116 -116 -117 -117 -117 -117 -117 -116 -116 -116 -116 -117 -117 -117 -117 -117 -117 -117 -117 -117 -117 -117 -117 -117 -117 -117 -117 -117 -117 -117 -117 -117 -117 -117 -117 -117 -117 -117 -117 -117 -117 -117 -117 -117 -117 -117 -117 -117 -117 -117 -117 -117 -117 -117 -117 -117 -117 -117 -117 -117 -117 -117 -117 -117 -117 -117 -117 -117 -117 -117 -117 -117 -117 -117 -117 -117 -117 -117 -117 -117 -117 -117 -117 -117 -117 -117 -117 -117 -117 -117 -117 -117 -117 -117 -116 -116 -116 -116 -116 -117 -117 -117 -117 -117 -117 -117 -117 -117 -116 -116 -116 -116 -117 -117 -117 -117 -117 -117 -117 -117 -117 -117 -117 -117 -117 -117 -117 -117 -117 -117 -117 -117 -117 -117 -117 -117 -117 -117 -117 -117 -117 -117 -117 -117 -117 -117 -117 -117 0
-116 -116 -116 -116 -116 -117 -117 -117 -117 -117 -117 -117 -117 -117 -117 -117 -117 -117 -117 -117 -117 -117 -117 -119 -122 -75 100 125 121 123 125 125 126 126 126 126 126 127 127 127 127 127 127 126 123 126 13 -119 -128 -120 -114 -117 -117 -117 -117 -116 -116 -116 -116 -116 -117 -117 -117 -117 -117 -117 -117 -117 -117 -117 -117 -117 -117 -117 -116 -116 -116 -116 -117 -117 -117 -117 -117 -116 -116 -116 -116 -117 -117 -117 -117 -117 -117 -117 -117 -117 -117 -117 -117 -117 -117 -117 -117 -117 -117 -117 -117 -117 -117 -117 -117 -117 -117 -117 -117 -117 -117 -117 -117 -117 -117 -117 -117 -117 -117 -117 -117 -117 -117 -117 -117 -117 -117 -117 -117 -117 -117 -117 -117 -117 -117 -117 -117 -117 -117 -117 -117 -117 -117 -117 -117 -117 -117 -117 -117 -117 -117 -117 -117 -117 -117 -117 -117 -117 -117 -117 -117 -117 -117 -117 -116 -116 -116 -116 -116 -117 -117 -117 -117 -117 -117 -117 -117 -117 -116 -116 -116 -116 -117 -117 -117 -117 -117 -117 -117 -117 -117 -117 -117 -117 -117 -117 -117 -117 -117 -117 -117 -117 -117 -117 -117 -117 -117 -117 -117 -117 -117 -117 -117 -117 -117 -117 -117 -117 0
-116 -116 -117 -117 -117 -117 -117 -118 -118 -117 -117 -117 -117 -117 -118 -118 -117 -117 -118 -118 -118 -118 -118 -120 -120 -104 68 125 121 122 124 124 126 126 125 125 125 127 127 126 126 127 127 127 127 127 105 -64 -127 -118 -114 -117 -117 -117 -117 -116 -116 -117 -117 -117 -118 -118 -117 -117 -117 -117 -117 -117 -117 -117 -117 -117 -117 -117 -117 -117 -116 -116 -117 -117 -116 -117 -117 -116 -116 -116 -116 -117 -117 -117 -118 -118 -118 -118 -118 -118 -117 -117 -117 -117 -117 -116 -117 -117 -117 -117 -118 -118 -117 -117 -117 -117 -117 -117 -117 -118 -118 -117 -117 -117 -117 -117 -117 -117 -117 -117 -117 -117 -117 -117 -117 -117 -117 -117 -117 -117 -117 -117 -117 -117 -116 -116 -117 -117 -117 -117 -117 -117 -117 -117 -117 -117 -117 -117 -118 -118 -117 -117 -117 -117 -116 -117 -117 -117 -117 -117 -117 -117 -117 -117 -117 -117 -116 -116 -116 -117 -117 -116 -116 -117 -117 -117 -117 -117 -116 -116 -117 -117 -117 -117 -117 -117 -117 -117 -117 -117 -117 -117 -118 -118 -117 -117 -118 -118 -117 -117 -117 -117 -117 -117 -117 -117 -117 -117 -117 -117 -117 -117 -117 -117 -117 -117 -117 -117 0
-116 -116 -117 -117 -117 -117 -117 -118 -118 -117 -117 -117 -117 -117 -118 -118 -117 -117 -118 -118 -118 -118 -118 -118 -120 -119 24 124 121 122 124 124 125 125 125 125 125 126 126 126 126 127 127 127 127 127 127 47 -109 -119 -115 -117 -117 -117 -117 -116 -116 -117 -117 -117 -118 -118 -117 -117 -118 -118 -118 -117 -117 -117 -117 -117 -117 -117 -117 -117 -116 -116 -117 -117 -116 -117 -117 -116 -116 -116 -116 -117 -117 -117 -118 -118 -118 -118 -118 -118 -117 -117 -117 -117 -117 -117 -117 -117 -117 -117 -118 -118 -117 -117 -117 -117 -117 -117 -117 -118 -118 -117 -117 -117 -117 -117 -117 -117 -117 -117 -117 -117 -117 -117 -117 -117 -117 -117 -117 -117 -117 -117 -117 -117 -117 -117 -117 -117 -117 -118 -118 -117 -117 -117 -117 -117 -117 -117 -118 -118 -117 -117 -117 -117 -116 -117 -117 -117 -117 -117 -117 -117 -117 -117 -117 -117 -116 -116 -116 -117 -117 -117 -117 -117 -117 -117 -117 -117 -116 -116 -117 -117 -117 -117 -117 -117 -117 -117 -117 -117 -117 -117 -118 -118 -117 -117 -118 -118 -117 -117 -117 -117 -117 -117 -117 -117 -117 -117 -117 -117 -117 -117 -117 -117 -117 -117 -117 -117 0
-116 -116 -117 -117 -117 -117 -117 -118 -118 -117 -117 -117 -117 -117 -118 -118 -117 -117 -118 -118 -118 -118 -118 -116 -118 -127 -24 120 120 122 124 124 124 123 123 123 124 126 126 126 126 126 126 127 126 124 125 120 -33 -121 -117 -117 -117 -117 -117 -116 -116 -117 -117 -117 -118 -118 -117 -117 -118 -118 -118 -117 -117 -117 -117 -117 -117 -117 -117 -117 -116 -116 -117 -117 -116 -117 -117 -116 -116 -116 -116 -117 -117 -117 -118 -118 -118 -118 -118 -118 -117 -117 -117 -117 -117 -117 -117 -117 -117 -117 -118 -118 -117 -117 -117 -117 -117 -117 -117 -118 -118 -117 -117 -117 -117 -117 -117 -117 -117 -117 -117 -117 -117 -117 -117 -117 -117 -117 -117 -117 -117 -117 -117 -117 -117 -117 -117 -117 -117 -117 -117 -117 -117 -117 -117 -117 -117 -117 -118 -118 -117 -117 -117 -117 -116 -117 -117 -117 -117 -117 -117 -117 -117 -117 -117 -117 -116 -116 -116 -117 -117 -117 -117 -117 -117 -117 -117 -117 -116 -116 -117 -117 -117 -117 -117 -117 -117 -117 -117 -117 -117 -117 -118 -118 -117 -117 -118 -118 -117 -117 -117 -117 -117 -117 -117 -117 -117 -117 -117 -117 -117 -117 -117 -117 -117 -117 -117 -117 0
-116 -116 -117 -117 -117 -117 -117 -118 -118 -117 -117 -117 -117 -117 -118 -118 -117 -117 -118 -118 -118 -118 -118 -115 -118 -125 -66 106 121 121 124 124 122 122 123 123 123 124 125 126 126 125 127 127 125 120 122 127 75 -98 -121 -117 -117 -118 -119 -117 -116 -117 -117 -117 -117 -118 -117 -117 -116 -115 -115 -116 -116 -117 -117 -117 -117 -116 -117 -117 -115 -116 -117 -117 -116 -117 -117 -116 -116 -116 -116 -117 -117 -118 -119 -119 -119 -119 -119 -119 -119 -119 -119 -119 -119 -118 -117 -117 -117 -117 -116 -116 -116 -116 -116 -116 -116 -116 -117 -119 -119 -118 -118 -119 -119 -119 -119 -119 -118 -118 -118 -118 -118 -119 -119 -119 -119 -116 -116 -117 -117 -117 -117 -117 -118 -118 -118 -119 -119 -118 -118 -119 -119 -119 -119 -119 -119 -119 -119 -120 -118 -117 -117 -117 -117 -118 -118 -118 -118 -116 -116 -116 -116 -116 -116 -116 -115 -115 -115 -116 -116 -116 -116 -119 -119 -118 -118 -117 -116 -116 -117 -118 -119 -118 -116 -116 -116 -117 -117 -117 -117 -117 -118 -118 -117 -117 -118 -118 -117 -117 -117 -117 -117 -117 -117 -117 -117 -117 -117 -117 -117 -117 -117 -117 -117 -117 -117 -117 0
-117 -117 -117 -117 -117 -117 -117 -117 -117 -117 -117 -117 -117 -117 -116 -116 -116 -116 -116 -116 -116 -116 -117 -118 -116 -118 -97 76 121 116 122 120 121 122 122 122 122 121 123 124 125 126 127 127 127 125 120 125 126 0 -122 -118 -116 -118 -122 -118 -116 -116 -116 -116 -115 -116 -117 -119 -116 -115 -115 -115 -115 -118 -118 -118 -118 -115 -116 -118 -115 -118 -116 -116 -116 -116 -116 -117 -117 -117 -117 -117 -118 -119 -119 -119 -119 -119 -119 -119 -118 -117 -117 -117 -117 -117 -117 -117 -117 -116 -115 -115 -115 -115 -117 -117 -117 -117 -117 -119 -119 -119 -119 -121 -121 -121 -121 -121 -119 -118 -118 -118 -119 -121 -121 -121 -121 -115 -115 -118 -118 -117 -117 -117 -117 -117 -119 -120 -120 -119 -119 -120 -119 -119 -119 -119 -120 -121 -120 -119 -120 -120 -119 -119 -120 -121 -120 -120 -121 -118 -116 -116 -116 -117 -116 -116 -115 -116 -115 -117 -116 -115 -116 -119 -120 -118 -117 -117 -116 -116 -117 -117 -120 -119 -114 -114 -115 -117 -117 -117 -117 -117 -117 -117 -117 -117 -117 -117 -117 -117 -117 -117 -117 -117 -117 -116 -116 -116 -116 -116 -117 -117 -117 -117 -117 -117 -117 -117 0
-117 -117 -117 -117 -117 -117 -117 -117 -117 -117 -117 -117 -117 -117 -116 -116 -116 -116 -116 -116 -116 -116 -117 -118 -116 -118 -114 37 122 117 120 119 121 121 122 122 122 121 122 124 125 126 127 127 127 127 125 127 127 97 -72 -121 -118 -117 -112 -115 -116 -116 -116 -116 -116 -116 -118 -119 -120 -121 -121 -123 -123 -122 -122 -122 -122 -120 -122 -123 -119 -122 -117 -115 -115 -115 -117 -120 -120 -120 -120 -117 -116 -116 -116 -117 -116 -116 -116 -116 -115 -113 -113 -113 -113 -117 -118 -118 -118 -119 -123 -123 -123 -123 -122 -122 -123 -123 -121 -114 -114 -114 -114 -114 -114 -114 -114 -114 -114 -115 -114 -115 -115 -115 -115 -115 -115 -119 -122 -123 -116 -116 -121 -122 -122 -122 -119 -117 -117 -116 -116 -116 -116 -115 -114 -115 -116 -115 -115 -114 -118 -120 -120 -119 -119 -119 -119 -118 -119 -123 -124 -124 -125 -125 -124 -124 -124 -124 -124 -125 -125 -124 -123 -117 -114 -116 -115 -117 -120 -118 -116 -114 -115 -113 -113 -116 -119 -117 -117 -117 -117 -117 -117 -117 -117 -117 -117 -117 -117 -117 -117 -117 -117 -117 -117 -116 -116 -116 -116 -116 -117 -117 -117 -117 -117 -117 -117 -117 0
-117 -117 -117 -117 -117 -117 -117 -117 -117 -117 -117 -117 -117 -117 -116 -116 -116 -116 -116 -116 -116 -116 -116 -117 -116 -119 -122 -8 120 118 118 118 120 120 121 122 121 120 122 124 124 126 127 127 127 127 127 127 127 127 36 -110 -124 -120 -107 -113 -116 -116 -116 -116 -117 -117 -119 -119 -118 -118 -120 -121 -122 -117 -116 -117 -116 -116 -119 -119 -114 -119 -123 -122 -122 -122 -121 -116 -116 -116 -116 -116 -116 -116 -116 -116 -116 -116 -116 -116 -119 -121 -121 -121 -121 -118 -117 -117 -117 -117 -117 -116 -117 -117 -116 -116 -116 -116 -116 -119 -119 -119 -119 -118 -117 -117 -117 -118 -118 -118 -118 -118 -117 -116 -116 -116 -117 -121 -123 -123 -87 -83 -123 -120 -121 -121 -122 -124 -124 -124 -124 -124 -123 -122 -122 -121 -120 -120 -120 -120 -115 -113 -113 -113 -112 -109 -108 -107 -105 -104 -100 -96 -94 -90 -83 -79 -76 -74 -76 -80 -90 -103 -112 -117 -121 -123 -125 -124 -121 -119 -116 -115 -113 -113 -115 -118 -121 -118 -117 -117 -117 -117 -117 -117 -117 -117 -117 -117 -117 -117 -117 -117 -117 -117 -117 -116 -116 -116 -116 -116 -117 -117 -117 -117 -117 -117 -117 -117 0
-117 -117 -117 -117 -117 -117 -117 -117 -117 -117 -117 -117 -117 -117 -116 -116 -116 -116 -116 -116 -116 -116 -116 -117 -116 -121 -125 -54 108 118 116 116 119 120 119 119 119 120 120 123 124 126 127 127 127 127 127 124 126 127 116 -41 -126 -126 -114 -114 -116 -116 -116 -116 -117 -117 -119 -119 -114 -112 -115 -116 -116 -112 -112 -113 -113 -113 -115 -114 -110 -113 -118 -118 -118 -118 -117 -116 -116 -116 -116 -119 -121 -119 -119 -119 -119 -120 -119 -120 -119 -117 -118 -118 -117 -115 -114 -114 -114 -116 -119 -118 -119 -119 -116 -115 -115 -115 -117 -123 -124 -125 -125 -124 -123 -124 -124 -124 -122 -121 -122 -121 -120 -118 -118 -117 -116 -111 -106 -101 -65 -8 -89 -83 -81 -77 -74 -71 -67 -62 -58 -52 -46 -40 -34 -28 -19 -13 -9 -2 7 14 19 26 32 40 44 48 53 63 70 74 78 82 90 95 99 100 99 95 84 68 45 13 -23 -58 -90 -111 -117 -116 -117 -121 -120 -120 -119 -119 -119 -117 -117 -117 -117 -117 -117 -117 -117 -117 -117 -117 -117 -117 -117 -117 -117 -117 -117 -116 -116 -116 -116 -116 -117 -117 -117 -117 -117 -117 -117 -117 0
-118 -118 -117 -117 -117 -118 -118 -118 -118 -118 -118 -117 -117 -117 -117 -117 -116 -116 -117 -117 -117 -117 -118 -118 -116 -121 -124 -91 81 119 113 115 118 118 119 119 119 118 119 121 123 126 127 127 127 127 126 121 126 127 127 71 -101 -126 -122 -117 -117 -117 -116 -117 -118 -119 -117 -116 -117 -119 -119 -119 -121 -121 -120 -119 -120 -120 -123 -108 -97 -120 -116 -114 -115 -115 -117 -123 -123 -123 -123 -121 -120 -121 -120 -120 -120 -118 -119 -121 -122 -122 -123 -123 -124 -127 -127 -126 -126 -124 -119 -119 -118 -118 -114 -112 -112 -109 -103 -93 -87 -83 -77 -70 -63 -57 -52 -46 -33 -26 -20 -12 -4 5 15 23 31 43 52 60 76 99 76 80 82 86 94 100 102 104 109 113 117 118 120 123 125 125 125 124 124 124 123 123 124 126 126 126 125 127 127 127 127 127 127 127 127 127 127 127 127 127 127 127 126 110 84 40 -23 -78 -113 -123 -122 -122 -122 -118 -116 -117 -117 -117 -117 -117 -117 -117 -117 -117 -117 -117 -117 -117 -117 -117 -117 -117 -117 -116 -116 -116 -116 -116 -117 -117 -118 -118 -118 -117 -117 -117 0
-118 -118 -117 -117 -117 -118 -118 -118 -118 -118 -118 -117 -117 -117 -117 -117 -116 -116 -117 -117 -117 -117 -118 -118 -114 -120 -122 -113 43 118 110 113 116 116 117 117 117 116 118 120 122 126 127 127 127 127 125 122 126 127 126 125 3 -116 -122 -117 -116 -116 -116 -117 -116 -116 -114 -113 -120 -124 -122 -123 -123 -110 -98 -123 -123 -123 -126 -103 -42 -121 -122 -120 -120 -119 -116 -113 -112 -111 -108 -96 -84 -41 -23 -25 -63 -73 -65 -61 -54 -49 -44 -37 -32 -23 -17 -11 -4 4 16 22 28 33 43 51 57 64 72 84 88 92 95 100 105 108 109 113 120 122 124 125 126 126 126 125 125 124 124 124 127 125 126 126 126 126 125 124 123 123 123 123 124 124 125 125 125 125 126 126 127 127 127 127 127 127 127 127 127 127 126 126 126 126 127 127 127 127 127 127 127 126 126 125 124 122 123 122 115 89 28 -45 -99 -117 -117 -117 -116 -117 -117 -117 -117 -117 -117 -117 -117 -117 -117 -117 -117 -117 -117 -117 -117 -117 -117 -116 -116 -116 -116 -116 -117 -117 -118 -118 -118 -117 -117 -117 0
-118 -118 -117 -117 -117 -118 -118 -118 -118 -118 -118 -117 -117 -117 -117 -117 -116 -116 -117 -117 -117 -117 -118 -118 -113 -118 -119 -122 -4 115 106 110 114 114 115 114 115 114 116 119 121 126 127 127 127 127 126 126 127 126 122 126 111 -5 -100 -123 -123 -123 -124 -123 -122 -118 -114 -109 -106 -101 -94 -86 -80 -53 -4 -53 -46 -39 -33 -16 58 4 1 10 16 23 33 46 52 58 68 78 85 108 117 117 101 97 101 104 110 116 117 120 122 127 127 127 127 127 127 127 127 127 127 127 127 127 127 127 127 127 127 127 127 127 127 127 126 126 127 127 126 126 126 126 127 127 127 124 124 125 127 127 127 127 125 124 124 124 124 123 124 124 125 125 124 124 124 124 126 126 126 126 126 126 126 126 126 126 126 126 126 126 126 126 126 126 126 127 127 126 126 124 124 124 124 124 126 126 126 113 64 -19 -90 -120 -120 -118 -117 -117 -117 -117 -117 -117 -117 -117 -117 -117 -117 -117 -117 -117 -117 -117 -117 -116 -116 -116 -116 -116 -117 -117 -118 -118 -118 -117 -117 -117 0
-118 -118 -117 -117 -118 -121 -120 -119 -118 -119 -119 -119 -118 -117 -114 -115 -115 -116 -118 -119 -119 -119 -118 -116 -113 -115 -116 -124 -50 103 102 108 113 112 114 114 114 113 115 118 121 126 127 127 127 127 127 127 127 126 124 126 127 120 63 -14 -50 -45 -29 -11 5 20 32 45 62 75 82 89 95 103 111 111 113 115 117 123 126 126 127 127 127 127 127 127 127 127 127 127 126 127 127 127 127 127 127 127 126 126 126 126 126 126 126 126 126 126 126 126 126 126 127 127 127 127 127 125 127 127 127 125 125 125 125 126 125 125 125 126 125 126 126 126 126 127 127 125 125 126 126 127 127 127 127 127 127 127 127 127 127 127 127 127 127 127 127 127 124 123 123 123 123 122 122 123 123 125 126 126 126 126 125 125 125 125 125 124 124 125 125 126 125 125 126 126 126 126 127 127 126 115 74 -10 -89 -117 -119 -120 -119 -116 -116 -118 -118 -117 -117 -117 -117 -117 -117 -117 -117 -117 -117 -116 -116 -116 -117 -117 -117 -117 -117 -117 -117 -117 -117 -117 0
-118 -117 -116 -116 -117 -119 -118 -115 -114 -117 -118 -118 -117 -116 -115 -117 -118 -120 -120 -119 -118 -118 -118 -119 -119 -118 -118 -122 -85 78 103 106 109 111 113 113 113 112 114 118 121 125 126 126 127 127 127 127 127 127 127 127 127 127 127 121 113 113 118 124 127 127 127 127 127 127 127 127 127 127 127 127 127 127 127 127 127 127 126 125 126 126 126 126 126 126 126 126 126 126 125 125 126 127 126 126 126 126 126 125 125 127 127 127 126 127 127 127 126 127 127 126 127 127 126 125 104 99 104 109 115 121 127 127 127 126 126 127 127 126 126 126 126 126 126 126 127 126 127 127 127 127 127 126 126 126 126 126 126 126 126 126 125 125 125 125 122 122 122 122 122 121 121 122 121 120 120 120 120 120 121 121 121 121 121 120 120 120 120 121 121 121 121 122 122 122 123 122 123 124 126 115 69 -32 -109 -121 -119 -117 -116 -118 -119 -117 -116 -116 -116 -116 -116 -116 -116 -116 -116 -117 -117 -117 -118 -118 -117 -117 -116 -116 -116 -116 -116 -116 0
-118 -117 -116 -116 -116 -117 -116 -116 -116 -115 -115 -114 -114 -115 -120 -121 -121 -122 -118 -115 -115 -115 -116 -121 -122 -121 -122 -119 -106 42 105 100 104 108 110 110 110 109 112 116 120 125 126 126 127 127 127 127 127 127 127 127 127 127 126 123 125 125 124 124 125 125 125 126 126 126 126 127 127 126 126 127 127 127 126 126 125 125 124 124 123 123 123 124 124 124 124 123 122 122 123 123 124 124 124 124 124 124 124 124 124 123 124 124 124 124 125 124 125 125 126 126 126 126 125 126 89 -4 -23 -10 8 31 38 80 124 127 126 125 125 125 125 125 125 125 125 125 125 125 124 124 124 124 123 123 123 122 122 122 122 122 122 122 121 121 121 121 120 120 120 120 120 120 120 120 119 119 119 119 119 119 119 119 119 119 118 118 118 119 119 120 120 120 120 119 119 118 119 120 121 123 123 116 111 104 27 -91 -121 -123 -119 -116 -117 -119 -117 -116 -116 -116 -116 -116 -116 -116 -116 -117 -117 -117 -118 -118 -117 -117 -116 -116 -116 -116 -116 -116 0
-118 -117 -116 -116 -115 -115 -115 -117 -118 -116 -116 -116 -116 -117 -116 -116 -116 -116 -115 -115 -116 -116 -116 -115 -116 -116 -117 -116 -123 -3 108 98 101 107 107 107 107 107 111 114 119 124 125 125 125 125 127 127 127 127 127 127 127 127 127 127 127 127 127 126 126 126 126 127 126 125 125 125 125 125 125 125 125 124 123 123 123 123 121 121 121 121 121 120 120 120 120 120 119 119 120 120 122 121 121 121 121 121 121 121 121 119 119 118 119 119 120 120 121 122 124 125 125 125 124 124 127 79 -42 -55 -46 -33 -29 5 124 127 125 124 124 124 124 124 124 124 124 124 124 123 120 120 120 120 120 120 120 119 119 119 119 119 119 119 118 118 118 118 119 119 119 119 119 119 119 118 118 118 118 118 118 118 118 118 117 117 117 117 117 118 118 119 119 119 119 118 113 100 99 103 113 116 122 119 114 121 119 44 -95 -124 -121 -115 -116 -120 -117 -116 -116 -116 -116 -116 -116 -116 -116 -117 -117 -117 -118 -118 -117 -117 -116 -116 -116 -116 -116 -116 0
-119 -118 -117 -115 -117 -120 -120 -120 -122 -119 -119 -118 -120 -120 -116 -116 -117 -116 -116 -117 -119 -120 -120 -117 -116 -116 -117 -119 -128 -50 106 103 101 105 105 106 109 110 113 116 119 121 124 124 124 124 126 127 126 126 126 127 127 127 127 126 126 126 126 126 127 127 126 126 125 123 123 122 122 121 121 122 122 121 120 120 119 119 119 119 119 119 119 119 119 118 118 117 115 115 114 115 118 117 117 117 118 119 119 118 118 115 116 116 116 116 117 117 118 119 121 122 123 122 122 122 124 127 12 -53 -45 -42 -29 -19 67 127 124 123 122 123 123 123 123 122 122 122 123 122 120 119 118 118 118 117 117 116 116 117 116 116 116 116 118 118 117 117 117 117 117 117 117 115 115 116 115 114 114 114 114 114 113 113 114 115 114 113 113 115 115 116 116 116 116 116 106 98 101 100 109 115 119 119 116 119 119 114 27 -106 -121 -115 -115 -119 -118 -117 -117 -117 -117 -116 -116 -116 -116 -117 -117 -117 -118 -118 -117 -117 -117 -117 -117 -117 -117 -117 0
-118 -117 -117 -117 -116 -117 -112 -107 -103 -108 -112 -114 -118 -120 -122 -121 -122 -124 -120 -117 -119 -121 -122 -124 -123 -122 -122 -122 -127 -77 85 106 107 111 113 114 113 111 111 113 117 121 124 124 125 125 126 127 127 127 126 125 126 127 126 123 123 122 122 123 125 125 124 124 122 120 120 119 119 118 118 117 117 118 117 117 116 116 117 117 116 116 116 117 117 116 116 116 115 115 114 115 115 115 115 116 116 116 116 117 117 114 114 115 115 115 115 116 118 119 119 120 121 120 121 121 122 127 14 -47 -41 -36 -35 -32 -23 91 127 123 121 121 121 121 121 120 120 120 121 119 116 116 116 116 115 115 114 115 114 114 113 113 112 112 113 113 112 112 112 112 111 111 111 110 110 110 110 109 109 109 108 108 109 109 110 110 109 108 108 109 109 111 111 111 111 111 105 109 111 107 105 111 114 114 113 111 117 103 46 -56 -116 -116 -117 -118 -117 -116 -116 -116 -116 -116 -116 -116 -116 -117 -117 -117 -117 -117 -116 -116 -116 -116 -116 -116 -116 -116 0
-118 -117 -117 -110 -60 -6 17 32 37 18 1 -19 -40 -60 -82 -98 -112 -118 -118 -115 -116 -118 -123 -123 -118 -109 -86 -47 3 58 111 125 125 124 121 119 116 112 111 112 115 119 122 124 125 125 126 126 127 127 125 122 122 123 123 121 121 120 119 119 119 119 119 119 118 118 118 118 118 118 118 117 117 116 115 115 115 115 116 116 116 116 116 116 116 115 115 116 115 115 115 115 116 115 115 114 114 115 115 116 116 113 114 114 114 114 115 115 117 118 118 119 119 119 120 119 122 123 4 -49 -44 -39 -33 -31 -35 -9 94 122 119 119 119 117 117 117 117 117 116 115 114 113 112 112 112 111 110 110 109 110 109 109 108 108 108 108 107 107 108 108 107 107 107 107 107 106 106 105 105 105 104 104 105 105 105 105 105 104 104 104 104 105 105 105 105 104 100 101 103 102 100 105 104 105 105 104 111 60 -69 -73 -100 -118 -121 -116 -115 -116 -116 -116 -116 -116 -116 -116 -116 -117 -117 -117 -117 -117 -116 -116 -116 -116 -116 -116 -116 -116 0
-117 -116 -116 -115 -102 -79 -46 -9 25 56 66 66 64 57 47 32 11 -13 -43 -69 -86 -97 -78 -34 10 55 88 114 127 127 123 127 127 124 123 122 120 116 114 114 115 117 121 122 123 124 126 125 125 125 123 120 120 119 119 119 119 118 118 117 116 115 115 115 114 115 115 115 115 116 116 115 115 115 115 114 113 113 117 117 117 117 117 117 117 116 116 117 117 117 116 116 115 114 113 112 114 115 115 115 115 113 114 115 115 115 115 116 116 117 115 114 115 116 116 116 119 117 0 -47 -42 -38 -37 -33 -32 -39 -12 84 117 113 113 112 112 111 111 111 110 109 110 109 109 109 108 107 106 106 105 106 106 105 104 104 104 104 103 103 104 103 102 102 102 102 102 103 103 103 102 103 102 103 102 101 102 101 101 99 100 100 100 101 100 99 97 97 93 94 96 96 92 98 97 98 99 99 99 63 -78 -70 -86 -121 -124 -114 -114 -115 -115 -115 -115 -116 -116 -116 -116 -117 -117 -117 -116 -116 -115 -115 -115 -115 -115 -115 -115 -115 0
-117 -117 -117 -116 -119 -122 -121 -118 -108 -82 -46 -12 21 45 61 64 66 63 60 73 77 79 96 114 117 118 119 114 86 72 63 65 67 68 67 66 88 102 108 109 109 114 118 121 123 124 123 123 122 122 121 119 119 118 118 118 117 116 116 116 116 116 115 115 115 115 116 116 117 116 116 117 117 117 111 106 107 108 116 117 117 117 117 118 118 117 117 118 118 117 115 115 114 113 114 112 112 113 112 112 113 112 112 112 112 112 112 113 113 113 114 115 116 116 116 114 112 115 56 -38 -48 -42 -37 -35 -31 -32 -42 -11 84 112 108 108 108 108 109 108 107 106 104 104 103 104 102 103 101 102 101 103 101 102 102 100 103 100 100 100 100 98 97 99 97 96 93 93 92 89 91 87 88 83 80 85 73 87 65 74 66 64 74 45 72 34 89 90 90 65 76 94 88 93 92 93 94 92 93 77 -54 -50 20 -37 -117 -118 -118 -117 -116 -117 -117 -118 -118 -118 -118 -119 -119 -119 -119 -119 -117 -117 -118 -118 -118 -118 -118 -116 0
-117 -117 -117 -117 -117 -118 -118 -119 -120 -120 -119 -112 -95 -73 -40 -12 17 35 27 84 92 88 93 90 92 98 103 96 7 -11 -9 2 7 10 11 11 21 36 57 79 105 111 107 112 115 120 121 121 120 118 116 115 115 115 115 114 114 115 115 115 114 114 114 114 114 115 115 115 116 117 117 117 117 117 116 119 121 117 115 117 117 117 117 117 117 116 116 115 115 115 114 113 113 112 114 113 112 111 112 111 112 112 112 111 111 111 110 111 112 111 112 113 113 114 113 112 111 101 23 -46 -51 -45 -38 -37 -35 -33 -36 -41 -11 80 109 103 103 103 101 101 99 97 94 95 91 90 92 84 89 76 87 76 82 72 63 79 57 74 54 59 61 43 59 36 45 52 25 44 30 30 52 15 49 22 26 45 9 60 7 35 16 24 44 -2 48 -2 84 86 86 52 58 88 80 84 85 87 87 84 85 88 66 54 101 94 -30 -122 -119 -117 -116 -117 -117 -119 -119 -119 -119 -119 -119 -119 -119 -119 -118 -118 -119 -119 -119 -119 -119 -117 0
-117 -117 -117 -117 -117 -117 -117 -118 -118 -120 -119 -118 -117 -116 -116 -115 -102 -81 -61 4 63 64 68 71 74 81 87 85 2 -17 -12 -6 -1 2 4 7 7 8 10 20 38 70 95 107 104 96 107 113 114 114 112 111 111 110 110 110 111 111 111 111 112 112 112 114 114 114 114 115 115 115 115 115 115 116 114 114 115 114 113 115 115 115 115 116 116 115 115 115 115 115 114 114 113 112 114 112 113 112 114 113 112 114 112 114 111 113 111 112 112 110 110 108 107 105 105 106 102 99 -11 -63 -71 -49 -40 -39 -39 -36 -37 -38 -43 -9 83 85 43 48 57 37 51 38 26 51 32 35 46 15 54 4 56 14 50 22 5 47 5 47 7 27 33 15 39 12 28 36 14 39 25 32 52 25 57 38 46 58 42 69 50 63 57 62 69 58 72 64 81 80 75 64 65 75 68 73 74 74 76 78 79 79 85 81 83 105 83 -74 -121 -116 -118 -116 -116 -118 -118 -118 -118 -118 -118 -118 -118 -118 -118 -118 -118 -118 -118 -118 -118 -117 0
-117 -117 -117 -117 -117 -117 -117 -118 -118 -118 -119 -120 -122 -122 -121 -121 -119 -115 -100 -96 -47 43 59 62 64 67 72 73 15 -18 -22 -15 -13 -10 -7 -4 -1 1 3 4 8 12 31 71 98 72 96 102 105 106 104 104 104 104 104 104 105 106 106 107 108 108 109 112 112 112 112 112 115 114 115 114 113 112 111 111 112 110 110 113 113 116 114 113 112 111 110 109 110 107 107 105 103 103 96 102 91 103 84 88 90 76 94 64 87 66 71 69 48 72 53 40 60 27 50 56 25 46 -48 -66 -78 -60 -44 -41 -40 -39 -39 -37 -36 -43 -3 72 43 18 35 10 36 26 15 45 27 39 48 30 62 32 66 42 68 56 51 69 54 71 58 69 70 70 76 73 75 76 76 78 77 77 78 77 77 78 78 77 78 75 77 76 77 75 72 75 74 74 71 69 65 58 59 58 56 59 60 60 63 66 69 71 74 71 76 90 93 19 -111 -117 -118 -117 -116 -118 -118 -118 -118 -118 -118 -118 -118 -118 -118 -118 -118 -118 -118 -118 -118 -117 0
-117 -117 -117 -117 -117 -117 -117 -117 -117 -116 -116 -119 -121 -120 -118 -119 -117 -113 -105 -110 -128 -45 55 56 56 57 59 58 48 24 -2 -21 -23 -21 -20 -18 -16 -12 -10 -9 -6 -5 -5 9 46 77 98 95 86 96 98 98 98 98 99 99 100 101 102 102 103 105 106 95 97 89 94 92 80 89 77 78 94 111 109 96 100 106 106 110 106 57 73 61 54 71 41 51 57 40 63 38 48 51 22 68 12 75 15 32 41 17 64 -2 56 17 40 40 13 49 27 22 50 13 47 51 26 -15 -66 -77 -88 -90 -69 -54 -50 -49 -41 -37 -35 -37 -47 -6 83 81 74 69 77 76 77 78 78 79 79 79 79 80 79 79 77 78 77 76 77 74 76 74 74 73 72 71 70 69 70 68 68 67 67 66 64 65 64 63 62 61 61 60 60 60 58 60 60 60 59 58 54 46 49 49 46 49 50 50 52 56 60 62 63 64 63 63 62 59 -79 -120 -118 -118 -116 -117 -117 -117 -117 -117 -117 -117 -117 -117 -117 -117 -117 -117 -117 -117 -117 -117 0
-117 -117 -117 -117 -117 -117 -117 -117 -117 -114 -114 -116 -117 -117 -114 -114 -114 -109 -102 -89 -108 -43 50 49 49 51 50 36 0 -4 -5 -18 -26 -30 -38 -27 -23 -19 -19 -18 -17 -17 -16 -12 -5 18 26 26 48 84 91 92 92 93 93 94 95 96 97 98 99 101 104 25 45 10 41 34 10 42 7 28 59 108 106 74 84 103 101 105 96 7 43 24 22 47 14 32 39 26 54 32 51 53 38 75 40 87 55 68 71 66 88 64 89 77 87 88 84 91 87 88 93 88 91 93 84 -35 -78 -86 -83 -82 -91 -79 -76 -59 -41 -39 -38 -39 -44 -53 -14 83 91 77 70 72 72 71 70 69 69 68 67 67 66 65 64 64 63 63 63 62 62 61 61 60 60 60 59 59 58 57 57 57 57 56 56 56 55 54 54 53 52 51 50 51 50 49 48 47 46 46 43 38 42 42 36 41 40 40 42 44 45 45 44 47 43 33 32 40 -65 -121 -120 -119 -116 -117 -117 -117 -117 -117 -117 -117 -117 -117 -117 -117 -117 -117 -117 -117 -117 -117 0
-117 -117 -117 -117 -117 -117 -117 -117 -117 -117 -116 -115 -115 -114 -115 -116 -116 -112 -69 -23 6 26 37 40 39 39 40 22 -24 -32 -32 -29 -25 -32 -44 -28 -30 -29 -29 -30 -30 -28 -28 -26 -27 -23 -9 14 53 76 82 85 85 85 87 88 89 90 91 92 93 95 98 42 60 42 61 57 52 71 57 67 78 99 100 82 84 96 95 98 96 73 85 81 80 85 83 87 89 88 91 91 93 94 95 95 96 97 97 96 97 98 96 98 98 98 97 96 96 94 93 93 91 93 90 91 56 -58 -65 -66 -68 -72 -86 -76 -58 -43 -41 -42 -43 -44 -48 -50 -58 -19 78 97 76 63 61 62 61 61 61 60 60 61 60 59 58 58 58 57 56 55 56 55 54 53 53 52 52 51 49 49 49 48 47 46 46 46 45 44 43 41 40 38 37 36 35 34 32 30 29 29 29 2 -8 -10 11 31 28 28 30 30 28 29 28 26 19 13 10 5 -77 -118 -121 -119 -116 -117 -117 -117 -117 -117 -117 -117 -117 -117 -117 -117 -117 -117 -117 -117 -117 -117 0
-117 -117 -117 -117 -117 -117 -117 -117 -117 -118 -118 -117 -115 -115 -118 -118 -118 -115 -45 -14 -4 -1 7 12 13 14 13 2 -24 -30 -32 -33 -31 -30 -49 -28 -23 -28 -32 -33 -35 -36 -38 -34 -28 -37 -1 25 56 71 76 76 77 79 80 80 81 83 84 85 86 88 89 92 91 91 91 91 92 90 92 91 90 91 92 86 84 84 87 92 92 94 92 89 90 88 89 90 89 89 88 89 88 89 89 91 91 93 93 95 93 94 94 95 93 93 94 95 95 93 94 95 97 95 93 97 31 -56 -54 -60 -64 -67 -64 -56 -49 -45 -43 -44 -44 -46 -49 -51 -52 -62 -28 70 98 84 60 50 52 53 51 49 48 48 47 46 44 44 44 43 41 41 40 40 39 38 37 36 35 34 33 31 31 30 29 28 27 27 26 25 24 23 21 19 19 18 17 15 12 11 11 10 12 -1 -4 2 8 13 11 13 14 13 12 11 9 2 -3 1 -8 -24 -95 -117 -120 -118 -116 -117 -117 -117 -117 -117 -117 -117 -117 -117 -117 -117 -117 -117 -117 -117 -117 -117 0
-115 -115 -115 -115 -116 -117 -117 -117 -117 -117 -117 -117 -117 -117 -117 -117 -118 -118 -115 -100 -81 -58 -39 -25 -19 -19 -21 -23 -26 -29 -31 -33 -34 -33 -38 -32 -29 -27 -27 -28 -29 -30 -35 -31 -25 -37 1 33 61 61 60 61 65 70 71 68 69 73 75 76 77 80 82 83 83 83 83 82 82 85 83 85 85 87 88 80 76 78 80 86 87 87 86 85 85 85 86 87 88 88 89 89 88 89 90 91 93 94 94 94 94 94 94 93 93 93 94 95 95 95 95 95 95 95 94 99 25 -50 -55 -58 -63 -81 -84 -68 -64 -57 -49 -46 -46 -50 -52 -53 -54 -55 -61 -33 57 93 92 69 43 34 32 30 28 28 31 37 42 39 28 21 21 19 16 16 17 18 16 15 15 14 14 13 12 12 11 11 10 10 10 9 9 9 8 6 6 6 5 3 2 2 2 2 3 4 6 6 3 1 -1 -1 -1 -5 -5 -6 -7 -14 -16 -9 -18 -50 -111 -118 -117 -117 -117 -117 -117 -117 -117 -117 -117 -117 -117 -117 -117 -117 -117 -117 -117 -117 -117 -117 0
-115 -115 -115 -115 -116 -117 -117 -117 -117 -117 -117 -117 -117 -117 -117 -117 -118 -118 -116 -115 -112 -106 -96 -81 -58 -40 -30 -27 -25 -25 -25 -22 -24 -26 -28 -32 -35 -34 -30 -28 -28 -29 -28 -28 -23 -22 9 41 45 36 37 41 47 53 57 57 58 62 65 67 68 72 74 75 76 77 77 77 77 78 78 79 79 80 79 72 72 72 73 81 81 80 80 79 79 79 80 81 83 83 84 84 84 85 85 86 87 87 87 87 87 85 85 86 88 89 90 90 92 94 93 94 94 95 95 72 -6 -51 -55 -65 -79 -86 -96 -82 -81 -77 -65 -55 -50 -52 -54 -55 -55 -56 -58 -64 -40 46 85 96 89 70 56 46 50 59 67 76 90 98 95 85 85 83 70 48 22 6 5 5 3 4 3 4 3 3 3 2 2 2 2 2 2 2 0 -1 -1 -2 -3 -3 -4 -4 -4 -4 -3 -4 -5 -4 -6 -8 -10 -11 -11 -17 -17 -17 -18 -18 -18 -21 -40 -95 -117 -117 -117 -117 -117 -117 -117 -117 -117 -117 -117 -117 -117 -117 -117 -117 -117 -117 -117 -117 -117 -117 0
-116 -116 -116 -116 -116 -117 -117 -117 -117 -117 -117 -117 -117 -117 -117 -117 -117 -117 -120 -120 -118 -117 -115 -117 -110 -93 -71 -49 -35 -29 -25 -22 -21 -23 -26 -28 -30 -29 -30 -29 -30 -29 -24 -22 -15 -4 3 9 11 18 22 25 31 35 41 43 45 50 54 57 58 61 63 67 67 67 67 68 69 71 72 73 73 72 72 54 46 45 59 73 73 73 73 73 73 73 74 74 75 76 76 77 78 79 78 78 78 77 76 76 76 76 80 85 85 85 85 86 88 91 91 92 93 94 92 34 -15 -60 -74 -82 -81 -81 -87 -78 -71 -58 -52 -58 -56 -55 -57 -57 -57 -59 -61 -64 -75 -57 25 67 67 63 68 70 78 82 93 111 122 124 126 127 127 127 127 125 109 52 1 -1 -3 -3 -4 -4 -5 -5 -5 -6 -6 -5 -5 -6 -6 -7 -8 -9 -8 -8 -9 -9 -10 -11 -11 -11 -13 -14 -14 -14 -16 -18 -19 -19 -21 -25 -24 -22 -21 -21 -22 -41 -90 -119 -117 -117 -117 -117 -117 -117 -117 -117 -117 -117 -117 -117 -117 -117 -117 -117 -117 -117 -117 -117 -117 -117 0
-117 -117 -117 -117 -117 -118 -118 -118 -118 -117 -117 -117 -117 -117 -117 -117 -117 -117 -119 -120 -119 -120 -120 -121 -119 -114 -112 -103 -88 -69 -49 -37 -30 -27 -26 -25 -23 -25 -24 -25 -25 -24 -24 -21 -18 -14 -13 -8 -2 2 6 9 14 20 25 28 30 34 39 42 44 48 51 54 56 57 58 60 61 62 63 64 65 65 65 44 37 40 56 68 67 67 67 67 67 67 68 68 68 69 69 70 71 71 70 70 69 67 65 65 67 75 80 82 82 81 81 85 89 95 97 100 102 101 103 95 3 -80 -80 -81 -79 -74 -70 -64 -59 -56 -57 -61 -63 -61 -63 -65 -66 -67 -70 -74 -77 -85 -71 -14 -11 4 62 102 116 121 126 126 125 125 125 125 126 127 126 127 126 115 28 -7 -9 -11 -11 -12 -12 -12 -12 -13 -12 -12 -14 -14 -13 -13 -14 -15 -15 -15 -16 -16 -17 -18 -18 -19 -21 -22 -22 -22 -23 -25 -25 -26 -26 -24 -24 -24 -24 -25 -46 -91 -116 -119 -118 -117 -117 -117 -117 -117 -117 -117 -117 -117 -117 -117 -117 -117 -117 -117 -117 -117 -117 -117 -117 -117 0
-116 -118 -117 -117 -117 -117 -117 -118 -118 -117 -117 -117 -117 -117 -118 -118 -118 -118 -117 -115 -117 -118 -119 -118 -119 -121 -123 -120 -117 -114 -105 -92 -69 -48 -35 -24 -23 -29 -27 -24 -21 -24 -25 -24 -22 -21 -20 -16 -14 -10 -7 -4 1 6 11 14 17 21 25 28 29 32 36 39 42 44 46 47 49 50 52 53 54 55 55 57 59 59 58 57 58 59 59 60 60 60 60 60 60 60 59 59 60 59 58 58 57 55 54 61 71 75 75 77 77 79 83 87 90 97 95 97 98 97 102 35 -73 -78 -79 -74 -74 -76 -74 -74 -74 -75 -72 -71 -71 -70 -71 -72 -73 -73 -74 -76 -79 -81 -75 -49 -25 -14 75 127 125 126 127 126 125 126 126 126 126 126 125 125 124 125 65 -10 -15 -18 -18 -19 -19 -18 -19 -21 -20 -20 -20 -21 -20 -20 -20 -21 -21 -21 -21 -23 -23 -22 -22 -23 -25 -25 -26 -26 -28 -28 -28 -29 -28 -23 -26 -29 -31 -53 -98 -116 -118 -116 -118 -118 -118 -118 -118 -118 -118 -118 -118 -117 -117 -117 -118 -118 -117 -117 -117 -117 -117 -118 -118 -117 0
-117 -118 -117 -117 -118 -118 -118 -119 -119 -116 -116 -117 -117 -117 -117 -117 -117 -117 -116 -114 -115 -116 -116 -114 -117 -120 -123 -123 -122 -121 -118 -118 -112 -103 -83 -62 -45 -38 -34 -29 -25 -24 -25 -25 -25 -25 -25 -23 -24 -21 -18 -16 -12 -7 -3 0 4 7 10 14 16 20 22 26 29 31 32 34 36 38 40 41 42 44 46 46 46 47 48 48 48 48 49 50 50 50 50 49 49 49 47 47 46 45 44 43 42 44 55 64 67 70 71 72 73 74 75 71 72 73 75 75 74 78 71 -38 -74 -77 -67 -63 -88 -108 -82 -74 -74 -74 -72 -69 -69 -69 -70 -72 -72 -73 -75 -76 -78 -76 -67 -45 -20 -22 -60 105 127 127 127 127 127 126 126 125 123 123 122 122 123 122 91 -5 -22 -23 -23 -23 -23 -23 -23 -24 -24 -24 -25 -25 -24 -24 -24 -25 -24 -24 -23 -26 -27 -27 -27 -27 -28 -28 -28 -28 -29 -29 -29 -29 -28 -26 -31 -42 -70 -104 -118 -118 -117 -114 -117 -117 -117 -117 -117 -117 -117 -117 -117 -117 -117 -117 -117 -117 -117 -117 -117 -117 -117 -117 -117 -116 0
-116 -117 -116 -116 -117 -119 -119 -119 -119 -116 -115 -116 -116 -116 -117 -117 -117 -117 -117 -115 -115 -116 -116 -116 -115 -116 -115 -115 -115 -116 -117 -118 -119 -118 -118 -114 -104 -82 -60 -41 -31 -25 -25 -25 -26 -27 -26 -27 -28 -27 -26 -25 -21 -17 -14 -14 -10 -6 -2 2 4 7 10 13 18 20 22 23 25 26 28 30 30 32 34 34 35 36 36 36 37 37 38 39 39 39 39 37 36 36 35 35 31 30 30 31 38 49 60 61 62 66 67 69 69 69 69 69 69 69 70 69 70 70 28 -54 -64 -22 -19 -79 -81 -87 -85 -83 -82 -77 -65 -72 -71 -73 -74 -73 -73 -74 -76 -77 -77 -72 -64 -29 51 92 -43 43 127 127 126 127 126 124 123 120 118 118 117 117 118 118 104 9 -26 -25 -25 -24 -24 -25 -25 -25 -25 -25 -26 -26 -27 -27 -26 -26 -26 -26 -26 -27 -27 -28 -28 -28 -28 -28 -28 -28 -28 -28 -28 -28 -27 -30 -49 -87 -114 -118 -118 -117 -116 -117 -117 -117 -117 -117 -117 -117 -117 -117 -117 -116 -116 -116 -117 -117 -116 -116 -116 -116 -116 -116 -116 -115 0
-115 -116 -115 -115 -115 -116 -115 -116 -116 -115 -115 -115 -115 -115 -116 -116 -116 -116 -116 -116 -116 -116 -116 -117 -116 -115 -114 -114 -114 -115 -116 -116 -118 -118 -119 -119 -118 -115 -110 -97 -79 -55 -38 -31 -28 -25 -22 -24 -26 -27 -27 -28 -27 -26 -26 -25 -22 -17 -13 -9 -7 -4 0 4 5 6 8 9 11 13 16 17 18 20 20 21 22 23 24 24 25 25 25 25 25 26 25 24 23 22 21 20 20 19 20 28 37 50 54 56 58 60 61 63 65 66 66 66 66 66 66 66 67 51 3 -3 19 -13 -73 -86 -79 -79 -81 -77 -70 -54 -45 -65 -73 -74 -74 -75 -74 -77 -77 -77 -75 -70 -44 5 107 127 55 -2 126 124 122 121 121 120 117 113 110 110 109 109 113 112 105 20 -29 -25 -25 -25 -24 -24 -25 -25 -24 -25 -25 -26 -25 -25 -24 -24 -24 -24 -24 -28 -30 -29 -28 -28 -28 -27 -26 -24 -21 -22 -26 -32 -46 -81 -104 -113 -116 -118 -117 -115 -116 -118 -117 -116 -116 -116 -116 -116 -116 -116 -116 -116 -116 -116 -116 -116 -116 -116 -115 -115 -115 -115 -115 -114 0
-115 -115 -115 -115 -115 -114 -114 -114 -114 -115 -115 -115 -115 -115 -116 -116 -116 -116 -116 -116 -116 -116 -116 -116 -116 -116 -116 -116 -116 -116 -117 -117 -116 -116 -117 -117 -118 -119 -118 -115 -114 -106 -92 -72 -51 -38 -30 -28 -27 -27 -25 -26 -26 -26 -25 -26 -25 -24 -23 -21 -19 -16 -13 -10 -7 -6 -4 -3 -1 1 3 4 6 6 7 8 8 9 12 13 13 13 13 13 13 13 12 10 8 8 8 6 6 7 17 22 27 37 41 46 50 54 56 57 59 60 60 60 60 60 60 60 60 58 59 33 -53 -88 -82 -79 -79 -79 -69 -58 -52 -50 -46 -50 -70 -74 -73 -74 -74 -74 -73 -74 -75 -71 -7 15 110 127 112 5 109 116 113 113 111 109 107 104 102 102 102 102 104 104 100 23 -30 -29 -29 -29 -29 -29 -28 -28 -28 -28 -28 -29 -28 -28 -28 -27 -27 -27 -27 -27 -26 -26 -26 -27 -25 -27 -28 -27 -27 -32 -48 -74 -98 -117 -116 -116 -116 -116 -116 -116 -116 -116 -116 -116 -116 -116 -116 -116 -116 -116 -116 -116 -116 -116 -116 -116 -116 -116 -115 -115 -115 -115 -115 -114 0
-115 -115 -115 -115 -115 -114 -114 -114 -114 -114 -114 -114 -114 -114 -115 -115 -115 -115 -115 -115 -115 -115 -115 -115 -115 -115 -115 -115 -115 -115 -116 -116 -115 -115 -116 -116 -117 -118 -116 -114 -113 -114 -114 -110 -105 -94 -76 -56 -41 -31 -29 -26 -25 -23 -20 -22 -24 -28 -32 -31 -27 -26 -25 -25 -20 -17 -15 -13 -12 -10 -8 -6 -5 -5 -5 -4 -5 -4 -1 0 0 0 0 0 0 0 -1 -3 -5 -5 -5 -7 -5 4 9 10 13 17 23 29 34 39 47 50 52 52 52 52 52 52 53 53 52 56 21 -63 -84 -76 -75 -76 -78 -71 -63 -61 -60 -57 -53 -49 -57 -85 -91 -79 -79 -84 -91 -98 -105 -89 -32 3 120 126 126 27 85 109 105 104 101 99 97 95 95 95 94 94 93 94 95 25 -31 -31 -31 -31 -31 -29 -28 -28 -28 -28 -29 -29 -29 -29 -30 -30 -30 -30 -30 -23 -22 -24 -25 -25 -24 -28 -35 -49 -67 -87 -103 -113 -115 -116 -115 -115 -115 -115 -115 -115 -115 -115 -115 -115 -115 -115 -115 -115 -115 -115 -115 -115 -115 -115 -115 -115 -115 -115 -114 -114 -114 -114 -114 -114 0
-115 -115 -115 -115 -115 -115 -115 -115 -115 -115 -115 -115 -115 -115 -116 -116 -116 -116 -115 -115 -115 -115 -115 -115 -115 -115 -115 -115 -115 -115 -116 -116 -115 -115 -116 -116 -116 -117 -115 -114 -113 -118 -118 -117 -117 -116 -112 -105 -90 -71 -55 -41 -33 -28 -26 -24 -25 -28 -30 -29 -28 -28 -29 -30 -27 -25 -24 -23 -23 -22 -20 -19 -17 -17 -18 -17 -18 -17 -15 -14 -14 -15 -15 -15 -14 -14 -15 -15 -16 -17 -19 -15 -7 -6 -4 -3 0 4 7 10 14 18 26 30 32 33 33 33 32 32 33 34 36 10 -63 -77 -73 -73 -75 -74 -69 -69 -68 -64 -62 -58 -55 -52 -55 -64 -103 -109 -112 -118 -122 -121 -114 -119 -105 6 127 124 122 33 62 99 93 92 91 91 86 83 83 83 84 84 82 83 84 16 -33 -24 -24 -24 -24 -23 -23 -23 -23 -23 -23 -23 -23 -23 -24 -25 -25 -25 -24 -26 -28 -30 -35 -38 -45 -61 -80 -97 -111 -116 -117 -118 -119 -115 -114 -114 -115 -115 -115 -115 -115 -115 -115 -115 -115 -115 -115 -115 -115 -115 -115 -115 -115 -115 -115 -115 -116 -116 -115 -115 -115 -115 -115 -115 0
-115 -115 -115 -115 -115 -114 -114 -115 -115 -115 -115 -115 -115 -115 -115 -115 -115 -115 -114 -114 -114 -114 -114 -114 -114 -114 -114 -114 -115 -115 -115 -115 -115 -115 -115 -115 -115 -115 -114 -114 -113 -113 -114 -115 -115 -114 -112 -112 -112 -110 -105 -97 -79 -62 -48 -36 -31 -27 -25 -22 -22 -24 -25 -25 -27 -28 -28 -28 -28 -30 -29 -28 -27 -27 -27 -27 -27 -27 -26 -26 -25 -26 -26 -25 -25 -26 -26 -27 -28 -29 -27 -18 -16 -17 -17 -16 -12 -8 -5 -2 2 6 11 15 17 17 16 16 17 17 16 16 21 -29 -66 -70 -73 -74 -72 -68 -60 -61 -61 -58 -56 -55 -54 -54 -53 -52 -55 -56 -57 -64 -72 -61 -97 -128 -99 -1 109 96 86 16 40 88 82 82 80 80 74 70 69 69 70 69 66 68 69 2 -37 -28 -29 -28 -29 -31 -33 -34 -35 -35 -37 -39 -40 -41 -44 -47 -48 -49 -52 -62 -70 -78 -86 -94 -102 -107 -110 -111 -113 -116 -116 -116 -116 -114 -114 -114 -114 -114 -114 -114 -114 -114 -114 -115 -115 -114 -114 -114 -114 -114 -114 -114 -114 -114 -114 -114 -115 -115 -115 -115 -115 -115 -115 -115 0
-114 -114 -114 -114 -114 -114 -114 -115 -115 -115 -115 -115 -115 -115 -115 -115 -115 -115 -114 -114 -114 -114 -114 -114 -114 -114 -114 -114 -115 -115 -115 -115 -115 -115 -115 -115 -115 -114 -114 -114 -114 -111 -110 -111 -111 -111 -111 -113 -116 -118 -118 -118 -116 -110 -101 -84 -64 -45 -32 -26 -26 -26 -25 -23 -26 -28 -28 -28 -28 -33 -32 -30 -29 -29 -30 -30 -30 -30 -30 -30 -29 -30 -30 -31 -31 -31 -31 -32 -34 -34 -30 -24 -25 -25 -44 -35 -26 -26 -18 -14 -9 -7 -4 -2 1 2 3 3 3 3 3 2 13 -31 -65 -65 -62 -54 -53 -52 -53 -55 -55 -52 -47 -45 -44 -43 -41 -39 -36 -33 -30 -27 -30 -83 -123 -122 -101 -30 55 45 36 -13 20 71 65 65 64 62 58 52 52 52 51 50 47 49 50 -17 -76 -79 -79 -81 -83 -88 -92 -93 -95 -96 -98 -99 -100 -101 -103 -106 -107 -108 -109 -110 -111 -113 -114 -117 -120 -118 -116 -112 -112 -112 -112 -111 -111 -113 -114 -114 -114 -114 -114 -114 -114 -114 -114 -115 -115 -114 -114 -114 -114 -114 -114 -114 -114 -114 -114 -114 -115 -115 -115 -115 -115 -115 -115 -115 0
-114 -114 -114 -114 -115 -116 -116 -116 -116 -116 -116 -116 -116 -116 -116 -116 -116 -116 -114 -114 -114 -114 -114 -114 -114 -114 -114 -114 -115 -115 -115 -115 -115 -115 -115 -115 -114 -112 -114 -114 -115 -113 -112 -112 -112 -112 -113 -114 -116 -117 -118 -117 -116 -115 -117 -115 -109 -100 -86 -69 -55 -42 -33 -27 -26 -25 -25 -25 -26 -29 -29 -28 -27 -27 -28 -28 -29 -29 -29 -29 -28 -29 -30 -30 -30 -30 -30 -29 -29 -33 -31 -31 -31 -30 -53 -38 -49 -56 -27 -25 -21 -23 -21 -22 -18 -16 -16 -16 -14 -14 -16 -14 -20 -49 -54 -46 -40 -38 -39 -41 -41 -41 -42 -42 -39 -37 -35 -37 -37 -34 -31 -30 -28 -37 -98 -125 -122 -120 -107 -61 0 -6 -10 -45 0 52 46 46 46 44 43 34 31 31 30 29 28 29 27 -42 -103 -115 -116 -116 -115 -116 -119 -119 -119 -119 -118 -118 -118 -118 -119 -120 -120 -120 -119 -116 -115 -116 -116 -117 -117 -117 -115 -114 -114 -114 -113 -112 -111 -113 -114 -114 -114 -114 -114 -114 -114 -114 -114 -115 -115 -114 -114 -114 -114 -114 -114 -114 -114 -114 -114 -114 -116 -116 -116 -116 -116 -116 -116 -116 0
-113 -113 -113 -113 -114 -116 -115 -115 -115 -116 -116 -116 -116 -116 -116 -116 -116 -116 -114 -113 -113 -113 -113 -113 -113 -113 -113 -113 -114 -114 -114 -114 -115 -115 -114 -114 -113 -113 -114 -114 -115 -116 -116 -116 -116 -116 -117 -116 -114 -113 -112 -113 -113 -114 -116 -118 -118 -117 -115 -114 -105 -93 -75 -56 -37 -29 -27 -27 -27 -27 -26 -27 -25 -25 -24 -24 -24 -24 -26 -26 -25 -25 -26 -26 -26 -25 -25 -26 -27 -31 -30 -28 -29 -28 -28 -28 -36 -38 -30 -30 -29 -31 -31 -33 -31 -30 -32 -32 -32 -32 -33 -33 -32 -32 -33 -30 -29 -28 -28 -32 -33 -33 -35 -35 -33 -32 -32 -32 -30 -30 -29 -28 -26 -33 -87 -123 -126 -125 -111 -83 -43 -46 -46 -69 -20 27 22 22 22 20 19 10 5 6 5 5 6 7 3 -61 -107 -115 -116 -115 -114 -113 -112 -114 -114 -113 -113 -113 -114 -114 -114 -114 -114 -114 -115 -114 -114 -114 -113 -111 -110 -111 -112 -114 -116 -116 -116 -115 -115 -114 -114 -114 -114 -114 -114 -114 -114 -114 -114 -115 -115 -114 -114 -113 -113 -113 -113 -113 -113 -113 -113 -113 -116 -116 -116 -116 -116 -116 -115 -115 0
-112 -112 -113 -113 -113 -114 -113 -112 -112 -113 -113 -113 -113 -113 -113 -113 -113 -114 -113 -113 -113 -114 -114 -113 -113 -113 -113 -114 -114 -114 -114 -114 -115 -115 -114 -114 -114 -114 -114 -114 -115 -115 -115 -115 -115 -115 -115 -114 -114 -113 -113 -114 -114 -114 -115 -115 -115 -115 -114 -114 -113 -113 -112 -109 -100 -86 -74 -65 -56 -42 -38 -37 -37 -34 -32 -32 -32 -32 -35 -37 -38 -39 -40 -41 -43 -45 -46 -53 -56 -58 -60 -60 -54 -48 -44 -42 -40 -41 -41 -41 -41 -41 -42 -44 -46 -47 -47 -49 -51 -52 -57 -58 -59 -59 -59 -52 -52 -59 -64 -26 -22 -24 -25 -25 -28 -29 -27 -28 -25 -26 -27 -26 -23 -42 -91 -113 -121 -121 -105 -88 -55 -58 -55 -83 -40 -3 -6 -4 -6 -6 -6 -8 -11 -12 -13 -11 -7 -12 -12 -66 -109 -115 -114 -115 -115 -114 -113 -113 -114 -114 -113 -113 -113 -113 -113 -113 -113 -113 -113 -114 -114 -114 -114 -113 -114 -114 -114 -114 -115 -115 -115 -115 -115 -114 -114 -114 -114 -114 -114 -114 -114 -114 -114 -115 -115 -114 -114 -113 -113 -113 -113 -113 -113 -113 -113 -113 -113 -113 -113 -113 -113 -114 -113 -113 0
-112 -112 -113 -113 -113 -113 -113 -113 -113 -113 -113 -113 -113 -113 -113 -113 -113 -114 -113 -113 -113 -113 -113 -114 -114 -114 -114 -114 -114 -114 -114 -114 -114 -114 -114 -114 -114 -114 -114 -114 -114 -114 -114 -114 -113 -113 -113 -113 -113 -113 -113 -114 -114 -114 -114 -114 -114 -114 -114 -114 -114 -114 -114 -114 -113 -112 -109 -105 -103 -100 -97 -96 -95 -93 -91 -90 -90 -90 -93 -96 -97 -98 -102 -108 -109 -110 -110 -110 -110 -110 -110 -112 -114 -113 -110 -106 -102 -99 -98 -97 -97 -102 -104 -105 -106 -107 -105 -107 -106 -108 -110 -111 -111 -112 -108 -109 -109 -112 -94 -24 -25 -27 -28 -28 -29 -29 -27 -29 -30 -36 -33 -30 -29 -64 -104 -110 -106 -128 -110 -84 -55 -57 -60 -89 -44 -12 -15 -14 -16 -16 -17 -16 -17 -17 -18 -17 -18 -20 -21 -76 -113 -115 -114 -114 -114 -113 -113 -113 -114 -114 -113 -113 -114 -114 -114 -114 -114 -114 -114 -113 -113 -113 -113 -114 -114 -114 -114 -114 -114 -114 -114 -114 -114 -113 -113 -114 -114 -114 -114 -114 -114 -114 -114 -114 -114 -114 -114 -114 -114 -114 -114 -113 -113 -113 -113 -113 -113 -113 -114 -114 -114 -113 -113 -114 0
-111 -111 -112 -112 -112 -112 -112 -112 -112 -112 -112 -112 -112 -112 -112 -112 -112 -113 -113 -112 -112 -113 -113 -113 -113 -113 -113 -113 -112 -112 -112 -112 -112 -112 -112 -112 -112 -112 -112 -112 -112 -112 -112 -112 -113 -113 -113 -113 -113 -113 -113 -112 -112 -112 -112 -112 -112 -112 -112 -112 -112 -112 -113 -113 -114 -115 -115 -113 -113 -116 -116 -118 -117 -117 -116 -116 -116 -116 -117 -118 -117 -117 -116 -116 -116 -115 -116 -120 -121 -120 -119 -120 -118 -117 -116 -114 -115 -117 -118 -117 -117 -115 -115 -115 -115 -115 -115 -115 -115 -116 -117 -117 -116 -117 -113 -115 -128 -128 -68 -23 -28 -29 -29 -29 -23 -21 -22 -24 -30 -35 -30 -27 -32 -83 -108 -113 -104 -119 -119 -88 -70 -70 -70 -97 -41 -18 -20 -20 -20 -20 -22 -20 -22 -22 -21 -23 -26 -25 -30 -87 -117 -113 -112 -112 -112 -113 -113 -113 -112 -112 -113 -113 -112 -112 -112 -112 -112 -112 -112 -113 -113 -113 -113 -113 -112 -112 -112 -112 -112 -112 -112 -112 -112 -113 -113 -112 -112 -112 -112 -112 -112 -112 -112 -112 -112 -112 -112 -113 -113 -113 -113 -112 -112 -112 -112 -112 -112 -112 -112 -112 -112 -112 -112 -112 0
-111 -111 -111 -111 -111 -111 -111 -111 -111 -111 -111 -112 -112 -112 -112 -112 -112 -113 -112 -111 -112 -112 -112 -112 -112 -112 -112 -112 -112 -112 -112 -112 -112 -112 -112 -112 -112 -112 -112 -112 -112 -112 -112 -112 -113 -113 -113 -113 -113 -113 -113 -112 -112 -112 -112 -112 -112 -112 -112 -112 -112 -112 -113 -113 -113 -114 -115 -115 -115 -111 -110 -109 -110 -111 -111 -111 -112 -112 -110 -110 -110 -111 -110 -109 -109 -108 -109 -112 -112 -111 -111 -111 -109 -109 -108 -107 -109 -110 -110 -110 -110 -108 -107 -107 -107 -107 -108 -108 -109 -109 -109 -109 -109 -110 -109 -105 -123 -111 -37 -19 -21 -21 -21 -21 -29 -29 -30 -30 -27 -22 -29 -45 -63 -98 -111 -112 -109 -103 -105 -91 -84 -85 -91 -103 -34 -22 -23 -26 -25 -26 -27 -25 -27 -26 -27 -29 -30 -25 -41 -94 -115 -112 -112 -112 -112 -113 -113 -113 -112 -112 -113 -113 -112 -112 -112 -112 -112 -112 -112 -113 -113 -113 -113 -113 -112 -112 -112 -112 -112 -112 -112 -112 -112 -113 -113 -112 -112 -112 -112 -112 -112 -112 -112 -112 -112 -112 -112 -112 -112 -112 -112 -112 -112 -112 -112 -112 -112 -112 -111 -110 -110 -111 -111 -111 0
-113 -113 -113 -113 -113 -112 -112 -112 -112 -110 -110 -111 -111 -111 -112 -112 -111 -111 -110 -110 -110 -110 -110 -112 -112 -111 -111 -111 -112 -112 -112 -112 -112 -112 -112 -112 -112 -112 -112 -112 -112 -112 -112 -112 -112 -112 -112 -112 -112 -112 -112 -112 -112 -112 -112 -114 -114 -114 -114 -114 -114 -114 -114 -114 -111 -110 -112 -114 -113 -109 -109 -109 -109 -109 -110 -110 -110 -110 -109 -109 -109 -109 -111 -114 -114 -114 -114 -110 -107 -108 -108 -109 -114 -113 -114 -114 -111 -109 -109 -109 -109 -113 -114 -113 -114 -114 -113 -113 -114 -114 -114 -114 -114 -114 -116 -111 -101 -81 -54 -41 -33 -30 -29 -28 -31 -30 -31 -31 -29 -27 -48 -69 -90 -108 -113 -113 -114 -114 -111 -95 -104 -113 -112 -100 -28 -26 -26 -28 -28 -29 -29 -28 -30 -29 -30 -32 -30 -25 -55 -99 -111 -112 -112 -112 -112 -112 -112 -112 -112 -112 -114 -114 -114 -114 -114 -114 -114 -114 -114 -112 -112 -112 -112 -112 -112 -112 -112 -112 -112 -112 -112 -111 -111 -112 -112 -112 -112 -112 -112 -112 -112 -112 -111 -111 -112 -112 -112 -111 -111 -112 -112 -112 -112 -112 -111 -111 -111 -111 -111 -111 -111 -112 -112 -113 0
-112 -112 -112 -112 -112 -112 -112 -112 -112 -111 -111 -110 -110 -110 -111 -111 -110 -110 -111 -111 -111 -111 -111 -111 -111 -110 -110 -110 -111 -111 -111 -111 -111 -111 -111 -111 -111 -111 -111 -111 -111 -111 -111 -111 -111 -111 -111 -111 -111 -111 -111 -111 -111 -111 -111 -113 -113 -113 -113 -113 -113 -113 -113 -113 -110 -108 -109 -110 -112 -114 -115 -115 -114 -114 -114 -114 -114 -114 -115 -115 -114 -115 -114 -113 -113 -113 -113 -113 -113 -114 -114 -113 -112 -112 -113 -113 -114 -115 -114 -115 -114 -113 -113 -113 -113 -113 -113 -113 -113 -113 -113 -113 -113 -113 -116 -123 -109 -108 -107 -96 -89 -83 -78 -73 -62 -59 -61 -63 -69 -81 -91 -105 -117 -115 -113 -113 -114 -115 -119 -109 -108 -128 -128 -82 -26 -29 -27 -27 -27 -27 -27 -26 -30 -34 -30 -27 -26 -31 -77 -107 -108 -111 -111 -111 -111 -111 -111 -111 -111 -111 -113 -113 -113 -113 -113 -113 -113 -113 -113 -111 -111 -111 -111 -111 -111 -111 -111 -111 -111 -111 -111 -110 -110 -111 -111 -111 -111 -111 -111 -111 -111 -111 -110 -110 -111 -111 -111 -110 -110 -111 -111 -111 -111 -111 -110 -110 -110 -110 -110 -110 -111 -113 -113 -112 0
-111 -111 -111 -111 -111 -111 -111 -111 -111 -110 -110 -110 -110 -110 -111 -111 -110 -110 -110 -110 -110 -110 -110 -111 -111 -110 -110 -110 -111 -111 -111 -111 -111 -111 -111 -111 -111 -111 -111 -111 -111 -111 -111 -111 -111 -111 -110 -110 -111 -111 -111 -111 -111 -111 -111 -113 -113 -113 -113 -113 -113 -113 -113 -113 -112 -112 -112 -111 -112 -114 -114 -114 -114 -113 -113 -113 -113 -113 -114 -114 -114 -114 -113 -111 -111 -110 -110 -112 -113 -113 -113 -112 -108 -109 -110 -111 -113 -114 -114 -114 -114 -111 -111 -111 -111 -111 -111 -111 -111 -111 -111 -111 -111 -111 -111 -112 -112 -119 -116 -110 -113 -113 -111 -111 -111 -110 -109 -111 -113 -114 -111 -113 -116 -112 -111 -113 -112 -110 -113 -117 -108 -122 -116 -46 -27 -28 -26 -25 -25 -24 -23 -27 -28 -27 -27 -34 -56 -72 -99 -116 -108 -111 -111 -111 -111 -111 -111 -111 -111 -111 -113 -113 -113 -113 -113 -113 -113 -113 -113 -111 -111 -111 -111 -111 -111 -111 -111 -111 -111 -111 -111 -110 -110 -110 -110 -111 -111 -111 -111 -111 -111 -111 -110 -110 -111 -111 -111 -110 -110 -111 -111 -111 -111 -111 -110 -110 -110 -110 -110 -110 -111 -112 -112 -113 0
-110 -110 -111 -111 -111 -112 -112 -112 -112 -111 -110 -110 -111 -110 -110 -110 -110 -110 -110 -110 -110 -110 -110 -110 -110 -110 -110 -110 -111 -111 -110 -110 -111 -111 -110 -110 -110 -111 -111 -110 -110 -110 -110 -110 -110 -110 -110 -110 -110 -110 -110 -110 -110 -110 -110 -112 -112 -112 -112 -112 -112 -112 -112 -112 -113 -113 -113 -112 -112 -110 -109 -110 -109 -109 -109 -109 -109 -109 -109 -110 -109 -109 -110 -112 -112 -113 -113 -111 -109 -110 -109 -110 -111 -112 -112 -113 -111 -109 -109 -109 -110 -112 -112 -112 -112 -112 -112 -112 -112 -112 -113 -113 -113 -112 -111 -104 -107 -114 -111 -110 -113 -113 -112 -111 -111 -110 -112 -112 -113 -114 -111 -108 -109 -109 -110 -112 -110 -108 -109 -116 -113 -102 -83 -58 -50 -42 -37 -28 -26 -26 -26 -30 -33 -36 -38 -49 -70 -86 -109 -117 -110 -111 -111 -110 -110 -110 -110 -110 -110 -111 -112 -112 -112 -112 -112 -112 -112 -112 -112 -111 -110 -110 -110 -110 -110 -110 -110 -110 -110 -110 -110 -110 -110 -111 -112 -111 -111 -110 -110 -110 -110 -110 -110 -110 -110 -110 -110 -111 -111 -111 -111 -111 -111 -111 -110 -111 -111 -111 -111 -110 -111 -112 -112 -112 0
-109 -109 -110 -110 -110 -111 -111 -111 -111 -111 -111 -111 -111 -111 -110 -110 -110 -110 -111 -112 -112 -112 -112 -111 -111 -111 -111 -111 -111 -111 -111 -111 -111 -111 -111 -111 -111 -111 -111 -111 -111 -111 -111 -111 -110 -110 -111 -111 -111 -111 -111 -111 -111 -111 -111 -111 -111 -111 -111 -111 -111 -111 -111 -111 -111 -111 -111 -111 -111 -110 -110 -111 -111 -111 -110 -110 -111 -111 -111 -111 -111 -111 -111 -111 -111 -112 -112 -111 -111 -111 -110 -110 -111 -111 -111 -111 -110 -110 -111 -111 -111 -111 -111 -111 -111 -111 -111 -111 -111 -111 -111 -111 -111 -111 -111 -111 -111 -111 -111 -111 -111 -111 -110 -110 -110 -110 -111 -111 -111 -111 -111 -111 -111 -111 -111 -111 -111 -111 -112 -112 -112 -111 -108 -105 -99 -93 -86 -77 -73 -71 -71 -69 -70 -79 -86 -92 -105 -112 -111 -111 -111 -111 -111 -111 -111 -111 -111 -111 -111 -111 -111 -111 -111 -111 -111 -111 -111 -111 -111 -111 -111 -111 -111 -111 -111 -111 -111 -111 -111 -111 -111 -110 -110 -112 -112 -112 -112 -112 -111 -111 -111 -111 -111 -111 -111 -111 -111 -112 -112 -111 -111 -112 -112 -112 -111 -111 -111 -111 -111 -111 -111 -111 -111 -111 0
-108 -108 -109 -109 -109 -110 -110 -110 -110 -110 -110 -110 -110 -110 -109 -109 -110 -110 -111 -111 -111 -111 -111 -110 -110 -110 -110 -110 -110 -110 -110 -110 -110 -110 -110 -110 -110 -110 -110 -110 -110 -110 -110 -110 -110 -110 -110 -110 -110 -110 -110 -110 -110 -110 -110 -110 -110 -110 -110 -110 -110 -110 -110 -110 -110 -110 -110 -110 -110 -110 -110 -110 -110 -110 -110 -110 -110 -110 -110 -110 -110 -110 -110 -110 -110 -111 -111 -110 -110 -110 -110 -110 -110 -110 -110 -110 -110 -110 -110 -110 -110 -110 -110 -110 -110 -110 -110 -110 -110 -110 -110 -110 -110 -110 -110 -110 -110 -110 -110 -111 -111 -111 -110 -110 -110 -110 -110 -110 -110 -110 -110 -110 -110 -110 -110 -110 -110 -110 -111 -111 -111 -111 -111 -112 -109 -107 -106 -114 -115 -115 -115 -112 -107 -111 -113 -114 -111 -111 -110 -110 -110 -110 -110 -110 -110 -110 -110 -110 -110 -110 -110 -110 -111 -111 -111 -110 -110 -110 -110 -110 -110 -110 -110 -110 -110 -110 -110 -110 -110 -110 -110 -110 -110 -111 -111 -111 -111 -111 -110 -110 -110 -110 -110 -110 -110 -110 -110 -111 -111 -111 -111 -111 -111 -111 -110 -110 -110 -110 -110 -110 -110 -110 -110 -110 0
-109 -109 -110 -110 -110 -110 -110 -109 -109 -110 -110 -110 -110 -110 -110 -110 -108 -108 -109 -110 -110 -110 -110 -110 -110 -110 -110 -110 -110 -110 -110 -110 -110 -110 -110 -110 -110 -110 -110 -110 -110 -110 -110 -110 -110 -110 -110 -110 -110 -110 -110 -110 -110 -110 -110 -110 -110 -110 -110 -110 -110 -110 -110 -110 -110 -110 -110 -110 -110 -110 -110 -110 -110 -110 -110 -110 -110 -110 -110 -110 -110 -110 -110 -110 -110 -110 -110 -110 -110 -110 -110 -110 -110 -110 -110 -110 -111 -111 -110 -110 -110 -110 -110 -110 -110 -110 -110 -110 -110 -110 -111 -111 -111 -110 -110 -110 -110 -110 -110 -111 -111 -111 -110 -110 -110 -110 -110 -110 -110 -110 -110 -110 -110 -110 -110 -110 -110 -110 -110 -110 -110 -110 -112 -114 -113 -113 -112 -112 -111 -110 -110 -110 -111 -112 -112 -112 -111 -110 -110 -110 -110 -110 -110 -110 -110 -110 -110 -110 -110 -110 -110 -110 -111 -111 -111 -110 -110 -110 -110 -110 -110 -110 -110 -110 -110 -110 -110 -110 -110 -110 -110 -110 -110 -110 -110 -110 -110 -110 -110 -110 -110 -110 -110 -110 -110 -110 -110 -110 -110 -109 -109 -110 -110 -110 -110 -110 -109 -109 -110 -110 -110 -110 -110 -109 0
-108 -108 -109 -109 -109 -109 -109 -109 -109 -109 -109 -109 -109 -109 -109 -109 -109 -109 -109 -109 -109 -109 -109 -109 -109 -109 -109 -109 -109 -109 -109 -109 -109 -109 -109 -109 -109 -109 -109 -109 -109 -109 -109 -109 -110 -110 -109 -109 -109 -109 -109 -109 -109 -109 -109 -109 -109 -109 -109 -109 -109 -109 -109 -109 -109 -109 -109 -109 -109 -110 -110 -109 -109 -109 -110 -110 -109 -109 -109 -109 -109 -109 -109 -109 -109 -110 -110 -109 -109 -109 -109 -109 -109 -109 -109 -109 -110 -110 -109 -109 -109 -109 -109 -109 -109 -109 -109 -109 -109 -109 -110 -109 -110 -109 -109 -109 -109 -109 -109 -110 -110 -110 -110 -110 -110 -110 -109 -109 -109 -109 -109 -109 -109 -109 -109 -109 -109 -109 -109 -109 -109 -109 -110 -110 -111 -112 -112 -108 -108 -108 -107 -108 -107 -105 -106 -104 -108 -110 -109 -109 -109 -109 -109 -109 -109 -109 -109 -109 -109 -109 -109 -109 -110 -110 -110 -109 -109 -109 -109 -109 -109 -109 -109 -109 -109 -109 -109 -109 -109 -109 -109 -110 -110 -109 -109 -109 -109 -109 -109 -109 -109 -109 -109 -109 -109 -109 -109 -109 -109 -109 -109 -109 -109 -109 -109 -109 -109 -109 -109 -109 -109 -109 -109 -109 0
-107 -107 -108 -108 -108 -107 -107 -108 -108 -108 -108 -108 -108 -108 -109 -109 -109 -109 -108 -108 -108 -109 -109 -109 -109 -109 -109 -109 -109 -109 -109 -109 -109 -109 -109 -109 -109 -109 -109 -109 -109 -109 -109 -109 -109 -109 -109 -109 -109 -109 -109 -109 -109 -109 -109 -109 -109 -109 -109 -109 -109 -109 -109 -109 -109 -109 -109 -109 -109 -109 -109 -109 -109 -109 -109 -109 -109 -109 -109 -109 -109 -109 -109 -109 -109 -109 -109 -109 -109 -109 -109 -109 -109 -109 -109 -109 -109 -109 -109 -109 -109 -109 -109 -109 -109 -109 -109 -109 -109 -109 -109 -109 -109 -109 -109 -109 -109 -109 -109 -109 -109 -109 -109 -109 -109 -109 -109 -109 -109 -109 -109 -109 -109 -109 -109 -109 -109 -109 -109 -109 -109 -109 -108 -106 -108 -109 -110 -112 -113 -113 -113 -113 -112 -111 -110 -110 -110 -109 -109 -109 -109 -109 -109 -109 -109 -109 -109 -109 -109 -109 -109 -109 -109 -109 -109 -109 -109 -109 -109 -109 -109 -109 -109 -109 -109 -109 -109 -109 -109 -109 -109 -109 -109 -109 -109 -109 -109 -109 -109 -109 -109 -109 -109 -109 -109 -109 -109 -109 -109 -109 -108 -108 -108 -108 -108 -108 -108 -108 -108 -108 -108 -108 -108 -108 0
-106 -106 -107 -107 -107 -106 -106 -107 -107 -107 -107 -107 -107 -107 -108 -108 -108 -108 -107 -107 -107 -108 -108 -109 -109 -109 -109 -109 -109 -109 -109 -109 -109 -109 -109 -109 -109 -109 -109 -109 -109 -109 -109 -109 -109 -109 -109 -109 -109 -109 -109 -109 -109 -109 -109 -109 -109 -109 -109 -109 -109 -109 -109 -109 -109 -109 -109 -109 -109 -109 -109 -109 -109 -109 -109 -109 -109 -109 -109 -109 -109 -109 -109 -109 -109 -109 -109 -109 -109 -109 -109 -109 -109 -109 -109 -109 -109 -109 -109 -109 -109 -109 -109 -109 -109 -109 -109 -109 -109 -109 -109 -109 -109 -109 -109 -109 -109 -109 -109 -109 -109 -109 -109 -109 -109 -109 -109 -109 -109 -109 -109 -109 -109 -109 -109 -109 -109 -109 -108 -108 -108 -108 -107 -106 -107 -107 -107 -108 -108 -108 -108 -111 -115 -115 -114 -115 -110 -109 -109 -109 -109 -109 -109 -109 -109 -109 -109 -109 -109 -109 -109 -109 -109 -109 -109 -109 -109 -109 -109 -109 -109 -109 -109 -109 -109 -109 -109 -109 -109 -109 -109 -109 -109 -108 -108 -108 -108 -108 -109 -109 -109 -109 -109 -109 -109 -109 -109 -108 -108 -108 -107 -107 -107 -107 -107 -107 -107 -107 -107 -107 -107 -107 -107 -107 0
-106 -106 -106 -106 -106 -105 -105 -106 -106 -106 -106 -106 -106 -106 -107 -107 -107 -107 -106 -106 -106 -107 -107 -108 -108 -108 -108 -108 -108 -108 -108 -108 -108 -108 -108 -108 -108 -108 -108 -108 -108 -108 -108 -108 -108 -108 -108 -108 -108 -108 -108 -108 -108 -108 -108 -108 -108 -108 -108 -108 -108 -108 -108 -108 -108 -108 -108 -108 -108 -108 -108 -108 -108 -108 -108 -108 -108 -108 -108 -108 -108 -108 -108 -108 -108 -108 -108 -108 -108 -108 -108 -108 -108 -108 -108 -108 -108 -108 -108 -108 -108 -108 -108 -108 -108 -108 -108 -108 -108 -108 -108 -108 -108 -108 -108 -108 -108 -108 -108 -108 -108 -108 -108 -108 -108 -108 -108 -108 -108 -108 -108 -108 -108 -108 -108 -108 -108 -108 -107 -107 -107 -107 -108 -108 -108 -107 -107 -108 -108 -108 -108 -107 -107 -107 -108 -108 -108 -108 -108 -108 -108 -108 -108 -108 -108 -108 -108 -108 -108 -108 -108 -108 -108 -108 -108 -108 -108 -108 -108 -108 -108 -108 -108 -108 -108 -108 -108 -108 -108 -108 -108 -108 -108 -107 -107 -107 -107 -107 -108 -108 -108 -108 -108 -108 -108 -108 -108 -107 -107 -107 -106 -106 -106 -106 -106 -106 -106 -106 -106 -106 -106 -106 -106 -106 0
-105 -105 -105 -105 -106 -106 -106 -106 -106 -105 -105 -106 -106 -106 -106 -106 -106 -106 -106 -106 -106 -106 -106 -106 -106 -106 -106 -106 -106 -106 -106 -106 -106 -106 -106 -106 -106 -106 -106 -106 -106 -106 -106 -106 -106 -106 -106 -106 -106 -106 -106 -106 -106 -106 -106 -106 -106 -106 -106 -106 -106 -106 -106 -106 -106 -106 -106 -106 -106 -106 -106 -106 -106 -106 -106 -106 -106 -106 -106 -106 -106 -106 -106 -106 -106 -106 -106 -106 -106 -106 -106 -106 -106 -106 -106 -106 -106 -106 -106 -106 -106 -106 -106 -106 -106 -106 -106 -106 -106 -106 -106 -106 -106 -106 -106 -106 -106 -106 -106 -106 -106 -106 -106 -106 -106 -106 -106 -106 -106 -106 -106 -106 -106 -106 -106 -106 -106 -106 -106 -106 -106 -106 -106 -107 -106 -106 -106 -107 -107 -107 -107 -106 -104 -104 -105 -106 -106 -106 -106 -106 -106 -106 -106 -106 -106 -106 -106 -106 -106 -106 -106 -106 -106 -106 -106 -106 -106 -106 -106 -106 -106 -106 -106 -106 -106 -106 -106 -106 -106 -106 -106 -106 -106 -106 -106 -106 -106 -106 -106 -106 -106 -106 -106 -106 -106 -106 -106 -106 -106 -106 -105 -106 -106 -106 -106 -106 -105 -105 -105 -105 -105 -105 -105 -106 0
-104 -104 -104 -104 -104 -104 -104 -104 -104 -104 -104 -105 -105 -105 -105 -105 -105 -105 -105 -105 -105 -106 -106 -106 -106 -106 -106 -106 -106 -106 -106 -106 -106 -106 -106 -106 -106 -106 -106 -106 -106 -106 -106 -106 -106 -106 -106 -106 -106 -106 -106 -106 -106 -106 -106 -106 -106 -106 -106 -106 -106 -106 -106 -106 -106 -106 -106 -106 -106 -106 -106 -106 -106 -106 -106 -106 -106 -106 -106 -106 -106 -106 -106 -106 -106 -106 -106 -106 -106 -106 -106 -106 -106 -106 -106 -106 -106 -106 -106 -106 -106 -106 -106 -106 -106 -106 -106 -106 -106 -106 -106 -106 -106 -106 -106 -106 -106 -106 -106 -106 -106 -106 -106 -106 -106 -106 -106 -106 -106 -106 -106 -106 -106 -106 -106 -106 -106 -106 -106 -106 -106 -106 -106 -106 -106 -106 -106 -106 -106 -106 -106 -106 -106 -106 -106 -106 -106 -106 -106 -106 -106 -106 -106 -106 -106 -106 -106 -106 -106 -106 -106 -106 -106 -106 -106 -106 -106 -106 -106 -106 -106 -106 -106 -106 -106 -106 -106 -106 -106 -106 -106 -106 -106 -106 -106 -106 -106 -106 -106 -106 -106 -106 -106 -106 -106 -106 -106 -106 -106 -105 -106 -105 -105 -105 -105 -105 -105 -105 -105 -105 -105 -105 -105 -104 0
-104 -104 -104 -104 -104 -105 -105 -105 -105 -104 -103 -104 -104 -104 -104 -104 -104 -104 -104 -104 -104 -105 -105 -105 -105 -105 -105 -105 -105 -105 -105 -105 -105 -105 -105 -105 -105 -105 -105 -105 -105 -105 -105 -105 -105 -105 -105 -105 -105 -105 -105 -105 -105 -105 -105 -105 -105 -105 -105 -105 -105 -105 -105 -105 -105 -105 -105 -105 -105 -105 -105 -105 -105 -105 -105 -105 -105 -105 -105 -105 -105 -105 -105 -105 -105 -105 -105 -105 -105 -105 -105 -105 -105 -105 -105 -105 -105 -105 -105 -105 -105 -105 -105 -105 -105 -105 -105 -105 -105 -105 -105 -105 -105 -105 -105 -105 -105 -105 -105 -105 -105 -105 -105 -105 -105 -105 -105 -105 -105 -105 -105 -105 -105 -105 -105 -105 -105 -105 -105 -105 -105 -105 -105 -105 -105 -105 -105 -105 -105 -105 -105 -105 -105 -105 -105 -105 -105 -105 -105 -105 -105 -105 -105 -105 -105 -105 -105 -105 -105 -105 -105 -105 -105 -105 -105 -105 -105 -105 -105 -105 -105 -105 -105 -105 -105 -105 -105 -105 -105 -105 -105 -105 -105 -105 -105 -105 -105 -105 -105 -105 -105 -105 -105 -105 -105 -105 -105 -105 -105 -104 -104 -104 -104 -104 -104 -104 -104 -104 -104 -104 -105 -105 -105 -105 0
-103 -103 -103 -103 -103 -104 -104 -104 -104 -102 -102 -103 -103 -103 -103 -103 -103 -103 -103 -103 -103 -104 -104 -104 -104 -104 -104 -104 -104 -104 -104 -104 -104 -104 -104 -104 -104 -104 -104 -104 -104 -104 -104 -104 -104 -104 -104 -104 -104 -104 -104 -104 -104 -104 -104 -104 -104 -104 -104 -104 -104 -104 -104 -104 -104 -104 -104 -104 -104 -104 -104 -104 -104 -104 -104 -104 -104 -104 -104 -104 -104 -104 -104 -104 -104 -104 -104 -104 -104 -104 -104 -104 -104 -104 -104 -104 -104 -104 -104 -104 -104 -104 -104 -104 -104 -104 -104 -104 -104 -104 -104 -104 -104 -104 -104 -104 -104 -104 -104 -104 -104 -104 -104 -104 -104 -104 -104 -104 -104 -104 -104 -104 -104 -104 -104 -104 -104 -104 -104 -104 -104 -104 -104 -104 -104 -104 -104 -104 -104 -104 -104 -104 -104 -104 -104 -104 -104 -104 -104 -104 -104 -104 -104 -104 -104 -104 -104 -104 -104 -104 -104 -104 -104 -104 -104 -104 -104 -104 -104 -104 -104 -104 -104 -104 -104 -104 -104 -104 -104 -104 -104 -104 -104 -104 -104 -104 -104 -104 -104 -104 -104 -104 -104 -104 -104 -104 -104 -104 -104 -103 -103 -103 -103 -103 -103 -103 -103 -103 -103 -103 -103 -104 -104 -104 0
-103 -103 -102 -103 -103 -103 -103 -104 -104 -104 -104 -103 -103 -103 -104 -104 -103 -103 -103 -103 -103 -103 -103 -104 -104 -104 -105 -104 -105 -105 -105 -105 -104 -104 -104 -104 -104 -105 -105 -104 -104 -105 -105 -105 -105 -105 -105 -105 -105 -105 -105 -105 -105 -105 -105 -105 -105 -104 -104 -104 -104 -104 -104 -104 -105 -105 -105 -104 -104 -105 -105 -105 -105 -105 -105 -105 -105 -105 -105 -105 -105 -105 -105 -105 -105 -105 -105 -104 -104 -104 -104 -104 -105 -105 -105 -105 -105 -105 -105 -105 -105 -105 -105 -104 -104 -104 -104 -104 -104 -104 -105 -105 -105 -105 -105 -105 -105 -105 -105 -104 -104 -104 -105 -105 -104 -104 -104 -104 -104 -105 -105 -105 -105 -105 -105 -105 -104 -104 -105 -105 -104 -104 -105 -105 -105 -105 -105 -104 -104 -105 -105 -105 -105 -105 -104 -104 -104 -104 -104 -104 -104 -104 -104 -105 -105 -105 -105 -105 -105 -105 -105 -105 -105 -105 -105 -105 -105 -105 -105 -105 -105 -104 -104 -104 -105 -105 -104 -104 -105 -105 -105 -105 -105 -104 -104 -105 -105 -105 -105 -105 -104 -104 -104 -104 -104 -104 -104 -103 -103 -103 -103 -103 -103 -103 -103 -103 -104 -104 -103 -103 -103 -103 -103 -103 0
-102 -102 -102 -102 -103 -103 -103 -104 -104 -103 -103 -103 -103 -103 -103 -103 -103 -103 -103 -103 -103 -103 -103 -103 -103 -103 -104 -103 -104 -105 -104 -104 -103 -103 -103 -103 -103 -104 -104 -103 -103 -104 -104 -104 -104 -104 -104 -104 -104 -104 -104 -104 -104 -104 -104 -104 -104 -103 -103 -103 -103 -103 -103 -103 -104 -104 -104 -103 -103 -104 -104 -104 -104 -104 -104 -104 -104 -104 -104 -104 -104 -104 -104 -104 -104 -104 -104 -103 -103 -103 -103 -103 -104 -104 -104 -104 -104 -104 -104 -104 -104 -104 -104 -103 -103 -103 -103 -103 -103 -103 -104 -104 -104 -104 -104 -104 -104 -104 -104 -103 -103 -103 -104 -104 -103 -103 -103 -103 -103 -104 -104 -104 -104 -104 -104 -104 -103 -103 -104 -104 -103 -103 -104 -104 -104 -104 -104 -103 -103 -104 -104 -104 -104 -104 -103 -103 -103 -103 -103 -103 -103 -103 -103 -104 -104 -104 -104 -104 -104 -104 -104 -104 -104 -104 -104 -104 -104 -104 -104 -104 -104 -103 -103 -103 -104 -104 -103 -103 -104 -104 -104 -104 -104 -103 -103 -104 -104 -104 -104 -104 -103 -103 -103 -103 -103 -103 -103 -103 -103 -103 -103 -103 -103 -103 -103 -103 -103 -103 -103 -103 -103 -103 -103 -103 0
-101 -101 -100 -100 -101 -101 -101 -102 -102 -101 -101 -102 -102 -102 -101 -101 -102 -102 -102 -102 -102 -102 -102 -102 -102 -102 -102 -102 -103 -104 -103 -103 -102 -102 -102 -102 -102 -103 -103 -102 -102 -103 -103 -103 -103 -103 -103 -103 -103 -103 -103 -103 -103 -103 -103 -103 -103 -102 -102 -102 -102 -102 -102 -102 -103 -103 -103 -102 -102 -103 -103 -103 -103 -103 -103 -103 -103 -103 -103 -103 -103 -103 -103 -103 -103 -103 -103 -102 -102 -102 -102 -102 -103 -103 -103 -103 -103 -103 -103 -103 -103 -103 -103 -102 -102 -102 -102 -102 -102 -102 -103 -103 -103 -103 -103 -103 -103 -103 -103 -102 -102 -102 -103 -103 -102 -102 -102 -102 -102 -103 -103 -103 -103 -103 -103 -103 -102 -102 -103 -103 -102 -102 -103 -103 -103 -103 -103 -102 -102 -103 -103 -103 -103 -103 -102 -102 -102 -102 -102 -102 -102 -102 -102 -103 -103 -103 -103 -103 -103 -103 -103 -103 -103 -103 -103 -103 -103 -103 -103 -103 -103 -102 -102 -102 -103 -103 -102 -102 -103 -103 -103 -103 -103 -102 -102 -103 -103 -103 -103 -103 -102 -102 -102 -102 -102 -102 -102 -102 -102 -102 -102 -102 -102 -102 -102 -102 -101 -101 -102 -102 -102 -102 -102 -101 0
-99 -99 -99 -100 -100 -100 -100 -101 -101 -101 -101 -102 -102 -102 -101 -101 -102 -102 -102 -102 -102 -102 -102 -102 -102 -101 -102 -102 -103 -104 -103 -103 -103 -103 -102 -102 -102 -103 -103 -102 -102 -103 -103 -103 -103 -103 -103 -103 -103 -103 -103 -103 -103 -103 -103 -103 -103 -102 -102 -102 -102 -102 -102 -102 -103 -103 -103 -102 -102 -102 -102 -103 -103 -103 -103 -103 -103 -103 -103 -103 -103 -103 -103 -103 -103 -103 -103 -102 -102 -102 -102 -102 -103 -103 -103 -103 -102 -102 -102 -103 -103 -102 -102 -102 -102 -102 -102 -102 -103 -103 -103 -103 -103 -103 -103 -103 -103 -103 -103 -102 -102 -102 -103 -103 -102 -102 -102 -102 -102 -103 -103 -103 -103 -103 -103 -103 -102 -102 -103 -103 -102 -102 -103 -103 -103 -103 -103 -102 -102 -103 -103 -103 -103 -103 -102 -102 -102 -102 -102 -102 -102 -102 -102 -103 -103 -103 -103 -103 -103 -103 -103 -103 -103 -103 -103 -103 -103 -102 -102 -103 -103 -102 -102 -102 -103 -103 -102 -102 -103 -103 -103 -103 -103 -102 -102 -103 -103 -103 -103 -103 -102 -102 -102 -102 -102 -102 -102 -102 -102 -102 -102 -102 -102 -102 -102 -102 -101 -101 -102 -102 -102 -102 -102 -100 0
-98 -98 -98 -99 -100 -101 -101 -101 -101 -99 -99 -100 -100 -100 -100 -100 -100 -100 -100 -100 -100 -100 -100 -100 -100 -101 -101 -101 -101 -101 -101 -101 -103 -103 -103 -103 -103 -101 -101 -101 -101 -101 -101 -101 -101 -101 -103 -103 -103 -103 -102 -101 -101 -101 -101 -101 -101 -101 -101 -101 -101 -101 -101 -101 -101 -101 -101 -101 -101 -101 -101 -101 -101 -101 -101 -101 -101 -101 -101 -101 -101 -101 -101 -101 -101 -101 -101 -101 -101 -101 -101 -101 -101 -101 -101 -101 -101 -101 -101 -101 -101 -101 -101 -101 -101 -102 -103 -103 -103 -103 -103 -103 -103 -103 -103 -103 -103 -103 -103 -102 -101 -101 -101 -101 -101 -101 -101 -101 -101 -101 -101 -101 -101 -102 -103 -103 -103 -103 -101 -101 -101 -101 -102 -103 -103 -103 -103 -101 -101 -101 -101 -101 -101 -101 -101 -101 -101 -101 -101 -101 -101 -101 -101 -101 -101 -101 -101 -101 -101 -101 -101 -101 -101 -101 -101 -101 -101 -101 -101 -101 -101 -101 -101 -101 -101 -101 -101 -101 -101 -101 -101 -101 -101 -101 -101 -101 -101 -101 -101 -101 -101 -101 -101 -101 -100 -100 -100 -100 -100 -100 -100 -100 -100 -100 -100 -100 -102 -102 -102 -102 -102 -101 -101 -101 0
-97 -97 -97 -98 -100 -101 -101 -100 -100 -98 -98 -99 -99 -99 -99 -99 -99 -99 -99 -99 -99 -99 -99 -99 -99 -100 -100 -100 -99 -99 -100 -100 -102 -102 -102 -102 -102 -100 -100 -100 -100 -99 -99 -99 -99 -99 -102 -102 -102 -102 -101 -100 -100 -100 -100 -99 -99 -99 -99 -99 -99 -99 -100 -100 -99 -99 -99 -100 -100 -100 -100 -100 -100 -100 -100 -100 -99 -99 -99 -99 -100 -100 -100 -100 -100 -100 -100 -100 -100 -100 -100 -100 -100 -100 -100 -100 -100 -100 -100 -99 -99 -100 -100 -100 -100 -101 -102 -102 -102 -102 -101 -101 -101 -102 -102 -101 -101 -102 -102 -101 -100 -100 -99 -99 -99 -99 -100 -100 -100 -100 -100 -99 -99 -101 -102 -102 -102 -101 -99 -99 -100 -100 -101 -101 -101 -102 -102 -100 -100 -100 -100 -100 -99 -99 -99 -99 -99 -99 -99 -99 -99 -99 -99 -100 -100 -99 -99 -99 -99 -99 -99 -99 -99 -99 -99 -100 -100 -100 -100 -100 -100 -100 -100 -100 -99 -99 -100 -100 -99 -99 -99 -99 -99 -100 -100 -100 -100 -100 -100 -100 -100 -100 -100 -100 -100 -100 -100 -99 -99 -99 -99 -100 -100 -100 -99 -99 -101 -101 -101 -101 -101 -100 -100 -100 0
-97 -97 -97 -98 -99 -99 -99 -99 -99 -98 -98 -98 -98 -98 -98 -98 -98 -98 -98 -98 -98 -98 -98 -98 -98 -99 -99 -99 -98 -98 -99 -99 -100 -100 -100 -100 -100 -99 -99 -99 -99 -98 -98 -98 -100 -100 -100 -100 -100 -100 -99 -99 -99 -99 -99 -99 -99 -98 -98 -98 -98 -98 -99 -99 -99 -99 -99 -99 -99 -99 -99 -99 -99 -99 -99 -99 -99 -99 -98 -98 -99 -99 -99 -99 -99 -99 -99 -99 -99 -99 -99 -99 -99 -99 -99 -99 -99 -99 -99 -98 -98 -99 -99 -99 -99 -99 -100 -100 -100 -100 -100 -100 -100 -100 -100 -100 -100 -100 -100 -99 -99 -99 -98 -98 -98 -98 -99 -99 -99 -99 -99 -98 -98 -99 -100 -100 -100 -100 -98 -98 -99 -99 -100 -100 -100 -100 -100 -99 -99 -99 -99 -99 -98 -98 -98 -98 -99 -99 -99 -98 -98 -98 -98 -99 -99 -98 -98 -98 -98 -98 -99 -99 -98 -98 -98 -99 -99 -99 -99 -99 -99 -99 -99 -99 -98 -98 -99 -99 -98 -98 -98 -98 -98 -99 -99 -99 -99 -99 -99 -99 -99 -99 -99 -99 -99 -99 -99 -98 -98 -98 -98 -99 -99 -99 -98 -98 -100 -100 -100 -100 -100 -99 -99 -99 0
-97 -97 -98 -99 -98 -98 -98 -98 -98 -98 -98 -98 -98 -98 -98 -98 -99 -99 -98 -98 -98 -98 -98 -99 -99 -99 -99 -99 -100 -100 -99 -99 -99 -99 -99 -99 -99 -99 -99 -99 -99 -100 -100 -100 -100 -100 -99 -99 -99 -99 -99 -99 -99 -99 -99 -100 -100 -100 -100 -100 -100 -100 -99 -99 -99 -99 -99 -99 -99 -99 -99 -99 -99 -99 -99 -99 -100 -100 -100 -100 -99 -99 -99 -99 -99 -99 -99 -99 -99 -99 -99 -99 -99 -99 -99 -99 -99 -99 -99 -100 -100 -99 -99 -99 -99 -99 -99 -99 -99 -99 -100 -100 -100 -99 -99 -99 -99 -99 -99 -99 -99 -99 -100 -100 -100 -100 -99 -99 -99 -99 -99 -100 -100 -99 -99 -99 -99 -99 -100 -100 -99 -99 -100 -100 -100 -99 -99 -99 -99 -99 -99 -99 -100 -100 -100 -100 -100 -100 -100 -100 -100 -100 -100 -99 -99 -100 -100 -100 -100 -100 -100 -100 -100 -100 -100 -99 -99 -99 -99 -99 -99 -99 -99 -99 -100 -100 -99 -99 -100 -100 -100 -100 -100 -99 -99 -99 -99 -99 -99 -99 -99 -99 -99 -99 -99 -99 -99 -99 -99 -98 -98 -99 -99 -99 -98 -98 -98 -98 -98 -98 -98 -98 -98 -98 0
-95 -95 -96 -96 -96 -96 -96 -97 -97 -97 -97 -96 -96 -96 -98 -98 -98 -98 -97 -97 -97 -97 -97 -98 -98 -98 -98 -98 -98 -98 -98 -98 -98 -98 -98 -98 -98 -98 -98 -98 -98 -98 -98 -98 -98 -98 -98 -98 -98 -98 -98 -98 -98 -98 -98 -98 -98 -98 -98 -98 -98 -98 -98 -98 -98 -98 -98 -98 -98 -98 -98 -98 -98 -98 -98 -98 -98 -98 -98 -98 -98 -98 -98 -98 -98 -98 -98 -98 -98 -98 -98 -98 -98 -98 -98 -98 -98 -98 -98 -98 -98 -98 -98 -98 -98 -98 -98 -98 -98 -98 -98 -98 -98 -98 -98 -98 -98 -98 -98 -98 -98 -98 -98 -98 -98 -98 -98 -98 -98 -98 -98 -98 -98 -98 -98 -98 -98 -98 -98 -98 -98 -98 -98 -98 -98 -98 -98 -98 -98 -98 -98 -98 -98 -98 -98 -98 -98 -98 -98 -98 -98 -98 -98 -98 -98 -98 -98 -98 -98 -98 -98 -98 -98 -98 -98 -98 -98 -98 -98 -98 -98 -98 -98 -98 -98 -98 -98 -98 -98 -98 -98 -98 -98 -98 -98 -98 -98 -98 -98 -98 -98 -98 -98 -98 -98 -98 -98 -98 -98 -97 -97 -97 -97 -97 -96 -96 -96 -96 -96 -96 -96 -96 -96 -95 0
-94 -94 -95 -95 -94 -95 -95 -96 -96 -96 -96 -96 -96 -96 -97 -97 -96 -96 -95 -95 -95 -95 -95 -96 -96 -97 -97 -97 -97 -97 -97 -97 -97 -97 -97 -97 -97 -97 -97 -97 -97 -97 -97 -97 -97 -97 -97 -97 -97 -97 -97 -97 -97 -97 -97 -97 -97 -97 -97 -97 -97 -97 -97 -97 -97 -97 -97 -97 -97 -97 -97 -96 -96 -96 -97 -97 -97 -97 -97 -97 -97 -97 -97 -97 -97 -96 -96 -97 -97 -97 -97 -97 -97 -97 -96 -96 -96 -96 -96 -97 -97 -97 -97 -96 -96 -96 -96 -96 -96 -96 -97 -97 -97 -96 -96 -96 -96 -96 -96 -97 -97 -97 -97 -97 -97 -97 -97 -97 -97 -97 -97 -97 -97 -97 -97 -97 -97 -97 -97 -97 -97 -97 -97 -97 -97 -97 -97 -97 -97 -97 -97 -97 -97 -97 -97 -97 -97 -97 -97 -97 -97 -97 -97 -97 -97 -96 -96 -96 -96 -96 -97 -97 -97 -97 -97 -97 -97 -97 -97 -97 -97 -97 -97 -97 -97 -97 -97 -97 -97 -97 -97 -97 -97 -97 -97 -97 -97 -97 -97 -97 -97 -97 -97 -97 -97 -97 -97 -96 -96 -97 -97 -97 -97 -97 -96 -96 -96 -96 -96 -96 -95 -95 -95 -94 0
-94 -94 -95 -95 -94 -93 -93 -94 -94 -95 -95 -95 -95 -95 -96 -96 -96 -96 -96 -96 -96 -96 -96 -96 -96 -96 -97 -97 -97 -97 -97 -97 -96 -96 -96 -96 -96 -97 -97 -97 -97 -97 -97 -97 -97 -97 -96 -96 -96 -96 -96 -96 -96 -96 -96 -96 -96 -97 -97 -97 -97 -97 -97 -97 -96 -96 -96 -97 -97 -96 -96 -96 -96 -96 -96 -96 -96 -96 -97 -97 -96 -96 -96 -96 -96 -96 -96 -96 -96 -96 -96 -96 -97 -97 -96 -96 -96 -96 -96 -97 -97 -97 -97 -96 -96 -96 -95 -95 -95 -95 -96 -96 -96 -95 -95 -95 -95 -95 -95 -96 -97 -97 -97 -97 -97 -97 -97 -97 -97 -97 -97 -97 -97 -96 -96 -96 -96 -96 -97 -97 -97 -97 -96 -96 -96 -96 -96 -97 -97 -97 -97 -97 -97 -97 -97 -97 -97 -97 -97 -97 -97 -97 -97 -96 -96 -96 -96 -96 -96 -96 -96 -96 -97 -97 -97 -97 -97 -97 -97 -97 -97 -96 -96 -97 -97 -97 -97 -97 -97 -97 -97 -97 -97 -96 -96 -96 -96 -96 -96 -96 -96 -96 -96 -96 -96 -96 -96 -96 -96 -96 -96 -96 -96 -96 -95 -95 -94 -94 -94 -94 -94 -94 -94 -94 0
-92 -92 -93 -93 -93 -92 -93 -93 -93 -94 -94 -94 -94 -94 -94 -94 -95 -95 -95 -95 -95 -96 -96 -95 -96 -95 -95 -95 -95 -95 -95 -95 -95 -95 -95 -95 -95 -95 -95 -95 -95 -96 -96 -96 -96 -96 -95 -95 -95 -95 -95 -95 -95 -95 -95 -95 -95 -95 -95 -95 -95 -95 -95 -95 -95 -95 -95 -95 -95 -95 -95 -95 -95 -96 -94 -94 -94 -94 -95 -95 -94 -94 -94 -95 -95 -95 -95 -94 -94 -94 -94 -94 -95 -95 -95 -95 -95 -95 -95 -95 -95 -95 -95 -95 -95 -95 -94 -94 -94 -94 -94 -94 -94 -93 -93 -94 -94 -93 -93 -94 -95 -95 -95 -95 -95 -95 -95 -95 -95 -95 -95 -95 -95 -95 -95 -95 -95 -95 -95 -95 -96 -96 -95 -95 -95 -95 -95 -95 -95 -95 -95 -95 -95 -95 -95 -95 -96 -96 -96 -96 -96 -96 -96 -96 -96 -97 -97 -97 -96 -96 -96 -96 -96 -96 -96 -96 -96 -96 -96 -96 -96 -97 -97 -96 -95 -95 -96 -96 -95 -95 -95 -95 -95 -95 -95 -95 -95 -95 -95 -95 -95 -95 -95 -95 -95 -95 -95 -96 -96 -95 -95 -95 -95 -95 -94 -94 -94 -94 -94 -94 -93 -93 -93 -93 0
-91 -91 -91 -91 -91 -92 -92 -92 -92 -93 -93 -93 -93 -93 -93 -93 -93 -93 -93 -93 -93 -94 -94 -93 -94 -94 -94 -94 -94 -94 -94 -94 -94 -94 -94 -94 -94 -94 -94 -94 -94 -95 -96 -96 -96 -96 -94 -94 -94 -94 -94 -94 -94 -93 -93 -94 -94 -93 -93 -93 -94 -94 -94 -94 -94 -94 -94 -94 -94 -93 -93 -94 -94 -93 -92 -92 -92 -92 -93 -93 -93 -93 -93 -93 -93 -94 -94 -93 -92 -92 -93 -93 -93 -93 -94 -94 -94 -94 -94 -94 -94 -93 -93 -93 -93 -93 -93 -93 -93 -93 -93 -93 -93 -92 -92 -93 -93 -92 -92 -93 -93 -93 -93 -93 -93 -93 -92 -92 -92 -93 -93 -93 -93 -94 -94 -94 -94 -94 -94 -94 -93 -93 -94 -94 -94 -94 -94 -93 -93 -94 -94 -94 -94 -94 -93 -93 -95 -96 -96 -96 -96 -96 -96 -96 -96 -95 -95 -95 -96 -96 -96 -96 -96 -96 -96 -95 -95 -96 -96 -96 -96 -96 -96 -96 -94 -94 -94 -94 -94 -94 -94 -94 -94 -94 -94 -94 -94 -94 -94 -94 -94 -94 -94 -94 -93 -93 -93 -93 -93 -93 -93 -93 -93 -93 -93 -93 -93 -93 -93 -93 -93 -94 -94 -94 0
-89 -89 -90 -90 -90 -90 -90 -91 -91 -91 -91 -91 -91 -91 -91 -91 -91 -91 -91 -91 -91 -91 -91 -92 -92 -92 -92 -92 -92 -92 -92 -92 -92 -92 -92 -92 -92 -92 -92 -92 -92 -93 -94 -94 -94 -94 -92 -92 -92 -92 -92 -92 -92 -92 -92 -92 -92 -92 -92 -92 -92 -92 -92 -92 -92 -92 -92 -92 -92 -92 -92 -92 -92 -92 -92 -92 -92 -92 -91 -91 -91 -91 -91 -91 -91 -92 -92 -91 -90 -90 -91 -91 -91 -91 -92 -92 -92 -92 -92 -92 -92 -92 -92 -92 -92 -92 -91 -91 -91 -91 -92 -92 -92 -91 -91 -92 -92 -92 -92 -92 -92 -92 -92 -92 -92 -92 -92 -92 -92 -92 -92 -92 -92 -92 -92 -92 -92 -92 -92 -92 -92 -92 -92 -92 -92 -92 -92 -92 -92 -92 -92 -92 -92 -92 -92 -92 -94 -94 -94 -94 -94 -94 -94 -94 -94 -94 -94 -94 -94 -94 -94 -94 -94 -94 -94 -94 -94 -94 -94 -94 -94 -93 -93 -93 -92 -92 -92 -92 -92 -92 -92 -92 -92 -92 -92 -92 -92 -92 -92 -92 -92 -92 -91 -91 -91 -91 -91 -91 -91 -91 -91 -91 -91 -91 -91 -91 -91 -91 -91 -91 -92 -93 -93 -93 0
-88 -88 -88 -88 -88 -88 -89 -90 -89 -90 -90 -90 -90 -90 -90 -90 -91 -91 -90 -90 -90 -91 -91 -90 -91 -91 -91 -91 -91 -91 -91 -91 -91 -91 -91 -91 -91 -91 -91 -91 -91 -92 -93 -93 -93 -93 -92 -92 -92 -92 -91 -91 -91 -91 -91 -91 -91 -91 -91 -91 -91 -91 -91 -91 -91 -91 -91 -91 -91 -91 -91 -91 -91 -91 -91 -91 -91 -91 -90 -90 -90 -90 -90 -90 -90 -91 -91 -90 -89 -89 -90 -90 -90 -90 -91 -91 -91 -91 -91 -91 -91 -91 -91 -91 -91 -91 -90 -90 -90 -90 -91 -91 -91 -90 -90 -91 -91 -91 -91 -91 -91 -91 -91 -91 -91 -91 -91 -91 -91 -91 -91 -91 -91 -91 -91 -91 -91 -91 -91 -91 -91 -91 -91 -91 -91 -91 -91 -91 -91 -91 -91 -91 -91 -91 -91 -91 -93 -93 -93 -93 -93 -93 -93 -93 -93 -93 -93 -93 -93 -93 -93 -93 -93 -93 -93 -93 -93 -93 -93 -93 -93 -93 -93 -93 -91 -91 -90 -90 -91 -91 -91 -91 -91 -91 -91 -91 -91 -91 -92 -92 -92 -92 -91 -91 -90 -90 -90 -90 -90 -90 -90 -90 -90 -90 -90 -90 -90 -90 -91 -91 -91 -91 -91 -92 0
-86 -86 -86 -87 -88 -87 -87 -87 -87 -89 -89 -89 -89 -89 -88 -88 -89 -89 -89 -89 -89 -89 -89 -89 -89 -90 -90 -90 -91 -91 -89 -89 -89 -89 -89 -89 -89 -89 -89 -89 -89 -90 -91 -91 -92 -92 -91 -91 -91 -91 -90 -89 -89 -89 -89 -90 -90 -90 -90 -90 -90 -90 -89 -89 -89 -89 -90 -90 -90 -90 -90 -89 -89 -89 -90 -90 -89 -89 -89 -89 -89 -89 -89 -89 -89 -89 -89 -89 -89 -89 -88 -88 -89 -89 -89 -89 -89 -89 -89 -89 -89 -89 -89 -89 -89 -89 -89 -89 -89 -89 -89 -89 -89 -89 -89 -89 -89 -90 -90 -89 -89 -89 -89 -89 -89 -89 -90 -90 -90 -90 -90 -90 -90 -90 -90 -90 -90 -90 -90 -90 -89 -89 -90 -90 -90 -89 -89 -89 -89 -89 -89 -89 -89 -89 -89 -89 -91 -91 -91 -91 -91 -91 -91 -92 -92 -92 -92 -92 -92 -92 -92 -92 -92 -92 -92 -92 -92 -91 -91 -91 -91 -92 -92 -91 -89 -89 -89 -89 -90 -90 -90 -90 -90 -89 -89 -89 -89 -90 -91 -91 -92 -92 -90 -90 -89 -89 -89 -89 -89 -89 -89 -89 -89 -89 -89 -89 -89 -89 -89 -89 -89 -90 -90 -90 0
-84 -84 -84 -85 -85 -85 -85 -84 -85 -86 -86 -87 -87 -87 -86 -86 -87 -87 -87 -87 -87 -87 -87 -87 -87 -88 -88 -88 -88 -88 -88 -88 -88 -88 -88 -88 -88 -88 -88 -88 -88 -89 -90 -90 -90 -90 -91 -91 -91 -91 -89 -88 -88 -88 -88 -88 -88 -88 -88 -88 -88 -88 -88 -88 -88 -88 -88 -87 -87 -87 -87 -88 -88 -88 -89 -89 -89 -89 -88 -88 -88 -88 -88 -88 -88 -88 -88 -87 -87 -87 -87 -87 -88 -88 -88 -88 -88 -88 -88 -88 -88 -89 -89 -89 -89 -88 -88 -88 -88 -88 -89 -89 -89 -90 -90 -89 -89 -89 -89 -89 -89 -89 -89 -89 -89 -89 -91 -91 -91 -91 -91 -91 -91 -90 -89 -89 -89 -89 -89 -89 -88 -88 -88 -88 -88 -88 -88 -88 -88 -88 -88 -88 -88 -88 -88 -88 -90 -90 -90 -90 -90 -90 -90 -90 -90 -90 -90 -90 -90 -90 -90 -90 -90 -90 -90 -90 -90 -90 -90 -90 -90 -90 -90 -90 -88 -88 -88 -88 -88 -88 -88 -88 -88 -88 -88 -88 -88 -89 -91 -91 -91 -91 -88 -88 -88 -88 -88 -88 -88 -88 -88 -88 -88 -88 -88 -88 -88 -88 -87 -87 -87 -89 -89 -89 0
-82 -82 -83 -84 -84 -83 -83 -84 -85 -84 -84 -83 -83 -83 -85 -85 -84 -84 -84 -84 -84 -85 -85 -85 -85 -86 -86 -86 -85 -85 -86 -86 -86 -86 -86 -86 -86 -86 -86 -86 -86 -87 -88 -88 -88 -88 -89 -89 -89 -89 -88 -86 -86 -86 -86 -86 -86 -87 -87 -87 -87 -87 -86 -86 -86 -86 -86 -86 -86 -86 -86 -86 -86 -87 -88 -88 -88 -88 -86 -86 -86 -86 -86 -86 -86 -86 -86 -85 -85 -85 -85 -85 -86 -86 -86 -86 -86 -86 -86 -86 -86 -88 -88 -88 -88 -87 -86 -86 -86 -86 -87 -88 -88 -88 -88 -88 -88 -88 -88 -88 -88 -88 -88 -88 -88 -88 -89 -89 -89 -89 -89 -89 -89 -88 -87 -87 -87 -87 -87 -87 -86 -86 -86 -86 -86 -86 -86 -86 -86 -86 -86 -86 -86 -86 -86 -86 -88 -88 -88 -88 -88 -88 -88 -89 -89 -89 -89 -89 -88 -88 -88 -88 -89 -89 -89 -89 -89 -88 -88 -88 -88 -88 -88 -88 -86 -86 -86 -86 -86 -86 -86 -86 -86 -86 -86 -86 -86 -88 -89 -89 -90 -90 -87 -86 -86 -86 -86 -86 -86 -86 -86 -86 -86 -86 -86 -86 -86 -86 -85 -84 -85 -87 -87 -87 0
-80 -80 -81 -81 -82 -83 -83 -82 -83 -83 -83 -82 -82 -82 -83 -83 -84 -84 -84 -84 -84 -83 -83 -83 -83 -84 -84 -84 -84 -84 -84 -84 -84 -84 -84 -84 -84 -84 -84 -84 -84 -85 -86 -86 -86 -86 -87 -87 -87 -87 -86 -84 -84 -84 -84 -84 -84 -85 -85 -85 -85 -85 -84 -84 -84 -84 -84 -85 -85 -85 -85 -84 -84 -85 -86 -86 -86 -86 -84 -84 -84 -84 -84 -84 -84 -84 -84 -83 -83 -83 -84 -84 -85 -85 -85 -85 -85 -85 -85 -85 -85 -87 -87 -87 -87 -86 -84 -84 -84 -84 -85 -86 -86 -86 -86 -86 -86 -86 -86 -86 -86 -86 -86 -86 -86 -86 -87 -87 -87 -87 -87 -87 -87 -86 -85 -85 -85 -85 -85 -85 -84 -84 -84 -84 -84 -84 -84 -84 -84 -84 -84 -84 -84 -84 -84 -84 -86 -86 -86 -86 -86 -86 -86 -87 -87 -87 -87 -87 -86 -86 -86 -86 -87 -87 -87 -87 -87 -86 -86 -86 -86 -86 -86 -86 -84 -84 -84 -84 -84 -84 -84 -84 -84 -84 -84 -84 -84 -86 -87 -87 -88 -88 -85 -84 -85 -85 -85 -85 -85 -85 -85 -85 -85 -85 -84 -84 -84 -84 -84 -84 -85 -86 -86 -86 0
-79 -79 -79 -79 -79 -81 -80 -79 -79 -81 -82 -81 -81 -81 -81 -81 -82 -82 -82 -82 -82 -82 -82 -83 -83 -83 -83 -83 -83 -83 -83 -83 -82 -81 -81 -82 -82 -84 -84 -84 -84 -84 -83 -83 -84 -84 -85 -85 -85 -85 -85 -85 -85 -85 -85 -85 -85 -86 -86 -86 -85 -85 -86 -86 -84 -83 -83 -83 -83 -85 -85 -85 -85 -85 -85 -85 -85 -85 -84 -84 -84 -84 -84 -85 -85 -84 -84 -85 -84 -84 -84 -84 -85 -86 -86 -85 -85 -86 -85 -86 -85 -86 -86 -85 -85 -85 -85 -85 -84 -84 -85 -85 -85 -85 -85 -85 -85 -85 -85 -86 -86 -86 -86 -86 -86 -86 -86 -86 -86 -87 -87 -87 -87 -87 -87 -86 -85 -86 -87 -87 -85 -85 -85 -85 -85 -86 -85 -84 -84 -84 -84 -84 -84 -84 -84 -84 -85 -85 -85 -85 -85 -85 -85 -85 -85 -85 -85 -85 -85 -85 -85 -85 -85 -85 -85 -85 -85 -85 -85 -83 -83 -83 -83 -83 -83 -83 -83 -83 -83 -83 -83 -83 -83 -83 -83 -83 -83 -84 -85 -85 -85 -85 -86 -86 -86 -86 -86 -85 -85 -86 -86 -85 -85 -85 -85 -85 -84 -84 -85 -85 -85 -85 -84 -84 0
-76 -76 -76 -76 -77 -79 -78 -78 -78 -80 -80 -80 -80 -80 -81 -81 -80 -80 -80 -80 -80 -80 -80 -82 -82 -82 -82 -82 -82 -82 -82 -82 -80 -79 -80 -80 -80 -82 -82 -82 -82 -81 -81 -81 -81 -81 -82 -82 -82 -82 -82 -82 -82 -82 -82 -84 -84 -85 -85 -85 -84 -84 -85 -85 -83 -82 -82 -82 -82 -84 -84 -84 -84 -84 -84 -84 -84 -84 -84 -84 -84 -84 -84 -84 -84 -84 -84 -84 -84 -84 -85 -85 -86 -86 -86 -86 -86 -86 -86 -86 -86 -84 -84 -85 -85 -85 -84 -84 -84 -84 -84 -84 -84 -84 -84 -84 -84 -84 -84 -85 -85 -85 -85 -85 -86 -86 -86 -86 -86 -87 -87 -87 -87 -87 -87 -87 -86 -86 -88 -87 -86 -85 -85 -85 -85 -85 -84 -84 -84 -84 -84 -84 -84 -84 -84 -84 -84 -84 -84 -85 -85 -84 -84 -84 -84 -84 -84 -84 -84 -84 -84 -84 -84 -84 -84 -84 -84 -84 -84 -82 -82 -80 -80 -80 -82 -82 -82 -82 -82 -82 -82 -82 -82 -82 -82 -82 -82 -83 -84 -84 -85 -85 -85 -85 -85 -85 -85 -86 -86 -86 -86 -84 -84 -84 -84 -84 -84 -84 -84 -84 -84 -84 -83 -84 0
-74 -74 -74 -74 -75 -76 -76 -77 -77 -78 -78 -78 -78 -78 -79 -79 -80 -80 -79 -79 -79 -79 -79 -80 -80 -80 -80 -80 -80 -80 -80 -80 -79 -78 -77 -77 -78 -80 -80 -80 -80 -80 -80 -80 -80 -80 -80 -80 -79 -79 -79 -80 -80 -80 -80 -81 -81 -82 -82 -82 -82 -82 -82 -82 -81 -81 -81 -81 -81 -83 -83 -83 -83 -83 -82 -82 -82 -82 -82 -82 -82 -82 -83 -82 -82 -83 -82 -82 -82 -82 -83 -83 -84 -84 -84 -84 -84 -84 -84 -84 -84 -84 -84 -83 -83 -83 -84 -84 -82 -82 -82 -82 -82 -82 -82 -83 -83 -83 -83 -83 -83 -83 -83 -83 -85 -85 -84 -84 -84 -85 -85 -85 -85 -85 -85 -85 -84 -84 -86 -85 -84 -84 -83 -83 -83 -84 -83 -82 -82 -82 -82 -83 -83 -83 -83 -83 -84 -84 -84 -83 -83 -83 -83 -83 -83 -83 -83 -83 -83 -83 -83 -83 -83 -83 -83 -83 -83 -83 -83 -81 -80 -79 -79 -79 -80 -80 -81 -81 -80 -80 -80 -80 -80 -80 -80 -81 -81 -82 -83 -83 -83 -83 -83 -83 -83 -83 -83 -84 -84 -84 -85 -83 -82 -82 -82 -82 -83 -83 -82 -82 -82 -81 -81 -82 0
-74 -74 -74 -74 -74 -75 -75 -75 -75 -77 -77 -77 -77 -77 -78 -78 -77 -77 -78 -78 -78 -78 -78 -78 -78 -78 -78 -78 -78 -78 -78 -78 -78 -77 -76 -76 -77 -78 -78 -78 -78 -78 -78 -78 -78 -78 -78 -78 -78 -78 -78 -78 -78 -78 -78 -78 -78 -79 -79 -79 -79 -79 -79 -79 -79 -79 -79 -79 -79 -79 -79 -79 -79 -79 -79 -79 -80 -80 -80 -80 -80 -80 -80 -79 -79 -80 -80 -79 -79 -80 -81 -81 -83 -83 -83 -83 -83 -83 -83 -83 -83 -81 -81 -81 -81 -81 -81 -81 -80 -80 -80 -80 -80 -80 -80 -82 -82 -81 -81 -82 -82 -82 -82 -82 -84 -84 -84 -84 -84 -84 -84 -84 -84 -84 -84 -84 -84 -84 -85 -84 -84 -83 -82 -82 -82 -83 -82 -80 -80 -80 -80 -81 -82 -82 -82 -82 -83 -83 -83 -83 -83 -83 -83 -82 -82 -82 -82 -82 -82 -82 -82 -82 -82 -82 -82 -82 -82 -83 -83 -82 -82 -82 -82 -82 -82 -82 -82 -82 -81 -81 -81 -80 -80 -82 -82 -82 -82 -82 -82 -82 -83 -83 -82 -82 -82 -82 -82 -83 -83 -83 -83 -80 -79 -79 -79 -79 -80 -80 -79 -79 -79 -79 -78 -78 0
-72 -73 -74 -74 -74 -75 -74 -75 -75 -76 -76 -76 -76 -75 -75 -75 -75 -75 -76 -77 -77 -77 -77 -76 -76 -76 -76 -76 -76 -76 -76 -76 -76 -76 -75 -75 -75 -75 -75 -74 -75 -75 -75 -75 -76 -76 -74 -74 -74 -74 -74 -74 -74 -74 -74 -75 -76 -76 -76 -76 -77 -77 -77 -77 -78 -78 -77 -77 -76 -77 -77 -77 -77 -77 -78 -78 -78 -78 -78 -78 -78 -78 -77 -77 -77 -77 -78 -78 -78 -78 -78 -78 -81 -82 -81 -81 -81 -81 -81 -81 -81 -80 -80 -80 -80 -80 -80 -80 -79 -79 -79 -79 -79 -79 -79 -81 -82 -81 -81 -81 -81 -81 -81 -81 -82 -82 -82 -82 -82 -83 -83 -83 -83 -83 -83 -83 -83 -83 -84 -83 -83 -81 -81 -81 -81 -81 -81 -78 -78 -78 -78 -79 -81 -82 -81 -81 -82 -82 -83 -82 -82 -82 -82 -83 -83 -82 -82 -82 -82 -82 -82 -82 -82 -82 -82 -81 -81 -83 -83 -82 -82 -82 -82 -82 -82 -82 -82 -82 -82 -81 -81 -81 -81 -82 -82 -82 -82 -82 -81 -81 -81 -81 -81 -81 -81 -81 -81 -81 -81 -81 -81 -80 -78 -78 -77 -76 -77 -77 -77 -77 -77 -77 -77 -77 0
-70 -71 -73 -73 -73 -73 -73 -73 -74 -74 -74 -75 -75 -75 -74 -74 -75 -75 -75 -76 -76 -75 -75 -76 -76 -76 -76 -76 -76 -76 -76 -76 -74 -73 -73 -73 -73 -73 -73 -72 -73 -74 -74 -74 -74 -74 -74 -74 -73 -73 -73 -73 -73 -75 -75 -75 -76 -75 -75 -75 -75 -75 -74 -74 -76 -76 -76 -76 -75 -75 -75 -74 -74 -74 -75 -75 -75 -75 -74 -74 -75 -74 -74 -74 -74 -75 -75 -75 -74 -74 -74 -74 -76 -77 -77 -77 -76 -76 -76 -76 -76 -77 -77 -77 -77 -77 -77 -77 -76 -76 -76 -76 -76 -76 -77 -79 -80 -80 -80 -80 -80 -80 -81 -81 -82 -82 -82 -82 -82 -82 -82 -82 -82 -82 -82 -82 -82 -82 -82 -81 -81 -79 -79 -79 -79 -79 -79 -75 -75 -76 -76 -77 -79 -80 -79 -81 -81 -81 -82 -82 -82 -81 -81 -82 -82 -83 -83 -83 -82 -82 -83 -83 -83 -83 -83 -82 -82 -83 -83 -83 -83 -82 -82 -82 -82 -82 -83 -83 -82 -82 -82 -83 -83 -82 -82 -82 -82 -81 -80 -80 -79 -79 -79 -79 -79 -79 -79 -77 -77 -77 -77 -77 -76 -75 -74 -74 -74 -74 -74 -74 -74 -74 -74 -74 0
-69 -70 -70 -70 -70 -70 -70 -71 -72 -72 -72 -73 -74 -74 -75 -75 -74 -74 -74 -74 -75 -75 -75 -74 -74 -74 -74 -74 -74 -74 -74 -74 -73 -73 -72 -72 -72 -71 -71 -71 -72 -74 -74 -74 -75 -75 -73 -73 -73 -73 -73 -72 -72 -73 -73 -72 -73 -73 -72 -72 -72 -72 -72 -72 -73 -74 -74 -74 -75 -73 -73 -73 -72 -72 -72 -72 -74 -74 -74 -74 -74 -74 -73 -73 -73 -73 -72 -72 -72 -72 -71 -71 -73 -74 -75 -75 -75 -75 -75 -75 -75 -73 -73 -73 -73 -73 -73 -73 -72 -72 -72 -72 -72 -72 -72 -76 -77 -77 -77 -77 -77 -77 -79 -79 -80 -80 -81 -81 -81 -80 -80 -80 -80 -80 -80 -80 -80 -80 -80 -79 -79 -77 -76 -76 -76 -76 -76 -74 -74 -73 -72 -74 -76 -77 -77 -78 -79 -80 -81 -81 -82 -82 -82 -83 -83 -84 -85 -84 -83 -83 -83 -83 -83 -83 -83 -82 -82 -83 -83 -81 -81 -81 -81 -81 -82 -82 -84 -84 -83 -83 -83 -82 -82 -81 -81 -80 -80 -79 -78 -78 -77 -77 -77 -78 -78 -77 -77 -75 -75 -75 -75 -75 -74 -73 -72 -71 -72 -72 -72 -72 -72 -72 -72 -72 0
-68 -69 -69 -70 -69 -69 -69 -69 -69 -70 -70 -71 -72 -73 -73 -73 -74 -74 -73 -74 -74 -73 -73 -73 -73 -73 -73 -74 -74 -74 -73 -73 -72 -72 -70 -70 -70 -70 -70 -71 -72 -74 -75 -74 -73 -72 -71 -71 -70 -70 -70 -70 -69 -69 -69 -70 -71 -71 -71 -71 -70 -70 -70 -70 -70 -72 -73 -73 -74 -73 -73 -72 -71 -69 -68 -68 -70 -70 -72 -72 -73 -72 -72 -71 -71 -72 -72 -71 -71 -71 -71 -72 -72 -73 -73 -73 -72 -71 -71 -72 -71 -70 -69 -69 -69 -69 -70 -70 -70 -70 -69 -69 -69 -68 -68 -70 -72 -72 -72 -72 -73 -74 -75 -75 -77 -77 -77 -77 -77 -78 -78 -78 -78 -79 -79 -79 -79 -79 -78 -77 -77 -76 -75 -74 -74 -74 -74 -71 -71 -70 -70 -71 -73 -72 -73 -73 -74 -75 -76 -76 -77 -79 -79 -80 -80 -82 -82 -83 -83 -83 -82 -82 -82 -82 -81 -80 -81 -80 -80 -79 -79 -80 -81 -80 -80 -80 -80 -80 -80 -80 -80 -80 -80 -81 -81 -80 -80 -79 -78 -78 -76 -76 -76 -76 -76 -75 -75 -74 -74 -74 -74 -74 -73 -73 -73 -72 -72 -72 -71 -71 -72 -72 -72 -72 0
-66 -67 -67 -67 -67 -65 -65 -65 -65 -68 -68 -69 -69 -69 -70 -71 -71 -71 -72 -72 -72 -72 -72 -69 -69 -70 -70 -70 -71 -72 -71 -71 -72 -71 -70 -70 -70 -70 -72 -73 -73 -75 -76 -74 -73 -72 -72 -72 -71 -71 -71 -71 -70 -69 -69 -70 -70 -69 -69 -68 -66 -66 -66 -66 -67 -67 -68 -68 -68 -71 -71 -72 -70 -67 -65 -65 -66 -67 -69 -70 -70 -70 -70 -70 -71 -70 -71 -72 -72 -72 -72 -72 -69 -69 -69 -68 -68 -68 -68 -67 -67 -65 -65 -64 -64 -65 -66 -66 -66 -66 -65 -65 -65 -65 -65 -65 -66 -65 -65 -67 -69 -71 -71 -71 -72 -73 -73 -73 -74 -75 -76 -77 -77 -78 -78 -78 -77 -77 -76 -76 -76 -76 -74 -72 -72 -70 -70 -69 -68 -68 -68 -68 -69 -69 -69 -69 -70 -70 -70 -70 -71 -72 -72 -73 -74 -76 -78 -79 -79 -79 -78 -78 -78 -77 -77 -78 -78 -79 -79 -79 -79 -80 -80 -79 -78 -78 -78 -78 -78 -78 -78 -78 -78 -79 -79 -78 -78 -78 -78 -78 -78 -78 -76 -75 -75 -75 -75 -74 -74 -72 -72 -74 -75 -75 -74 -74 -72 -72 -71 -71 -72 -73 -73 -74 0
-60 -61 -62 -62 -63 -62 -62 -63 -63 -65 -67 -68 -68 -68 -68 -68 -69 -69 -70 -70 -70 -70 -70 -67 -67 -66 -66 -67 -69 -70 -70 -70 -70 -70 -70 -70 -70 -70 -69 -70 -71 -73 -73 -72 -71 -70 -70 -70 -69 -69 -69 -69 -69 -69 -69 -70 -69 -69 -69 -67 -66 -65 -66 -66 -67 -67 -66 -66 -66 -68 -68 -68 -66 -65 -64 -64 -64 -65 -67 -69 -69 -69 -69 -68 -69 -70 -70 -71 -71 -71 -71 -69 -67 -67 -67 -66 -65 -65 -65 -64 -64 -64 -64 -64 -64 -64 -63 -63 -63 -63 -62 -62 -62 -63 -63 -62 -63 -62 -62 -64 -67 -68 -67 -67 -70 -70 -71 -72 -72 -74 -74 -74 -74 -75 -76 -75 -75 -75 -75 -75 -75 -75 -73 -72 -72 -70 -70 -69 -69 -70 -70 -70 -70 -69 -69 -69 -69 -69 -69 -69 -69 -70 -70 -70 -71 -71 -71 -72 -73 -72 -71 -71 -71 -71 -71 -73 -74 -76 -77 -77 -77 -78 -78 -78 -78 -78 -78 -78 -78 -78 -78 -78 -78 -77 -77 -76 -76 -76 -77 -77 -77 -77 -77 -77 -77 -77 -77 -75 -75 -75 -75 -74 -73 -73 -73 -73 -73 -73 -74 -74 -73 -72 -72 -73 0
-55 -57 -57 -58 -60 -61 -61 -62 -62 -64 -65 -66 -65 -65 -66 -65 -65 -65 -66 -66 -66 -66 -66 -64 -64 -63 -63 -64 -65 -66 -67 -67 -68 -69 -70 -70 -70 -69 -67 -67 -69 -69 -69 -68 -66 -65 -66 -66 -65 -65 -65 -67 -67 -68 -68 -70 -69 -69 -69 -68 -68 -68 -68 -68 -67 -65 -64 -64 -64 -64 -64 -62 -63 -62 -61 -61 -62 -63 -64 -66 -67 -67 -67 -67 -68 -69 -69 -68 -68 -68 -67 -65 -63 -63 -65 -65 -64 -64 -64 -63 -63 -63 -63 -64 -64 -64 -63 -63 -63 -63 -62 -62 -62 -62 -62 -62 -63 -62 -62 -63 -63 -63 -64 -64 -66 -66 -67 -67 -68 -70 -70 -70 -70 -72 -72 -73 -74 -74 -74 -73 -74 -74 -74 -75 -75 -74 -74 -73 -73 -73 -73 -73 -72 -70 -71 -71 -70 -69 -69 -69 -69 -68 -68 -69 -69 -68 -67 -67 -67 -65 -63 -63 -63 -63 -65 -68 -68 -70 -72 -73 -73 -74 -74 -74 -77 -77 -77 -77 -77 -77 -77 -77 -77 -75 -74 -74 -74 -74 -74 -74 -74 -74 -75 -75 -75 -75 -75 -75 -75 -75 -75 -73 -72 -72 -72 -72 -74 -74 -74 -74 -72 -69 -70 -70 0
-53 -54 -54 -55 -56 -58 -58 -60 -61 -64 -64 -64 -64 -64 -64 -63 -63 -64 -63 -64 -64 -64 -64 -61 -61 -61 -61 -61 -62 -63 -63 -63 -64 -64 -65 -65 -65 -68 -68 -67 -67 -67 -66 -65 -63 -62 -63 -64 -63 -63 -63 -65 -65 -65 -65 -67 -68 -68 -68 -68 -68 -68 -68 -68 -67 -65 -64 -61 -61 -60 -60 -60 -60 -61 -60 -60 -60 -61 -62 -64 -65 -65 -66 -66 -67 -67 -66 -65 -64 -64 -64 -62 -62 -63 -64 -64 -63 -63 -62 -61 -61 -62 -62 -63 -64 -63 -62 -62 -62 -62 -61 -61 -61 -60 -60 -60 -61 -60 -60 -62 -63 -63 -64 -64 -64 -64 -63 -63 -64 -65 -65 -66 -66 -68 -69 -69 -70 -70 -71 -71 -71 -71 -74 -76 -76 -76 -76 -77 -77 -77 -76 -76 -76 -74 -76 -76 -72 -71 -71 -69 -67 -65 -66 -66 -66 -65 -63 -62 -61 -59 -56 -57 -57 -57 -60 -63 -64 -66 -67 -68 -68 -69 -69 -70 -74 -74 -75 -74 -74 -74 -74 -75 -74 -72 -71 -71 -71 -71 -71 -70 -70 -70 -72 -72 -72 -72 -72 -72 -71 -71 -70 -69 -68 -68 -67 -68 -72 -72 -72 -72 -70 -67 -66 -65 0
-53 -52 -52 -52 -53 -55 -55 -55 -57 -58 -58 -58 -58 -59 -61 -61 -63 -66 -63 -63 -63 -62 -62 -62 -61 -60 -61 -61 -61 -61 -61 -61 -62 -62 -62 -62 -62 -64 -64 -66 -65 -65 -62 -62 -62 -61 -61 -62 -62 -61 -62 -62 -62 -63 -62 -65 -66 -67 -67 -67 -68 -67 -68 -68 -65 -65 -66 -65 -65 -63 -62 -63 -61 -59 -59 -59 -60 -61 -62 -62 -62 -62 -63 -63 -63 -64 -63 -63 -62 -62 -63 -62 -61 -61 -62 -61 -60 -61 -62 -62 -62 -63 -63 -62 -62 -63 -60 -60 -60 -59 -59 -59 -59 -58 -58 -57 -57 -57 -57 -59 -60 -60 -61 -61 -63 -63 -63 -63 -62 -61 -61 -62 -62 -64 -65 -66 -66 -66 -68 -69 -70 -70 -71 -73 -73 -74 -74 -73 -75 -75 -74 -73 -74 -74 -74 -73 -70 -68 -67 -67 -66 -63 -63 -63 -61 -59 -56 -56 -57 -56 -53 -53 -53 -53 -54 -56 -58 -61 -66 -66 -66 -66 -67 -68 -69 -68 -68 -67 -67 -69 -70 -68 -68 -69 -68 -68 -67 -67 -67 -67 -66 -66 -66 -66 -65 -66 -66 -66 -65 -63 -63 -63 -63 -64 -63 -64 -66 -66 -67 -66 -65 -63 -61 -60 0
-57 -54 -54 -53 -53 -53 -54 -55 -55 -55 -55 -55 -56 -58 -61 -61 -61 -64 -61 -60 -60 -60 -60 -60 -60 -60 -61 -61 -59 -58 -59 -62 -62 -61 -61 -61 -61 -62 -62 -64 -63 -62 -60 -58 -57 -55 -55 -56 -56 -57 -59 -60 -61 -62 -63 -64 -64 -64 -64 -64 -65 -64 -63 -63 -63 -64 -65 -65 -65 -66 -66 -67 -65 -62 -62 -62 -62 -61 -62 -61 -59 -59 -60 -60 -60 -61 -60 -59 -58 -58 -59 -59 -58 -58 -59 -57 -57 -59 -60 -60 -60 -60 -59 -58 -57 -57 -56 -57 -57 -56 -56 -56 -56 -57 -57 -55 -55 -55 -55 -55 -55 -55 -56 -56 -58 -58 -59 -59 -58 -57 -57 -57 -57 -60 -63 -63 -63 -64 -67 -67 -68 -68 -69 -70 -71 -72 -72 -72 -72 -72 -72 -72 -73 -73 -73 -72 -69 -66 -65 -66 -65 -61 -60 -57 -57 -57 -55 -55 -56 -55 -51 -49 -48 -48 -50 -52 -56 -61 -63 -64 -63 -63 -64 -63 -61 -61 -60 -60 -61 -63 -63 -62 -63 -65 -64 -65 -64 -64 -64 -63 -63 -63 -60 -59 -59 -59 -60 -62 -62 -61 -61 -61 -61 -60 -60 -60 -59 -58 -61 -61 -59 -58 -58 -57 0
-58 -57 -56 -56 -56 -54 -55 -55 -55 -55 -55 -55 -55 -55 -57 -57 -58 -58 -56 -55 -54 -54 -54 -53 -54 -55 -58 -59 -60 -60 -62 -62 -61 -61 -61 -62 -61 -63 -63 -63 -62 -60 -57 -54 -53 -51 -51 -52 -52 -53 -55 -58 -59 -60 -62 -62 -61 -62 -62 -62 -62 -61 -59 -59 -60 -61 -62 -64 -63 -64 -65 -66 -66 -64 -62 -62 -61 -60 -60 -59 -58 -59 -59 -59 -59 -60 -59 -56 -55 -55 -56 -57 -57 -56 -56 -56 -56 -57 -56 -55 -55 -54 -52 -52 -51 -50 -52 -54 -54 -53 -52 -52 -52 -52 -52 -52 -52 -52 -52 -52 -52 -51 -52 -52 -53 -53 -54 -55 -55 -55 -55 -54 -54 -57 -59 -59 -61 -63 -65 -66 -67 -66 -67 -68 -68 -68 -68 -70 -69 -69 -69 -70 -70 -70 -71 -69 -67 -65 -65 -65 -63 -59 -59 -58 -60 -59 -58 -57 -56 -55 -53 -52 -51 -49 -47 -48 -54 -59 -61 -60 -59 -58 -57 -56 -54 -54 -56 -56 -57 -58 -58 -58 -58 -62 -61 -60 -61 -62 -61 -61 -61 -61 -56 -54 -53 -53 -54 -57 -58 -56 -55 -57 -57 -56 -57 -57 -54 -54 -55 -54 -55 -56 -56 -57 0
-53 -54 -54 -54 -53 -52 -53 -52 -51 -51 -50 -50 -49 -49 -50 -50 -51 -51 -50 -50 -49 -50 -49 -47 -48 -48 -50 -54 -58 -59 -58 -58 -60 -60 -60 -60 -60 -61 -61 -61 -61 -61 -59 -54 -50 -48 -47 -47 -47 -48 -49 -51 -53 -55 -57 -59 -59 -59 -59 -59 -60 -59 -59 -58 -58 -59 -61 -62 -62 -63 -65 -66 -65 -63 -62 -62 -61 -60 -58 -56 -55 -55 -55 -55 -55 -56 -56 -55 -54 -54 -54 -56 -55 -55 -54 -55 -55 -54 -52 -53 -53 -49 -48 -46 -45 -47 -49 -49 -50 -49 -49 -49 -49 -49 -49 -50 -51 -51 -50 -49 -48 -48 -47 -47 -49 -50 -51 -52 -53 -53 -53 -53 -53 -52 -53 -54 -56 -58 -62 -63 -63 -64 -65 -65 -65 -64 -64 -64 -64 -63 -64 -63 -62 -62 -63 -63 -61 -61 -61 -60 -58 -56 -57 -59 -59 -58 -58 -58 -58 -58 -56 -56 -56 -54 -51 -50 -57 -56 -55 -56 -54 -51 -49 -49 -47 -47 -50 -52 -52 -53 -54 -54 -56 -56 -54 -53 -53 -56 -58 -57 -57 -57 -53 -52 -51 -51 -51 -52 -53 -52 -51 -55 -58 -56 -56 -55 -54 -54 -55 -55 -55 -55 -55 -54 0
-51 -50 -50 -49 -48 -48 -48 -48 -47 -45 -45 -44 -44 -44 -46 -46 -46 -46 -46 -46 -46 -47 -47 -44 -45 -46 -45 -48 -52 -53 -53 -55 -58 -59 -59 -57 -56 -55 -56 -56 -57 -60 -61 -57 -53 -48 -47 -45 -44 -43 -43 -45 -47 -49 -52 -55 -55 -56 -56 -58 -57 -57 -59 -57 -56 -57 -59 -59 -61 -62 -62 -62 -61 -61 -61 -60 -60 -59 -56 -54 -53 -53 -53 -55 -55 -56 -56 -55 -54 -54 -55 -55 -53 -53 -54 -54 -53 -50 -49 -49 -50 -48 -46 -44 -43 -44 -46 -45 -43 -43 -45 -46 -46 -46 -46 -48 -49 -49 -48 -46 -44 -45 -45 -45 -45 -46 -47 -48 -50 -51 -51 -51 -51 -50 -51 -52 -53 -55 -58 -60 -60 -62 -63 -62 -62 -62 -62 -60 -60 -60 -60 -59 -57 -57 -58 -57 -57 -56 -55 -53 -53 -50 -50 -51 -51 -51 -52 -55 -56 -56 -54 -54 -54 -56 -55 -55 -60 -56 -52 -53 -52 -49 -47 -46 -43 -43 -45 -47 -48 -49 -48 -49 -54 -51 -48 -46 -43 -47 -53 -51 -52 -53 -52 -52 -50 -50 -50 -52 -53 -52 -52 -54 -55 -53 -51 -50 -53 -53 -53 -53 -53 -52 -53 -54 0
-49 -47 -47 -46 -45 -44 -43 -43 -43 -41 -41 -41 -41 -41 -42 -42 -43 -42 -42 -42 -42 -42 -42 -43 -44 -44 -46 -47 -47 -47 -48 -50 -54 -56 -56 -54 -54 -54 -53 -55 -57 -57 -59 -60 -58 -57 -57 -52 -47 -41 -40 -39 -40 -43 -46 -49 -51 -52 -53 -53 -54 -54 -55 -53 -51 -52 -52 -54 -58 -60 -59 -58 -58 -59 -58 -57 -58 -58 -58 -57 -58 -57 -56 -55 -55 -57 -57 -56 -54 -54 -55 -55 -53 -53 -52 -52 -51 -48 -47 -48 -49 -48 -46 -43 -41 -41 -41 -41 -39 -39 -40 -40 -39 -39 -39 -40 -40 -41 -42 -41 -41 -40 -41 -41 -41 -40 -41 -41 -43 -47 -47 -49 -50 -48 -50 -50 -51 -54 -55 -57 -59 -60 -61 -61 -61 -61 -61 -58 -58 -59 -59 -58 -56 -56 -56 -55 -56 -56 -55 -53 -51 -46 -45 -45 -45 -46 -47 -48 -48 -47 -46 -45 -45 -46 -47 -51 -59 -55 -52 -54 -53 -50 -49 -45 -42 -41 -43 -44 -44 -45 -45 -48 -52 -49 -45 -40 -37 -38 -43 -42 -42 -45 -48 -48 -45 -45 -45 -46 -47 -48 -47 -49 -48 -45 -43 -43 -46 -46 -46 -46 -46 -48 -51 -52 0
-46 -44 -43 -42 -42 -42 -40 -40 -41 -42 -42 -41 -41 -41 -42 -42 -43 -43 -43 -43 -43 -43 -43 -45 -46 -45 -46 -46 -45 -44 -45 -48 -51 -53 -54 -54 -55 -54 -53 -54 -56 -57 -59 -60 -62 -64 -64 -60 -54 -44 -37 -35 -37 -40 -41 -41 -43 -45 -47 -47 -47 -47 -48 -46 -47 -48 -48 -49 -51 -53 -54 -54 -55 -57 -58 -59 -59 -60 -61 -61 -62 -61 -59 -56 -56 -55 -55 -56 -54 -52 -53 -54 -51 -51 -51 -51 -50 -48 -46 -47 -50 -48 -45 -42 -40 -40 -38 -37 -36 -36 -37 -36 -34 -33 -35 -36 -35 -34 -35 -37 -38 -37 -37 -37 -36 -35 -36 -36 -38 -40 -41 -43 -45 -45 -48 -48 -50 -52 -53 -54 -57 -59 -59 -59 -59 -59 -59 -58 -58 -58 -58 -57 -55 -55 -55 -54 -53 -54 -55 -53 -51 -46 -44 -45 -45 -47 -46 -44 -44 -42 -41 -41 -39 -38 -39 -48 -59 -54 -49 -52 -53 -51 -49 -46 -42 -41 -41 -43 -44 -47 -49 -50 -51 -47 -43 -38 -34 -32 -32 -34 -35 -37 -41 -42 -40 -40 -40 -40 -41 -40 -39 -39 -39 -38 -37 -36 -37 -38 -37 -37 -38 -41 -43 -46 0
-44 -43 -43 -42 -42 -42 -42 -41 -41 -43 -43 -43 -43 -43 -44 -45 -44 -45 -45 -45 -45 -44 -44 -46 -47 -48 -47 -46 -44 -42 -42 -43 -50 -52 -51 -52 -55 -56 -55 -55 -56 -56 -58 -60 -64 -65 -65 -63 -57 -49 -43 -38 -38 -38 -38 -40 -40 -42 -43 -45 -44 -44 -44 -42 -45 -47 -48 -46 -46 -50 -51 -52 -52 -53 -54 -55 -57 -57 -59 -60 -61 -60 -59 -56 -54 -53 -54 -54 -52 -51 -51 -52 -50 -51 -51 -51 -50 -49 -48 -49 -49 -48 -46 -42 -39 -38 -36 -35 -34 -34 -35 -33 -32 -32 -34 -34 -33 -32 -33 -34 -35 -34 -34 -34 -33 -32 -32 -32 -33 -35 -38 -40 -40 -43 -45 -47 -49 -50 -50 -51 -53 -55 -55 -55 -55 -56 -56 -55 -57 -58 -57 -55 -54 -52 -53 -53 -52 -52 -52 -52 -51 -46 -45 -46 -45 -47 -46 -44 -42 -40 -40 -40 -39 -39 -43 -52 -64 -59 -52 -52 -52 -51 -50 -47 -42 -42 -44 -45 -44 -50 -50 -49 -47 -44 -42 -37 -34 -30 -29 -28 -28 -31 -35 -37 -37 -35 -37 -38 -36 -35 -34 -34 -34 -34 -33 -30 -30 -30 -31 -31 -33 -35 -35 -36 0
-42 -42 -41 -40 -40 -40 -40 -41 -41 -42 -42 -43 -44 -44 -43 -44 -43 -43 -43 -43 -43 -42 -41 -41 -42 -43 -43 -43 -42 -42 -41 -42 -46 -49 -50 -50 -52 -55 -55 -55 -56 -56 -56 -59 -62 -63 -62 -61 -61 -59 -56 -53 -50 -48 -45 -41 -38 -41 -44 -45 -45 -45 -44 -45 -46 -48 -48 -47 -47 -50 -51 -51 -51 -52 -53 -53 -52 -52 -55 -56 -58 -57 -57 -55 -55 -55 -54 -54 -52 -53 -52 -51 -50 -51 -51 -51 -49 -47 -47 -48 -48 -48 -45 -42 -40 -40 -38 -37 -36 -34 -34 -32 -32 -34 -34 -33 -32 -33 -32 -32 -32 -33 -33 -32 -31 -31 -32 -30 -29 -31 -32 -36 -37 -41 -43 -45 -48 -49 -47 -47 -50 -51 -52 -50 -50 -51 -52 -53 -54 -55 -55 -53 -53 -51 -51 -53 -53 -53 -52 -51 -51 -49 -48 -48 -47 -48 -48 -45 -42 -40 -41 -41 -42 -43 -46 -56 -66 -62 -55 -54 -52 -52 -49 -46 -42 -44 -45 -43 -41 -47 -50 -47 -45 -43 -41 -39 -35 -31 -27 -25 -25 -27 -30 -31 -32 -30 -33 -36 -36 -34 -32 -33 -34 -33 -30 -28 -27 -27 -27 -27 -28 -30 -30 -31 0
-36 -36 -37 -39 -39 -40 -40 -41 -41 -43 -43 -43 -43 -43 -42 -41 -40 -40 -40 -40 -40 -40 -39 -37 -38 -38 -38 -40 -43 -43 -43 -45 -48 -48 -50 -50 -51 -53 -53 -52 -52 -52 -53 -55 -56 -56 -55 -56 -59 -60 -62 -65 -65 -61 -53 -46 -43 -46 -49 -50 -50 -50 -51 -52 -52 -50 -47 -47 -49 -51 -52 -52 -52 -52 -53 -53 -52 -52 -52 -52 -53 -52 -53 -54 -54 -54 -55 -56 -56 -56 -55 -53 -52 -52 -49 -49 -47 -46 -46 -48 -48 -49 -46 -43 -41 -42 -42 -41 -39 -36 -36 -35 -36 -37 -37 -34 -33 -34 -33 -31 -31 -32 -31 -30 -28 -28 -28 -27 -29 -30 -30 -31 -36 -40 -44 -46 -47 -47 -45 -46 -48 -49 -48 -48 -48 -49 -51 -52 -52 -53 -53 -52 -52 -52 -52 -54 -55 -54 -52 -51 -54 -53 -51 -51 -50 -51 -50 -47 -43 -41 -42 -42 -43 -44 -48 -62 -70 -68 -61 -56 -55 -54 -50 -47 -44 -46 -46 -41 -39 -45 -51 -51 -49 -46 -43 -42 -38 -32 -27 -25 -24 -25 -26 -25 -24 -24 -27 -32 -32 -33 -32 -33 -33 -32 -30 -28 -26 -25 -25 -25 -26 -27 -28 -27 0
-34 -34 -35 -37 -37 -38 -38 -38 -38 -40 -41 -40 -40 -40 -39 -37 -37 -37 -37 -37 -37 -37 -36 -33 -34 -33 -33 -37 -40 -37 -38 -39 -46 -49 -50 -52 -54 -55 -55 -53 -50 -51 -53 -53 -50 -51 -51 -54 -57 -61 -66 -70 -68 -66 -59 -49 -47 -50 -52 -53 -52 -52 -54 -54 -52 -52 -51 -50 -50 -52 -53 -53 -53 -52 -51 -51 -53 -53 -51 -51 -52 -51 -53 -54 -52 -50 -53 -54 -56 -56 -56 -56 -55 -55 -51 -51 -50 -49 -49 -49 -49 -50 -49 -47 -45 -47 -48 -47 -46 -43 -40 -39 -40 -39 -39 -37 -36 -36 -34 -32 -30 -30 -31 -30 -29 -26 -24 -25 -27 -28 -30 -30 -32 -36 -40 -44 -48 -48 -45 -45 -48 -49 -48 -47 -47 -48 -50 -52 -52 -53 -53 -53 -53 -55 -56 -56 -56 -54 -54 -55 -58 -57 -55 -54 -54 -53 -51 -49 -45 -43 -44 -44 -45 -45 -51 -64 -72 -72 -66 -59 -60 -58 -54 -50 -46 -47 -48 -42 -43 -48 -53 -53 -51 -50 -48 -45 -42 -36 -30 -26 -25 -25 -23 -21 -21 -22 -26 -29 -27 -26 -29 -32 -33 -33 -32 -30 -28 -26 -25 -24 -22 -23 -24 -25 0
-32 -33 -34 -34 -34 -35 -35 -35 -34 -32 -31 -32 -30 -31 -31 -30 -29 -30 -31 -32 -31 -32 -32 -31 -32 -33 -33 -34 -34 -32 -31 -33 -38 -41 -43 -45 -47 -52 -54 -52 -51 -50 -50 -52 -49 -50 -51 -52 -56 -56 -61 -65 -65 -63 -57 -48 -47 -49 -49 -47 -47 -49 -51 -52 -52 -53 -52 -52 -51 -52 -52 -51 -50 -49 -47 -47 -48 -49 -46 -48 -49 -49 -53 -54 -53 -51 -51 -50 -52 -54 -57 -58 -60 -60 -59 -58 -58 -56 -54 -55 -57 -53 -51 -51 -50 -51 -52 -51 -50 -50 -48 -47 -46 -43 -42 -41 -41 -39 -37 -32 -30 -30 -33 -34 -33 -32 -29 -26 -26 -28 -27 -29 -32 -34 -35 -38 -42 -45 -46 -46 -46 -49 -49 -48 -48 -49 -50 -51 -54 -56 -58 -58 -58 -59 -58 -59 -57 -56 -57 -61 -62 -62 -59 -59 -57 -54 -51 -50 -48 -45 -44 -41 -41 -43 -47 -59 -69 -72 -70 -67 -66 -65 -60 -56 -50 -51 -51 -50 -48 -53 -57 -57 -53 -49 -50 -49 -47 -42 -35 -29 -27 -28 -24 -21 -23 -28 -34 -29 -22 -19 -22 -27 -30 -36 -36 -33 -34 -34 -32 -26 -19 -16 -19 -19 0
-30 -30 -30 -30 -29 -30 -30 -29 -28 -26 -26 -27 -25 -25 -24 -26 -27 -27 -28 -30 -30 -30 -29 -31 -33 -34 -33 -33 -33 -32 -32 -33 -35 -37 -37 -38 -41 -44 -45 -44 -43 -43 -41 -42 -44 -46 -49 -51 -52 -51 -54 -54 -52 -51 -46 -41 -40 -40 -40 -38 -38 -42 -46 -49 -51 -52 -51 -51 -52 -51 -50 -52 -51 -50 -49 -47 -48 -49 -46 -47 -49 -49 -51 -52 -53 -53 -52 -53 -54 -57 -60 -61 -63 -64 -63 -61 -63 -62 -60 -61 -64 -61 -61 -60 -60 -60 -58 -57 -53 -50 -51 -50 -50 -47 -45 -44 -44 -42 -40 -37 -35 -36 -39 -38 -37 -37 -36 -34 -31 -31 -30 -29 -32 -33 -35 -38 -41 -43 -43 -45 -46 -47 -48 -48 -49 -51 -51 -52 -55 -57 -59 -60 -60 -58 -58 -57 -57 -58 -61 -64 -65 -63 -60 -60 -58 -56 -54 -53 -50 -48 -47 -42 -38 -39 -38 -42 -54 -66 -68 -65 -65 -67 -66 -61 -56 -56 -55 -56 -55 -59 -62 -63 -56 -51 -51 -53 -51 -47 -41 -34 -30 -31 -25 -24 -27 -36 -38 -31 -21 -18 -19 -22 -32 -35 -33 -32 -35 -35 -34 -31 -22 -16 -16 -17 0
-25 -25 -26 -26 -25 -26 -26 -24 -23 -22 -21 -25 -25 -24 -25 -25 -25 -25 -25 -26 -27 -28 -27 -28 -29 -28 -25 -26 -28 -28 -28 -29 -31 -32 -32 -33 -34 -34 -32 -32 -33 -33 -31 -31 -33 -35 -38 -39 -43 -45 -44 -43 -41 -39 -36 -35 -33 -35 -37 -35 -35 -37 -41 -45 -47 -48 -50 -53 -54 -54 -53 -54 -55 -54 -53 -52 -53 -53 -52 -52 -54 -54 -55 -56 -59 -62 -63 -65 -66 -66 -65 -66 -67 -67 -65 -63 -66 -65 -62 -64 -66 -67 -67 -68 -68 -67 -63 -61 -55 -53 -53 -51 -51 -48 -47 -47 -47 -46 -46 -44 -45 -46 -47 -46 -45 -45 -46 -44 -41 -41 -40 -39 -38 -38 -41 -42 -46 -45 -45 -48 -48 -49 -48 -48 -49 -51 -51 -53 -56 -57 -58 -61 -62 -60 -58 -56 -57 -59 -62 -64 -65 -63 -61 -60 -60 -58 -58 -55 -53 -51 -51 -44 -40 -39 -33 -30 -39 -55 -60 -60 -61 -64 -67 -64 -62 -60 -58 -59 -63 -67 -69 -68 -60 -55 -53 -50 -50 -49 -47 -39 -33 -31 -28 -29 -33 -41 -41 -32 -23 -20 -20 -26 -37 -36 -30 -24 -32 -35 -30 -30 -31 -27 -20 -19 0
-20 -21 -22 -22 -22 -22 -22 -21 -21 -21 -20 -23 -22 -22 -23 -22 -22 -21 -21 -23 -23 -24 -25 -23 -21 -19 -17 -17 -19 -19 -20 -20 -23 -25 -25 -26 -27 -27 -25 -25 -26 -25 -23 -24 -25 -25 -26 -27 -29 -33 -32 -32 -31 -31 -30 -32 -31 -32 -34 -33 -33 -33 -37 -38 -39 -41 -44 -48 -51 -57 -56 -57 -57 -56 -57 -56 -57 -59 -55 -54 -54 -55 -56 -57 -62 -66 -69 -71 -73 -70 -66 -66 -67 -67 -65 -63 -65 -65 -62 -62 -64 -65 -65 -65 -66 -66 -63 -61 -56 -54 -55 -54 -52 -51 -51 -52 -52 -51 -51 -52 -53 -52 -53 -54 -52 -50 -50 -50 -49 -49 -49 -49 -49 -49 -49 -49 -50 -49 -47 -48 -48 -49 -48 -48 -48 -49 -51 -55 -57 -57 -58 -62 -64 -61 -58 -55 -58 -60 -61 -62 -63 -62 -60 -59 -58 -58 -58 -56 -54 -53 -52 -48 -45 -42 -35 -31 -41 -53 -58 -61 -59 -62 -68 -69 -68 -66 -63 -64 -69 -73 -73 -67 -52 -49 -46 -39 -42 -46 -47 -40 -33 -29 -31 -35 -38 -43 -40 -32 -25 -23 -25 -34 -42 -38 -31 -25 -34 -35 -27 -26 -33 -36 -29 -21 0
-19 -19 -19 -19 -18 -19 -19 -19 -20 -18 -18 -17 -16 -17 -19 -19 -18 -18 -19 -20 -20 -20 -21 -20 -20 -17 -15 -14 -16 -14 -14 -14 -15 -16 -17 -17 -18 -18 -17 -16 -16 -17 -16 -16 -17 -18 -17 -18 -18 -20 -21 -22 -23 -22 -22 -25 -24 -24 -25 -26 -27 -32 -36 -36 -35 -37 -41 -47 -50 -55 -57 -57 -57 -58 -60 -62 -63 -65 -62 -58 -59 -59 -57 -60 -64 -70 -72 -73 -76 -73 -70 -70 -70 -68 -65 -65 -65 -67 -63 -62 -62 -60 -59 -58 -57 -59 -62 -60 -58 -56 -56 -56 -55 -54 -53 -54 -54 -53 -54 -58 -60 -58 -57 -57 -56 -56 -55 -55 -55 -54 -53 -55 -53 -52 -53 -53 -54 -54 -51 -48 -48 -47 -47 -48 -48 -49 -51 -54 -55 -55 -55 -58 -60 -60 -58 -56 -59 -61 -61 -59 -59 -59 -55 -54 -53 -53 -54 -53 -52 -51 -51 -49 -47 -44 -42 -41 -45 -53 -60 -61 -61 -62 -65 -71 -75 -71 -68 -68 -71 -75 -71 -60 -43 -36 -35 -34 -34 -34 -41 -39 -33 -32 -33 -36 -36 -36 -36 -35 -30 -27 -33 -42 -46 -44 -36 -34 -39 -37 -31 -30 -33 -37 -36 -29 0
-19 -17 -15 -14 -14 -18 -19 -18 -17 -16 -14 -13 -15 -16 -15 -14 -12 -11 -12 -13 -14 -14 -12 -12 -10 -10 -10 -11 -13 -13 -12 -12 -14 -14 -14 -13 -13 -15 -14 -12 -12 -13 -14 -12 -14 -14 -12 -14 -15 -16 -17 -18 -17 -16 -16 -19 -19 -18 -18 -19 -20 -24 -29 -33 -34 -38 -43 -48 -52 -55 -57 -57 -54 -58 -63 -66 -70 -73 -75 -74 -73 -71 -67 -69 -71 -72 -74 -74 -76 -76 -75 -76 -78 -76 -73 -71 -68 -66 -59 -57 -57 -53 -56 -54 -52 -54 -61 -62 -61 -60 -60 -60 -60 -58 -57 -58 -58 -57 -58 -62 -63 -62 -61 -59 -60 -61 -61 -62 -61 -60 -60 -59 -56 -53 -51 -50 -49 -47 -46 -47 -47 -44 -45 -46 -46 -47 -50 -54 -53 -52 -52 -53 -57 -60 -58 -59 -64 -66 -64 -60 -58 -56 -53 -52 -51 -49 -49 -49 -47 -46 -48 -46 -46 -46 -48 -48 -48 -53 -59 -65 -65 -66 -67 -71 -76 -72 -69 -68 -70 -71 -62 -49 -40 -36 -33 -32 -29 -25 -30 -36 -36 -32 -31 -33 -31 -29 -32 -33 -33 -33 -40 -46 -49 -50 -44 -43 -45 -42 -38 -34 -35 -39 -39 -38 0
-18 -14 -10 -12 -14 -15 -15 -16 -15 -11 -11 -11 -11 -10 -7 -6 -6 -7 -7 -6 -5 -3 -1 -1 -2 -6 -10 -12 -15 -17 -16 -16 -13 -12 -11 -11 -10 -11 -11 -12 -12 -12 -13 -13 -13 -14 -13 -15 -16 -18 -19 -17 -15 -13 -12 -14 -14 -15 -16 -17 -17 -20 -22 -26 -29 -34 -40 -46 -51 -54 -56 -58 -55 -56 -61 -67 -71 -75 -80 -80 -79 -76 -73 -74 -74 -73 -74 -73 -73 -75 -76 -77 -78 -77 -75 -73 -67 -62 -55 -52 -52 -55 -58 -57 -55 -58 -64 -64 -62 -63 -62 -63 -62 -60 -58 -59 -59 -61 -61 -63 -63 -61 -58 -57 -61 -65 -67 -67 -67 -64 -65 -63 -63 -61 -59 -55 -51 -47 -45 -42 -40 -38 -41 -43 -43 -44 -48 -54 -55 -54 -52 -53 -56 -59 -62 -66 -69 -68 -65 -61 -58 -56 -53 -51 -48 -46 -45 -44 -42 -41 -45 -45 -45 -44 -46 -48 -48 -49 -55 -67 -71 -69 -68 -69 -74 -72 -67 -62 -64 -65 -54 -39 -31 -31 -32 -30 -27 -21 -17 -30 -36 -32 -29 -29 -29 -25 -29 -30 -33 -37 -42 -44 -49 -54 -55 -53 -50 -46 -44 -41 -40 -41 -40 -44 0
-8 -8 -5 -6 -10 -12 -10 -10 -8 -6 -8 -7 -5 -3 -2 -4 -4 -3 -2 0 1 1 -1 -3 -7 -11 -14 -15 -14 -13 -12 -12 -9 -8 -8 -9 -8 -9 -10 -11 -11 -13 -14 -15 -15 -14 -11 -12 -12 -12 -11 -8 -7 -5 -6 -5 -6 -9 -11 -13 -15 -17 -19 -21 -23 -26 -31 -39 -45 -52 -55 -57 -58 -60 -63 -64 -67 -71 -76 -76 -74 -73 -72 -74 -74 -74 -74 -72 -74 -75 -75 -76 -76 -74 -73 -70 -64 -57 -53 -53 -54 -55 -56 -57 -58 -60 -64 -64 -63 -63 -65 -64 -62 -61 -60 -61 -63 -64 -64 -64 -64 -62 -60 -60 -62 -67 -69 -71 -70 -68 -65 -64 -66 -65 -65 -65 -63 -60 -58 -60 -55 -49 -49 -52 -54 -58 -63 -63 -63 -63 -62 -62 -60 -62 -67 -70 -70 -67 -66 -62 -62 -62 -58 -55 -52 -49 -47 -45 -44 -42 -46 -45 -44 -40 -41 -44 -44 -43 -46 -61 -68 -68 -68 -67 -70 -74 -68 -59 -60 -58 -52 -43 -35 -33 -30 -25 -25 -20 -18 -30 -43 -43 -42 -38 -31 -25 -30 -37 -39 -41 -46 -47 -51 -57 -61 -58 -54 -51 -50 -47 -47 -46 -45 -50 0
5 6 5 5 2 -2 -2 -4 -4 -2 -2 -1 0 0 -1 -1 1 2 3 4 0 -4 -6 -8 -8 -7 -5 -2 -1 0 -2 -4 -6 -6 -8 -8 -8 -9 -8 -7 -6 -8 -10 -11 -10 -8 -6 -9 -8 -7 -4 -3 -3 -3 -3 -2 -5 -7 -9 -12 -13 -15 -16 -17 -18 -19 -23 -28 -34 -43 -51 -55 -58 -61 -63 -62 -63 -64 -68 -69 -67 -68 -69 -71 -73 -73 -71 -71 -73 -72 -71 -72 -74 -72 -68 -66 -63 -57 -52 -53 -54 -50 -51 -52 -55 -58 -62 -62 -63 -64 -66 -67 -65 -65 -64 -63 -67 -70 -67 -66 -67 -66 -67 -68 -69 -69 -72 -74 -73 -74 -73 -70 -69 -66 -60 -60 -65 -67 -69 -75 -76 -69 -70 -73 -75 -79 -82 -73 -71 -72 -71 -71 -69 -68 -71 -70 -69 -67 -68 -67 -67 -68 -65 -60 -57 -54 -52 -49 -47 -46 -47 -46 -45 -38 -37 -41 -42 -40 -41 -49 -54 -57 -62 -61 -64 -74 -71 -60 -54 -47 -45 -50 -49 -40 -31 -24 -28 -28 -29 -47 -67 -73 -68 -58 -45 -39 -41 -46 -46 -46 -45 -50 -53 -57 -60 -60 -56 -54 -52 -49 -48 -49 -49 -50 0
9 9 9 8 6 3 3 2 3 3 4 3 3 3 3 4 7 8 6 1 -2 -2 -1 1 5 7 7 7 6 5 3 1 1 0 -2 -2 1 1 1 0 0 -2 -5 -6 -6 -7 -7 -8 -8 -7 -4 -2 -4 -4 -3 -2 -3 -7 -9 -8 -8 -10 -12 -13 -14 -17 -20 -23 -29 -37 -44 -47 -51 -53 -54 -56 -57 -60 -63 -63 -63 -63 -63 -65 -67 -68 -65 -63 -65 -65 -67 -68 -69 -66 -64 -62 -61 -61 -55 -55 -57 -54 -56 -56 -56 -59 -62 -63 -65 -63 -66 -69 -69 -65 -63 -60 -63 -66 -63 -66 -68 -68 -67 -68 -70 -70 -72 -74 -76 -79 -79 -79 -78 -72 -64 -63 -68 -72 -75 -79 -77 -72 -74 -77 -77 -79 -81 -79 -78 -76 -73 -74 -76 -77 -78 -80 -76 -73 -73 -73 -71 -71 -68 -63 -62 -59 -58 -53 -51 -50 -47 -48 -47 -43 -41 -43 -41 -39 -38 -41 -41 -43 -45 -45 -52 -63 -67 -62 -55 -43 -40 -48 -56 -48 -38 -29 -33 -37 -41 -63 -80 -87 -76 -71 -66 -56 -49 -41 -41 -40 -33 -38 -45 -56 -62 -64 -62 -58 -53 -48 -45 -46 -48 -48 0
9 8 7 5 4 4 6 6 6 8 10 7 6 8 9 13 16 15 12 10 9 10 12 14 16 16 16 15 15 17 16 16 15 13 10 11 12 13 13 11 11 8 7 5 2 1 -4 -3 -4 -2 0 0 1 0 1 1 0 -1 -4 -4 -4 -7 -10 -13 -15 -19 -23 -27 -31 -34 -37 -39 -42 -41 -40 -46 -50 -55 -57 -56 -58 -58 -57 -57 -60 -60 -58 -54 -53 -57 -61 -65 -64 -58 -58 -56 -56 -56 -53 -54 -59 -56 -56 -56 -58 -59 -61 -64 -63 -62 -64 -64 -64 -64 -59 -55 -56 -59 -58 -61 -66 -66 -66 -66 -67 -68 -72 -73 -74 -78 -77 -78 -80 -76 -74 -73 -74 -76 -78 -78 -76 -71 -73 -77 -77 -78 -79 -81 -82 -77 -73 -72 -77 -80 -83 -88 -82 -78 -78 -77 -77 -76 -74 -72 -69 -66 -64 -59 -56 -54 -51 -50 -50 -49 -48 -47 -45 -44 -41 -41 -38 -39 -39 -40 -44 -54 -64 -66 -59 -49 -44 -47 -58 -62 -54 -44 -52 -49 -36 -50 -63 -74 -78 -84 -84 -78 -58 -40 -38 -36 -30 -33 -40 -55 -67 -71 -68 -64 -57 -50 -43 -43 -44 -44 0
7 7 6 6 7 8 9 9 10 12 14 12 13 15 16 17 19 21 20 19 21 21 22 21 21 22 22 23 23 24 23 22 22 21 19 20 20 20 19 18 18 17 14 13 11 9 4 2 1 3 4 4 6 5 5 5 5 4 2 -2 -8 -13 -15 -19 -19 -21 -25 -27 -28 -29 -29 -31 -32 -31 -32 -38 -46 -50 -52 -54 -54 -53 -52 -51 -54 -54 -51 -45 -44 -48 -52 -55 -54 -51 -49 -48 -49 -46 -42 -40 -42 -41 -41 -44 -46 -47 -49 -50 -50 -50 -53 -51 -45 -46 -46 -46 -47 -48 -49 -52 -56 -56 -59 -57 -57 -59 -62 -64 -65 -70 -69 -70 -69 -71 -72 -73 -73 -73 -76 -77 -77 -71 -74 -78 -79 -77 -75 -77 -73 -66 -62 -62 -69 -73 -80 -84 -80 -79 -80 -78 -81 -87 -87 -84 -81 -76 -70 -66 -63 -61 -56 -55 -55 -56 -55 -53 -51 -49 -48 -47 -45 -43 -41 -40 -40 -52 -66 -70 -63 -54 -49 -47 -55 -70 -69 -62 -65 -48 -33 -38 -43 -55 -69 -87 -94 -88 -68 -48 -42 -40 -40 -39 -40 -51 -65 -73 -69 -64 -58 -52 -47 -46 -46 -46 0
7 7 8 8 8 8 9 10 11 13 14 14 16 17 19 20 22 23 24 25 26 25 25 27 27 26 27 27 27 28 26 24 23 23 23 23 23 22 21 20 20 20 18 17 16 15 11 9 8 9 10 9 9 9 9 8 8 5 0 -6 -17 -22 -26 -27 -25 -23 -27 -28 -29 -29 -29 -28 -28 -29 -32 -35 -41 -47 -48 -50 -50 -47 -48 -47 -49 -49 -45 -40 -41 -44 -47 -48 -45 -42 -39 -36 -34 -31 -27 -24 -24 -22 -22 -26 -28 -29 -29 -30 -28 -27 -28 -29 -27 -27 -27 -33 -36 -37 -40 -44 -49 -50 -48 -46 -44 -43 -45 -48 -48 -49 -48 -48 -49 -55 -62 -65 -64 -64 -66 -71 -70 -66 -72 -75 -77 -77 -73 -69 -64 -58 -55 -57 -63 -68 -74 -78 -81 -82 -82 -82 -88 -98 -97 -92 -91 -87 -80 -77 -73 -70 -68 -67 -65 -65 -65 -64 -59 -55 -52 -54 -54 -51 -49 -46 -42 -50 -65 -75 -70 -61 -56 -52 -53 -69 -72 -67 -63 -52 -56 -61 -64 -67 -66 -81 -91 -87 -79 -69 -60 -50 -50 -47 -46 -51 -59 -64 -61 -58 -55 -52 -52 -55 -55 -53 0
8 7 8 8 8 7 8 9 10 12 13 13 13 16 21 23 26 27 28 29 29 29 29 30 30 30 30 30 30 30 28 27 25 25 24 24 24 24 23 23 23 20 19 20 18 17 13 12 11 12 12 11 11 11 10 9 8 6 1 -6 -18 -24 -29 -32 -32 -30 -32 -35 -35 -34 -33 -31 -31 -33 -37 -39 -43 -45 -44 -44 -45 -44 -44 -44 -47 -48 -44 -41 -41 -42 -42 -41 -37 -33 -29 -28 -30 -28 -25 -24 -23 -21 -20 -22 -25 -25 -23 -23 -24 -24 -24 -23 -24 -22 -20 -26 -25 -26 -30 -33 -32 -33 -30 -29 -26 -25 -27 -29 -30 -31 -31 -31 -31 -36 -41 -40 -41 -42 -46 -55 -57 -58 -63 -64 -66 -70 -72 -66 -64 -63 -61 -61 -64 -68 -74 -76 -80 -82 -82 -83 -90 -100 -98 -93 -95 -95 -94 -88 -84 -82 -82 -78 -75 -74 -76 -75 -68 -62 -57 -60 -60 -56 -51 -47 -45 -49 -63 -75 -73 -64 -60 -58 -56 -66 -69 -64 -56 -56 -65 -67 -71 -69 -61 -64 -73 -71 -73 -74 -67 -56 -50 -47 -49 -51 -58 -61 -56 -55 -53 -51 -61 -66 -62 -60 0
8 7 9 9 8 5 6 5 6 10 13 14 14 17 23 24 27 29 29 29 30 31 31 30 30 30 29 29 29 28 27 28 26 26 25 25 25 25 24 23 22 21 18 19 18 17 15 14 14 14 14 13 13 12 10 11 11 10 8 5 -1 -9 -18 -24 -29 -34 -36 -39 -41 -39 -39 -36 -36 -39 -42 -44 -45 -45 -43 -42 -44 -44 -44 -45 -48 -50 -46 -45 -43 -43 -43 -41 -34 -31 -29 -29 -33 -34 -31 -29 -29 -29 -28 -28 -30 -30 -29 -27 -29 -30 -29 -27 -25 -24 -24 -26 -23 -21 -25 -24 -23 -24 -22 -20 -18 -18 -18 -20 -23 -28 -30 -31 -30 -34 -33 -31 -32 -33 -36 -42 -45 -48 -53 -57 -63 -66 -69 -68 -69 -70 -68 -69 -70 -71 -73 -74 -77 -78 -78 -77 -81 -91 -91 -89 -87 -93 -100 -96 -93 -91 -94 -86 -80 -83 -82 -78 -74 -69 -66 -64 -60 -54 -50 -48 -50 -54 -63 -73 -74 -70 -64 -63 -60 -65 -68 -66 -53 -51 -53 -54 -57 -61 -61 -58 -58 -60 -67 -66 -62 -53 -47 -48 -51 -52 -58 -59 -53 -51 -52 -54 -65 -74 -72 -72 0
6 6 8 8 7 5 6 5 7 10 13 15 17 20 22 22 24 25 25 27 29 29 32 31 29 29 31 30 30 30 29 29 29 29 28 28 28 29 27 25 24 23 21 20 20 19 18 18 18 18 17 16 15 15 13 11 12 12 11 11 8 3 -3 -9 -16 -22 -26 -33 -37 -37 -39 -39 -39 -40 -40 -41 -43 -43 -41 -41 -41 -41 -44 -43 -43 -45 -46 -43 -40 -40 -39 -38 -35 -35 -37 -35 -36 -36 -34 -33 -32 -35 -35 -35 -36 -36 -34 -33 -31 -30 -31 -31 -27 -29 -31 -31 -29 -27 -28 -30 -30 -29 -26 -26 -26 -27 -27 -28 -29 -33 -35 -35 -38 -41 -41 -41 -41 -39 -39 -43 -45 -49 -51 -54 -62 -66 -69 -66 -70 -68 -68 -70 -75 -75 -75 -71 -77 -78 -78 -76 -76 -80 -79 -77 -74 -77 -86 -88 -92 -90 -95 -91 -85 -91 -88 -81 -80 -79 -78 -69 -62 -60 -61 -62 -64 -70 -75 -76 -80 -80 -74 -75 -74 -77 -80 -77 -67 -54 -47 -46 -46 -49 -54 -57 -57 -60 -64 -67 -67 -62 -58 -54 -52 -56 -59 -63 -62 -56 -55 -57 -65 -76 -81 -86 0
5 6 7 6 4 2 3 5 7 10 11 14 15 18 19 20 22 21 23 25 27 28 31 32 29 28 31 32 30 31 31 30 31 30 31 31 31 29 29 27 26 26 24 22 22 21 20 20 20 19 19 18 17 17 16 13 12 13 11 10 8 3 -1 -7 -13 -17 -22 -29 -34 -35 -37 -39 -40 -40 -39 -40 -42 -43 -40 -40 -41 -41 -43 -41 -39 -42 -46 -42 -38 -38 -38 -37 -39 -42 -44 -43 -42 -41 -39 -36 -36 -39 -39 -40 -40 -40 -39 -38 -37 -35 -35 -33 -31 -34 -36 -37 -37 -38 -37 -41 -43 -39 -37 -38 -40 -41 -41 -40 -41 -41 -43 -44 -44 -47 -49 -49 -49 -45 -43 -44 -48 -52 -53 -54 -59 -63 -67 -64 -66 -66 -66 -68 -73 -74 -74 -68 -74 -75 -75 -72 -73 -75 -74 -72 -71 -72 -75 -82 -86 -84 -83 -79 -79 -83 -83 -80 -81 -81 -80 -73 -73 -73 -75 -77 -78 -88 -92 -85 -85 -87 -85 -88 -92 -92 -91 -90 -81 -65 -53 -50 -46 -49 -54 -58 -61 -63 -65 -70 -74 -73 -74 -66 -62 -65 -69 -77 -80 -66 -61 -60 -65 -70 -75 -79 0
6 6 6 4 3 2 3 4 5 8 10 12 14 17 17 18 20 20 22 24 26 27 30 32 29 28 30 32 31 32 32 31 31 32 32 32 31 30 31 30 29 28 27 24 23 21 22 22 22 21 20 20 20 19 19 16 14 10 5 1 -4 -4 -9 -16 -21 -24 -29 -34 -35 -36 -38 -39 -41 -38 -37 -39 -41 -41 -38 -41 -43 -41 -42 -42 -41 -42 -45 -41 -39 -40 -41 -42 -42 -43 -45 -45 -46 -47 -44 -43 -43 -43 -43 -44 -45 -45 -45 -45 -45 -44 -44 -41 -39 -40 -41 -40 -41 -42 -44 -47 -49 -48 -46 -47 -49 -51 -50 -49 -55 -55 -54 -55 -56 -54 -54 -54 -55 -53 -50 -52 -56 -60 -57 -55 -59 -61 -62 -61 -62 -64 -63 -64 -65 -68 -69 -66 -68 -69 -70 -70 -71 -70 -70 -72 -72 -71 -73 -80 -81 -80 -74 -70 -71 -72 -75 -77 -77 -79 -82 -82 -82 -85 -86 -86 -88 -99 -99 -93 -93 -92 -90 -94 -100 -102 -100 -97 -89 -77 -67 -64 -58 -57 -65 -67 -67 -68 -70 -76 -77 -79 -81 -79 -79 -82 -88 -93 -93 -78 -71 -67 -66 -65 -69 -68 0
7 6 4 3 2 1 4 4 5 6 8 10 12 15 17 18 20 21 22 23 25 26 29 34 31 27 26 29 32 32 33 32 32 33 32 32 32 32 30 30 29 27 27 26 23 21 22 22 23 23 22 21 22 23 23 22 20 16 8 -5 -16 -18 -21 -22 -21 -22 -26 -31 -34 -36 -39 -39 -40 -38 -37 -37 -39 -40 -37 -40 -42 -41 -43 -43 -43 -42 -43 -41 -39 -41 -42 -42 -43 -44 -45 -46 -48 -48 -45 -46 -46 -44 -44 -44 -44 -45 -47 -49 -49 -49 -49 -46 -44 -45 -46 -45 -43 -44 -45 -45 -45 -44 -43 -46 -47 -50 -49 -47 -53 -54 -53 -57 -60 -58 -58 -59 -60 -59 -58 -58 -60 -63 -60 -58 -61 -62 -63 -64 -64 -63 -64 -62 -59 -62 -65 -65 -64 -65 -64 -67 -66 -65 -69 -71 -72 -69 -70 -73 -74 -75 -69 -66 -68 -69 -72 -78 -76 -79 -80 -81 -82 -83 -85 -87 -88 -93 -92 -90 -91 -89 -86 -86 -91 -99 -100 -96 -91 -85 -81 -80 -76 -71 -76 -76 -75 -74 -77 -81 -80 -81 -83 -87 -89 -91 -91 -92 -98 -91 -83 -77 -73 -70 -73 -71 0
12 10 5 5 3 0 2 2 4 7 9 12 12 14 17 17 20 21 21 22 25 27 29 33 31 26 34 33 29 31 34 33 33 33 33 34 33 33 31 30 29 28 27 25 24 24 23 23 24 24 23 21 22 23 23 25 22 19 14 3 -14 -20 -23 -21 -18 -19 -21 -26 -30 -32 -33 -34 -36 -34 -35 -35 -36 -39 -39 -40 -41 -42 -43 -43 -44 -44 -44 -42 -42 -41 -41 -42 -44 -44 -45 -46 -48 -50 -48 -46 -45 -43 -43 -43 -42 -43 -45 -46 -48 -49 -47 -44 -43 -44 -45 -46 -45 -44 -44 -41 -38 -39 -39 -40 -43 -45 -45 -44 -44 -46 -49 -52 -55 -58 -58 -59 -59 -58 -60 -59 -61 -62 -60 -60 -62 -63 -62 -63 -66 -64 -64 -60 -57 -59 -61 -62 -61 -61 -63 -63 -64 -64 -68 -70 -71 -69 -70 -72 -72 -71 -69 -71 -72 -71 -72 -76 -76 -77 -79 -77 -77 -78 -80 -80 -83 -85 -82 -81 -79 -80 -78 -80 -79 -85 -87 -89 -86 -83 -82 -81 -79 -76 -81 -85 -83 -80 -81 -86 -85 -85 -85 -85 -87 -84 -81 -86 -101 -103 -97 -91 -92 -92 -82 -78 0
23 15 10 12 7 1 1 -1 4 9 12 14 16 17 17 18 19 19 21 22 23 27 29 31 26 22 43 45 31 29 29 31 35 34 36 35 34 37 35 32 31 29 27 26 25 25 26 26 25 25 24 22 22 22 22 21 19 17 15 10 -2 -12 -18 -21 -20 -21 -21 -23 -24 -27 -28 -30 -31 -30 -33 -35 -36 -38 -39 -40 -42 -42 -43 -44 -45 -45 -43 -40 -40 -40 -39 -40 -42 -42 -43 -44 -47 -48 -47 -45 -44 -43 -43 -43 -42 -42 -43 -44 -47 -50 -48 -45 -43 -44 -46 -43 -43 -42 -42 -41 -38 -39 -41 -42 -43 -43 -43 -42 -43 -46 -48 -49 -51 -55 -57 -58 -58 -58 -61 -60 -62 -62 -61 -62 -63 -62 -61 -63 -61 -61 -61 -61 -59 -55 -58 -61 -59 -59 -62 -64 -66 -65 -67 -68 -68 -68 -70 -72 -71 -68 -73 -75 -77 -76 -74 -76 -77 -78 -78 -77 -75 -76 -78 -79 -79 -79 -77 -77 -75 -78 -79 -79 -77 -81 -84 -85 -82 -80 -81 -80 -80 -81 -88 -90 -89 -88 -91 -93 -90 -84 -76 -69 -68 -72 -70 -74 -99 -109 -107 -101 -105 -104 -96 -94 0
34 25 17 16 9 3 4 6 9 15 18 19 19 18 19 19 21 20 22 24 24 25 22 23 24 24 44 50 45 37 28 27 26 33 37 37 37 38 37 36 35 33 31 28 27 28 28 27 26 26 25 24 24 24 24 21 20 19 18 17 14 10 2 -6 -14 -20 -20 -18 -19 -22 -23 -26 -27 -28 -31 -33 -35 -37 -39 -40 -41 -42 -42 -44 -47 -44 -38 -36 -36 -35 -35 -35 -38 -40 -42 -42 -44 -43 -43 -43 -42 -42 -42 -42 -41 -39 -38 -41 -45 -48 -46 -44 -40 -41 -42 -39 -38 -38 -39 -42 -45 -46 -48 -48 -47 -46 -45 -44 -45 -47 -50 -52 -52 -54 -55 -55 -58 -58 -61 -60 -61 -60 -61 -62 -62 -60 -61 -62 -63 -63 -62 -64 -62 -56 -56 -60 -57 -57 -59 -63 -67 -66 -66 -66 -64 -67 -72 -75 -70 -70 -73 -77 -80 -77 -74 -75 -78 -77 -79 -78 -78 -80 -84 -84 -85 -82 -81 -81 -78 -81 -84 -82 -81 -83 -89 -88 -85 -78 -76 -77 -81 -85 -87 -88 -90 -93 -95 -96 -91 -81 -67 -59 -53 -61 -65 -69 -97 -109 -111 -109 -109 -104 -101 -95 0
39 32 25 23 19 15 16 15 14 19 23 25 24 21 19 19 19 18 21 27 29 28 26 19 19 30 46 55 52 45 37 40 33 27 31 35 37 38 36 37 36 35 34 31 30 31 31 29 26 26 25 24 23 23 23 22 21 20 22 22 20 22 21 19 9 1 -5 -8 -11 -14 -15 -21 -24 -25 -30 -32 -32 -35 -37 -37 -39 -40 -39 -39 -41 -39 -33 -27 -25 -22 -21 -21 -25 -27 -30 -32 -32 -30 -32 -32 -32 -31 -31 -31 -29 -26 -24 -28 -33 -32 -31 -27 -23 -22 -21 -21 -21 -24 -26 -34 -44 -47 -51 -52 -48 -49 -50 -48 -50 -53 -52 -55 -56 -55 -54 -53 -55 -59 -61 -60 -60 -58 -60 -61 -61 -60 -61 -61 -63 -62 -61 -64 -63 -58 -56 -58 -57 -58 -60 -63 -66 -65 -64 -64 -62 -68 -70 -73 -70 -69 -72 -73 -75 -73 -71 -74 -75 -76 -80 -80 -82 -81 -81 -84 -87 -83 -82 -83 -82 -84 -86 -86 -82 -83 -91 -87 -83 -77 -77 -79 -81 -83 -84 -86 -88 -94 -98 -97 -92 -79 -69 -59 -55 -63 -71 -80 -101 -109 -110 -114 -108 -100 -92 -86 0
28 26 28 29 29 28 25 19 18 23 27 29 27 23 18 17 17 18 20 28 35 33 31 21 15 29 46 58 56 44 44 52 50 41 33 32 32 33 35 37 38 36 34 33 32 29 23 19 17 18 22 26 24 22 20 20 22 23 26 26 24 27 29 29 28 23 15 9 1 -2 -6 -12 -18 -22 -26 -26 -27 -27 -31 -28 -27 -22 -19 -15 -13 -14 -14 -9 -5 -2 0 1 -2 -6 -8 -9 -9 -9 -12 -12 -16 -16 -13 -10 -7 -6 -8 -8 -9 -6 -5 -2 1 3 2 3 2 0 -5 -12 -23 -32 -40 -42 -36 -39 -43 -41 -41 -46 -46 -51 -56 -59 -57 -56 -58 -61 -60 -59 -62 -64 -62 -60 -60 -61 -61 -60 -61 -61 -58 -60 -59 -60 -59 -53 -56 -58 -59 -63 -63 -58 -59 -63 -65 -64 -65 -66 -64 -63 -68 -70 -70 -67 -70 -73 -68 -70 -74 -74 -73 -73 -74 -73 -75 -76 -77 -80 -81 -80 -78 -81 -83 -79 -82 -81 -78 -77 -84 -83 -80 -78 -86 -85 -81 -85 -94 -94 -81 -72 -71 -67 -63 -75 -85 -96 -104 -103 -100 -100 -93 -87 -75 -72 0
23 26 29 31 32 31 29 23 22 26 28 28 28 25 19 19 21 22 24 32 33 32 32 25 18 31 46 57 54 42 46 54 57 57 51 46 40 33 34 35 34 32 31 32 28 22 16 17 19 22 25 27 26 22 20 21 24 25 25 22 18 19 21 23 26 25 21 15 8 4 1 -2 -7 -14 -15 -15 -17 -17 -18 -9 -3 4 8 8 9 8 8 8 8 9 9 10 8 4 3 1 1 0 -2 -3 -6 -6 -3 -2 0 2 1 1 3 6 7 7 8 9 11 9 9 8 4 3 -1 -7 -10 -12 -11 -15 -20 -19 -17 -21 -28 -35 -44 -55 -56 -56 -61 -64 -59 -59 -61 -64 -64 -64 -62 -62 -62 -59 -59 -60 -60 -59 -58 -60 -61 -55 -57 -59 -59 -61 -64 -61 -61 -64 -67 -64 -62 -63 -59 -60 -64 -67 -67 -63 -69 -71 -65 -68 -72 -73 -71 -73 -74 -72 -72 -72 -73 -77 -79 -79 -75 -78 -82 -77 -79 -83 -80 -80 -83 -81 -80 -79 -85 -83 -79 -82 -87 -88 -76 -68 -74 -72 -69 -81 -88 -92 -91 -87 -86 -83 -80 -75 -68 -68 0
19 20 25 27 27 23 22 20 19 20 22 23 24 22 19 20 24 26 36 45 38 29 28 28 25 34 45 53 52 48 47 53 60 64 63 60 57 41 30 30 29 28 30 32 26 22 18 16 18 21 22 24 24 23 21 17 16 14 11 8 2 2 3 6 14 17 18 16 12 9 7 7 5 3 3 4 4 5 8 13 17 20 21 20 20 20 20 20 19 20 21 20 15 12 10 7 6 5 2 -1 -3 -3 -1 -1 1 4 7 8 9 11 12 13 15 19 21 19 17 18 16 15 15 15 14 13 11 7 3 4 5 3 -2 -11 -21 -37 -47 -52 -60 -65 -60 -61 -63 -64 -63 -64 -62 -61 -62 -61 -59 -59 -59 -60 -62 -65 -61 -60 -58 -59 -60 -62 -67 -65 -65 -67 -69 -64 -61 -63 -61 -63 -62 -64 -66 -63 -69 -70 -66 -67 -72 -70 -69 -69 -69 -70 -72 -72 -74 -75 -78 -77 -75 -75 -78 -75 -77 -84 -83 -82 -82 -79 -77 -78 -81 -81 -79 -80 -83 -86 -75 -71 -76 -76 -75 -80 -84 -82 -77 -75 -75 -74 -76 -73 -68 -70 0
5 8 12 11 9 6 8 9 8 7 11 13 14 15 17 19 22 29 46 56 52 35 25 29 30 35 43 50 49 49 45 51 62 66 67 65 63 48 29 26 25 26 30 32 25 18 14 15 15 14 14 15 16 14 13 8 6 7 8 10 8 7 6 5 5 7 8 11 12 13 14 15 13 13 12 13 14 15 19 21 23 26 27 25 26 26 26 27 28 29 30 30 26 23 19 17 14 11 8 3 2 1 1 3 5 6 8 10 13 16 18 21 22 23 26 26 26 28 27 26 25 24 24 25 23 18 13 14 15 16 12 4 -3 -14 -24 -35 -51 -61 -56 -60 -64 -61 -60 -62 -59 -60 -61 -59 -58 -59 -60 -61 -63 -66 -65 -60 -58 -60 -61 -61 -65 -66 -68 -68 -68 -64 -64 -65 -67 -67 -65 -65 -67 -69 -70 -71 -68 -67 -71 -71 -70 -72 -73 -71 -73 -76 -75 -73 -76 -80 -74 -73 -78 -74 -78 -82 -90 -86 -77 -76 -74 -78 -78 -75 -76 -78 -79 -82 -77 -77 -78 -77 -76 -79 -79 -76 -70 -73 -73 -72 -76 -74 -68 -69 0
-16 -13 -11 -12 -13 -14 -12 -11 -9 -12 -10 -4 1 5 12 16 19 29 48 60 61 50 31 30 37 39 44 49 49 46 47 52 63 68 70 67 62 49 29 23 21 22 25 25 18 12 12 12 11 9 9 12 12 12 12 9 12 15 17 20 19 18 15 13 8 6 7 10 10 12 17 18 18 16 13 14 14 15 18 19 21 22 24 24 25 25 28 29 31 32 34 34 30 28 27 26 24 21 18 15 11 8 7 9 12 12 15 16 18 21 22 23 23 25 26 28 29 31 32 28 24 25 27 28 24 19 16 13 12 13 9 4 1 0 -7 -19 -39 -52 -54 -60 -64 -59 -58 -61 -59 -61 -61 -59 -60 -59 -59 -60 -62 -64 -63 -60 -59 -61 -61 -59 -62 -64 -64 -63 -63 -65 -66 -65 -66 -64 -65 -67 -69 -73 -72 -70 -69 -69 -72 -74 -75 -74 -74 -74 -74 -79 -78 -76 -79 -81 -77 -73 -75 -76 -75 -78 -102 -92 -74 -72 -75 -78 -76 -75 -76 -75 -76 -79 -77 -78 -80 -78 -77 -82 -79 -73 -73 -75 -75 -75 -75 -72 -69 -69 0
-21 -18 -16 -14 -13 -14 -14 -11 -8 -11 -14 -13 -8 -4 10 22 24 30 47 61 65 54 36 37 48 50 47 46 48 45 50 52 61 67 70 68 63 48 25 18 15 14 16 14 11 8 8 8 8 7 8 12 15 15 16 18 21 24 26 28 27 24 22 20 16 14 14 14 13 14 17 18 20 19 18 19 19 20 23 24 24 24 26 28 29 30 30 30 30 33 36 36 33 31 29 27 25 24 21 20 18 13 13 15 18 19 19 20 20 20 21 24 24 27 28 29 30 30 30 26 23 23 25 27 26 22 17 16 15 13 8 4 0 1 -5 -17 -36 -50 -51 -58 -61 -56 -57 -61 -62 -62 -61 -60 -57 -57 -59 -58 -59 -62 -59 -57 -62 -61 -59 -58 -60 -61 -60 -59 -59 -61 -60 -57 -55 -52 -59 -59 -63 -66 -70 -72 -69 -71 -72 -75 -77 -77 -75 -76 -80 -81 -79 -78 -83 -82 -76 -75 -76 -79 -74 -77 -99 -91 -73 -69 -73 -79 -76 -75 -77 -78 -75 -76 -77 -77 -81 -78 -80 -86 -83 -72 -73 -74 -74 -75 -74 -73 -71 -69 0
-12 -10 -9 -6 -5 -5 -5 -2 1 0 -1 -1 1 2 13 27 30 32 46 59 61 46 37 41 51 54 52 47 47 46 50 52 60 63 66 65 63 53 38 20 8 5 7 7 5 4 6 8 9 9 13 16 18 19 22 25 27 29 33 32 27 26 24 22 21 20 19 18 16 15 17 21 24 26 28 29 30 30 35 35 34 34 35 36 37 38 37 36 35 37 38 38 36 33 31 28 27 28 25 23 23 19 18 18 18 19 18 17 19 22 22 24 24 25 27 29 29 29 29 28 28 26 25 25 25 21 16 16 18 16 11 6 3 -1 -10 -21 -39 -52 -52 -59 -60 -55 -56 -60 -60 -60 -60 -57 -55 -58 -57 -60 -59 -60 -58 -55 -61 -62 -60 -58 -58 -57 -57 -54 -53 -47 -41 -35 -27 -25 -39 -47 -53 -56 -63 -71 -67 -68 -71 -77 -80 -80 -78 -82 -85 -83 -80 -81 -86 -88 -80 -80 -77 -77 -75 -78 -83 -83 -72 -67 -72 -80 -79 -79 -82 -81 -75 -73 -79 -82 -84 -77 -81 -86 -83 -73 -67 -71 -73 -76 -79 -75 -74 -73 0
-2 -1 0 -1 -3 -3 0 0 -2 -1 0 -1 -1 3 18 27 30 34 46 57 56 46 43 45 55 60 60 54 50 45 48 53 60 64 65 67 66 63 54 24 9 7 4 3 4 5 10 11 15 17 20 19 20 23 25 28 26 22 22 23 25 26 24 23 23 22 21 20 19 18 18 20 27 31 32 33 34 36 38 38 38 36 36 39 38 38 38 36 35 35 36 37 34 31 29 27 29 31 28 26 24 24 23 23 21 21 16 14 12 15 19 24 27 27 26 28 29 31 31 30 27 23 21 20 21 19 14 11 11 12 7 2 -2 -8 -17 -29 -43 -52 -53 -56 -59 -56 -56 -56 -58 -60 -61 -58 -58 -60 -60 -61 -59 -59 -61 -57 -57 -60 -59 -57 -53 -46 -43 -37 -31 -18 -8 -4 0 -1 -8 -13 -16 -23 -37 -45 -50 -59 -69 -73 -77 -84 -78 -78 -84 -80 -79 -79 -84 -84 -81 -83 -83 -78 -76 -81 -82 -82 -76 -73 -77 -81 -82 -80 -80 -80 -77 -77 -76 -77 -84 -80 -78 -80 -78 -74 -74 -73 -70 -74 -76 -75 -76 -73 0
-2 1 2 -4 -8 -7 -5 -6 -12 -14 -11 -10 -10 0 18 26 30 35 46 55 54 47 48 49 56 62 64 61 53 46 49 56 60 64 67 70 69 62 50 29 20 18 14 8 10 12 13 16 22 26 24 18 19 20 17 18 16 12 10 10 14 17 17 19 21 21 21 19 18 18 14 15 22 30 33 34 36 37 39 38 37 34 33 34 33 33 34 35 35 34 36 37 35 31 29 29 31 31 30 27 24 24 23 21 20 21 19 14 9 7 10 18 26 27 23 22 22 23 22 22 18 14 11 9 13 13 9 6 2 2 -3 -8 -12 -17 -23 -33 -41 -48 -52 -52 -52 -51 -53 -54 -56 -60 -63 -60 -58 -57 -58 -57 -56 -59 -57 -54 -52 -53 -54 -56 -52 -45 -38 -26 -17 -5 1 4 7 8 11 11 11 9 2 -6 -15 -36 -60 -71 -78 -86 -81 -77 -79 -75 -74 -76 -80 -78 -76 -81 -86 -78 -74 -90 -90 -82 -82 -80 -84 -83 -85 -83 -77 -78 -78 -81 -73 -74 -84 -79 -75 -76 -74 -77 -81 -77 -72 -73 -72 -73 -74 -74 0
-10 -6 -2 -9 -13 -10 -5 -5 -7 -10 -10 -10 -8 1 15 23 29 33 42 53 54 46 49 51 58 62 59 59 54 46 51 58 64 66 67 69 68 55 40 38 34 31 25 17 14 17 18 21 24 25 22 18 15 15 17 15 13 10 9 6 6 7 9 13 15 17 16 16 17 17 14 14 16 28 38 39 40 40 39 38 38 35 32 30 32 34 34 38 38 38 39 39 36 34 31 31 33 33 31 29 28 24 20 20 19 17 15 11 8 3 -1 1 6 7 5 4 3 2 1 3 5 4 4 5 0 1 0 -2 -4 -6 -10 -13 -17 -16 -19 -23 -28 -35 -45 -47 -46 -45 -46 -50 -52 -55 -58 -57 -55 -53 -50 -47 -43 -46 -42 -36 -35 -36 -35 -38 -45 -42 -38 -30 -24 -13 -5 1 6 11 19 22 23 22 17 9 4 -11 -39 -67 -78 -82 -82 -76 -69 -66 -64 -70 -68 -63 -63 -68 -74 -73 -73 -90 -94 -80 -80 -82 -85 -85 -85 -82 -78 -79 -81 -81 -73 -74 -83 -79 -76 -76 -73 -76 -83 -79 -76 -76 -77 -80 -79 -79 0
-10 -4 -3 -10 -11 -5 -3 -2 -3 -5 -4 -5 -2 5 14 22 27 33 39 50 53 49 50 54 61 61 45 41 44 47 51 60 63 66 64 62 58 47 43 47 47 48 37 25 19 20 23 22 22 18 15 14 14 17 16 12 11 11 10 7 4 4 5 7 9 11 11 11 13 17 15 15 21 31 34 34 38 37 33 31 31 31 29 28 28 30 31 33 31 32 33 34 31 30 28 27 28 27 25 21 21 18 12 14 15 13 13 11 9 5 -3 -6 -5 -4 -2 -6 -6 -7 -9 -7 -5 -2 1 2 -5 -1 1 2 2 3 1 -2 -4 0 1 0 -2 -13 -25 -26 -27 -30 -30 -33 -38 -39 -42 -40 -32 -31 -26 -18 -17 -20 -11 1 3 1 -1 -7 -14 -8 -7 -13 -19 -20 -15 -5 7 17 27 32 34 35 30 21 15 4 -10 -26 -40 -48 -46 -40 -40 -37 -36 -40 -39 -34 -35 -42 -46 -51 -58 -74 -78 -73 -78 -78 -81 -81 -83 -81 -78 -79 -86 -81 -77 -72 -78 -79 -75 -74 -75 -76 -81 -76 -74 -76 -80 -83 -80 -78 0
12 24 27 7 -8 -10 -5 0 3 4 6 3 3 5 13 20 24 34 40 47 52 51 51 53 61 60 42 33 32 39 49 59 61 58 52 43 40 39 47 52 52 55 53 37 23 24 26 23 20 14 13 14 14 16 14 12 14 13 11 10 11 12 14 13 11 9 8 8 9 14 13 14 17 18 18 24 29 29 21 19 21 19 17 17 18 18 20 16 14 16 21 21 15 12 11 9 8 7 10 9 10 12 9 10 17 20 19 14 9 7 4 1 2 6 10 7 6 2 0 1 0 4 9 7 3 7 12 18 19 16 15 15 14 17 18 19 19 10 1 5 7 1 -3 -7 -11 -10 -11 -8 -1 2 4 5 5 1 2 13 12 8 5 5 9 22 23 15 7 3 4 12 19 29 34 37 43 46 40 31 26 18 10 8 5 0 -2 -4 -8 -6 -6 -10 -12 -12 -11 -13 -17 -21 -28 -47 -52 -57 -69 -70 -72 -78 -84 -81 -79 -83 -86 -82 -87 -73 -73 -76 -78 -76 -77 -76 -81 -77 -75 -77 -80 -78 -78 -77 0
37 43 51 36 10 -8 -6 13 18 26 29 16 10 14 17 21 25 34 40 46 47 51 50 49 50 43 40 40 37 33 42 56 58 48 39 41 41 45 49 54 58 61 61 50 26 19 20 16 13 12 13 13 14 15 16 16 16 14 13 14 19 23 24 25 19 15 12 8 10 13 8 5 5 6 4 7 10 11 9 8 8 11 15 21 24 22 19 13 11 8 6 6 5 3 5 3 2 2 5 6 11 20 19 18 27 30 31 29 21 19 22 22 18 25 30 27 20 14 11 12 9 9 11 13 13 15 21 30 35 33 29 30 28 24 25 26 26 24 18 22 26 25 19 12 11 14 14 14 16 17 17 11 8 5 5 10 10 8 7 10 21 33 32 28 20 13 17 26 32 34 32 32 38 41 40 36 32 28 21 11 9 7 6 9 12 16 16 11 5 2 2 -1 -8 -10 -8 -19 -23 -29 -43 -51 -56 -61 -72 -75 -80 -86 -82 -80 -93 -79 -71 -77 -80 -79 -79 -76 -81 -77 -77 -80 -80 -77 -79 -80 0
42 45 55 50 30 2 4 30 42 50 50 36 26 26 21 22 27 35 40 45 47 49 44 37 35 36 41 48 47 35 32 48 53 43 47 54 46 47 52 57 65 68 65 56 24 8 5 8 9 13 15 16 17 17 15 15 14 14 17 18 20 23 25 27 23 20 16 12 11 13 12 8 5 6 5 9 13 15 13 10 13 18 24 30 31 30 31 23 10 10 13 15 16 13 9 9 8 11 16 16 23 34 36 29 25 27 32 37 30 33 40 36 30 37 42 41 34 24 18 16 15 15 16 19 21 23 23 27 33 37 37 36 35 30 28 24 28 27 24 22 25 29 29 23 21 24 25 24 23 18 14 13 7 5 7 10 11 12 16 13 19 27 24 19 16 13 17 24 30 34 34 26 22 21 28 37 28 22 21 8 6 4 3 6 16 22 22 19 17 15 13 6 -3 -6 1 -4 -8 -10 -20 -27 -35 -41 -51 -58 -66 -75 -77 -76 -82 -81 -73 -78 -82 -82 -80 -80 -82 -77 -77 -81 -83 -85 -89 -93 0
46 42 50 55 37 20 19 33 45 57 56 51 43 30 23 24 30 38 41 41 42 41 38 38 41 43 45 53 54 45 37 40 43 42 50 55 50 49 55 59 66 70 69 59 24 5 1 3 5 8 9 10 12 12 10 12 16 22 26 27 23 21 21 21 19 17 15 14 13 13 9 7 8 15 20 21 21 22 19 20 22 26 28 29 30 31 32 22 15 21 27 27 29 25 16 15 19 26 32 34 37 44 45 42 38 36 36 36 37 43 45 39 34 40 45 42 36 28 24 26 28 26 22 22 21 21 22 21 22 24 31 35 36 38 34 27 27 28 27 22 20 25 28 24 21 24 27 26 20 12 9 8 7 6 7 13 21 19 17 13 11 18 17 12 11 15 14 16 18 20 21 17 12 7 10 19 15 13 14 13 16 12 5 0 4 11 10 9 12 16 13 9 0 -3 6 5 0 -1 -6 -14 -21 -28 -37 -42 -46 -54 -63 -64 -72 -81 -73 -75 -81 -80 -77 -78 -81 -79 -80 -83 -87 -88 -95 -102 0
61 53 48 45 41 42 36 40 46 45 46 52 47 34 25 26 32 37 38 35 36 33 35 42 47 46 46 55 62 57 52 48 41 40 50 51 49 54 57 61 68 73 72 64 44 27 5 -2 0 2 1 1 4 8 8 11 16 25 31 35 32 29 28 26 23 21 20 19 19 19 16 17 21 28 30 27 24 24 27 30 33 36 37 34 32 28 22 13 17 28 36 37 35 33 28 26 31 35 38 43 45 46 47 48 49 49 47 44 42 44 44 44 44 44 45 37 35 36 32 31 31 32 29 27 26 24 22 19 22 25 23 24 31 38 36 35 30 30 28 24 17 15 15 11 8 16 20 13 12 16 20 19 14 10 15 25 34 33 24 17 9 16 19 7 5 10 13 15 18 15 15 18 16 14 10 6 8 11 12 22 27 24 13 0 -1 -4 -6 -3 -4 -8 -10 -11 -10 -4 3 6 6 3 -3 -10 -14 -24 -32 -32 -24 -15 -20 -20 -31 -50 -44 -55 -67 -55 -57 -81 -78 -76 -89 -81 -84 -81 -81 -84 0
59 58 46 38 43 51 45 49 55 46 50 52 53 42 31 29 34 35 35 38 34 33 35 41 45 46 47 55 65 64 61 57 47 43 49 49 49 54 57 64 71 75 73 67 54 44 28 13 14 20 11 5 7 12 14 15 13 17 21 26 27 28 29 30 28 27 27 27 28 25 23 25 27 30 29 28 26 26 32 36 38 40 39 32 24 15 11 13 22 31 40 42 40 37 36 33 34 37 41 44 47 47 49 51 54 54 52 50 49 47 47 47 48 44 41 37 36 38 34 32 32 31 30 30 28 25 24 20 17 22 21 20 23 27 34 37 30 28 28 24 18 11 9 8 6 6 9 6 10 21 26 27 19 14 21 30 38 40 32 20 10 12 14 13 11 14 20 24 29 30 28 28 28 25 22 16 12 14 16 18 17 18 14 6 0 -5 -2 2 -1 -10 -14 -16 -15 -8 -2 2 3 1 -9 -11 -12 -25 -29 -20 -10 -2 4 8 -2 -18 -17 -28 -34 -24 -30 -68 -60 -58 -82 -71 -74 -66 -55 -55 0
51 51 43 38 39 46 48 57 64 56 55 61 63 54 41 37 38 35 34 36 36 38 38 40 44 43 45 53 62 65 63 60 54 47 47 48 49 54 57 65 70 75 77 70 58 49 45 33 31 42 24 9 11 14 22 23 24 22 20 25 29 28 28 29 27 28 29 32 33 26 25 26 27 28 28 27 27 28 33 36 39 41 34 18 14 13 8 15 26 32 37 40 36 34 33 30 29 34 40 42 47 49 51 51 54 51 47 48 46 44 40 36 36 35 34 33 31 34 36 37 39 36 32 34 34 29 22 17 14 13 16 19 20 20 26 30 26 23 23 20 16 12 13 14 5 0 4 6 8 14 20 20 13 15 24 31 38 42 34 17 8 8 16 22 24 26 28 30 36 40 39 34 32 27 25 25 21 19 19 14 10 10 11 12 2 -4 -3 4 6 2 -1 -8 -15 -18 -12 -9 -8 -4 -13 -11 -5 -17 -22 -10 0 2 12 17 10 -1 -7 -12 -11 -6 -14 -46 -35 -33 -64 -55 -57 -49 -36 -31 0
0 0 0 0 0 0 0 0 0 0 0 0 0 0 0 0 0 0 0 0 0 0 0 0 0 0 0 0 0 0 0 0 0 0 0 0 0 0 0 0 0 0 0 0 0 0 0 0 0 0 0 0 0 0 0 0 0 0 0 0 0 0 0 0 0 0 0 0 0 0 0 0 0 0 0 0 0 0 0 0 0 0 0 0 0 0 0 0 0 0 0 0 0 0 0 0 0 0 0 0 0 0 0 0 0 0 0 0 0 0 0 0 0 0 0 0 0 0 0 0 0 0 0 0 0 0 0 0 0 0 0 0 0 0 0 0 0 0 0 0 0 0 0 0 0 0 0 0 0 0 0 0 0 0 0 0 0 0 0 0 0 0 0 0 0 0 0 0 0 0 0 0 0 0 0 0 0 0 0 0 0 0 0 0 0 0 0 0 0 0 0 0 0 0 0 0 0 0 0 0 0 0 0 0 0 0 0 0 0 0 0 0 0 0 0 0 0 0 0 0 0 0 0 0 0